stable_rule_id	axis	status	owner	route_kind	compiler_consumers	local_literal_adapter_candidates	local_dynamic_adapter_templates	route_resolution	interpretation_boundary
aggregate.integer_range_sum_membership	builtin_typed	mapped_not_kernel_checked	Codex	typed_certificate_route	src/stmt_result_to_lean_compiler/compiler/fact_proof_dispatch.rs:218;src/stmt_result_to_lean_compiler/compiler/fact_proof_replay/proof_composition.rs:328;src/stmt_result_to_lean_compiler/compiler/validation/direct_compilation_audit.rs:169	Litex.Same;Litex.Same.ofEq;Litex.Same.refl;Litex.TupleShape.dimension;Litex.abs;Litex.max;Litex.min;Litex.tupleDim		candidate_needs_result_tracer	Function-local co-occurrence is a candidate only; exact Result dispatch and generated Lean must prove the route.
aggregate.integer_range_sum_pointwise_order	builtin_typed	mapped_not_kernel_checked	Codex	typed_certificate_route	src/stmt_result_to_lean_compiler/compiler/fact_proof_dispatch.rs:173;src/stmt_result_to_lean_compiler/compiler/fact_proof_replay/proof_composition.rs:243;src/stmt_result_to_lean_compiler/compiler/validation/direct_compilation_audit.rs:140	Litex.Same;Litex.Same.ofEq;Litex.Same.refl;Litex.TupleShape.dimension;Litex.abs;Litex.max;Litex.min;Litex.tupleDim		candidate_needs_result_tracer	Function-local co-occurrence is a candidate only; exact Result dispatch and generated Lean must prove the route.
aggregate.sum_single	builtin_typed	mapped_not_kernel_checked	Codex	typed_certificate_route	src/stmt_result_to_lean_compiler/compiler/fact_proof_replay/aggregates.rs:31	Litex.Le;Litex.OrderValue;Litex.Rules.integerRangeSumSingle;Litex.Rules.integerRangeSumSingleOwn;Litex.Rules.integerRangeSumSplitLast;Litex.Rules.integerRangeSumSplitLastOwn;Litex.Same.symm		candidate_needs_result_tracer	Function-local co-occurrence is a candidate only; exact Result dispatch and generated Lean must prove the route.
aggregate.sum_split_last	builtin_typed	mapped_not_kernel_checked	Codex	typed_certificate_route	src/stmt_result_to_lean_compiler/compiler/fact_proof_replay/aggregates.rs:77	Litex.Le;Litex.OrderValue;Litex.Rules.integerRangeSumSingle;Litex.Rules.integerRangeSumSingleOwn;Litex.Rules.integerRangeSumSplitLast;Litex.Rules.integerRangeSumSplitLastOwn;Litex.Same.symm		candidate_needs_result_tracer	Function-local co-occurrence is a candidate only; exact Result dispatch and generated Lean must prove the route.
algebra.abs_mul	builtin_typed	mapped_not_kernel_checked	Codex	typed_certificate_route	src/stmt_result_to_lean_compiler/compiler/fact_proof_replay/absolute_value.rs:285;src/stmt_result_to_lean_compiler/compiler/fact_proof_replay/absolute_value.rs:458;src/stmt_result_to_lean_compiler/compiler/fact_proof_replay/native_equality.rs:119;src/stmt_result_to_lean_compiler/compiler/fact_proof_replay/native_equality.rs:122	Litex.Le;Litex.Lt;Litex.OrderValue;Litex.Rules.absMul;Litex.Rules.absPositiveOfNotSame;Litex.Same.symm;Litex.Same.trans;Litex.TupleShape.dimension;Litex.abs;Litex.max;Litex.min;Litex.tupleDim	Litex.Rules.{theorem}	candidate_needs_result_tracer	Function-local co-occurrence is a candidate only; exact Result dispatch and generated Lean must prove the route.
definition.projection	builtin_typed	mapped_not_kernel_checked	Codex	typed_certificate_route	src/stmt_result_to_lean_compiler/compiler/fact_proof_dispatch.rs:106;src/stmt_result_to_lean_compiler/compiler/fact_proof_replay/proof_composition.rs:207;src/stmt_result_to_lean_compiler/compiler/structured_proofs.rs:1240;src/stmt_result_to_lean_compiler/compiler/structured_proofs.rs:1312;src/stmt_result_to_lean_compiler/compiler/validation/direct_compilation_audit.rs:133	Litex.Same;Litex.Same.ofEq;Litex.Same.refl;Litex.TupleShape.dimension;Litex.abs;Litex.max;Litex.min;Litex.tupleDim		candidate_needs_result_tracer	Function-local co-occurrence is a candidate only; exact Result dispatch and generated Lean must prove the route.
equality.complex_algebraic_normalization	builtin_typed	mapped_not_kernel_checked	Codex	typed_certificate_route	src/stmt_result_to_lean_compiler/compiler/fact_compilation/algebraic_normalization.rs:76;src/stmt_result_to_lean_compiler/compiler/fact_proof_dispatch.rs:347;src/stmt_result_to_lean_compiler/compiler/fact_proof_dispatch.rs:499;src/stmt_result_to_lean_compiler/compiler/fact_proof_replay/native_equality.rs:101;src/stmt_result_to_lean_compiler/compiler/fact_proof_replay/proof_composition.rs:449;src/stmt_result_to_lean_compiler/compiler/fact_proof_replay/proof_composition.rs:557;src/stmt_result_to_lean_compiler/compiler/validation/direct_compilation_audit.rs:153	Litex.Same;Litex.Same.ofEq;Litex.Same.refl;Litex.TupleShape.dimension;Litex.abs;Litex.max;Litex.min;Litex.tupleDim		candidate_needs_result_tracer	Function-local co-occurrence is a candidate only; exact Result dispatch and generated Lean must prove the route.
equality.integral_polynomial_normalization	builtin_typed	mapped_not_kernel_checked	Codex	typed_certificate_route	src/stmt_result_to_lean_compiler/compiler/fact_proof_dispatch.rs:338;src/stmt_result_to_lean_compiler/compiler/fact_proof_replay/native_equality.rs:83;src/stmt_result_to_lean_compiler/compiler/fact_proof_replay/proof_composition.rs:440;src/stmt_result_to_lean_compiler/compiler/validation/direct_compilation_audit.rs:159	Litex.Same;Litex.Same.ofEq;Litex.Same.refl;Litex.TupleShape.dimension;Litex.abs;Litex.max;Litex.min;Litex.tupleDim		candidate_needs_result_tracer	Function-local co-occurrence is a candidate only; exact Result dispatch and generated Lean must prove the route.
equality.known_path	builtin_typed	mapped_not_kernel_checked	Codex	typed_certificate_route	src/stmt_result_to_lean_compiler/compiler/fact_proof_dispatch.rs:259;src/stmt_result_to_lean_compiler/compiler/fact_proof_replay/proof_composition.rs:369;src/stmt_result_to_lean_compiler/compiler/validation/direct_compilation_audit.rs:166	Litex.Same;Litex.Same.ofEq;Litex.Same.refl;Litex.TupleShape.dimension;Litex.abs;Litex.max;Litex.min;Litex.tupleDim		candidate_needs_result_tracer	Function-local co-occurrence is a candidate only; exact Result dispatch and generated Lean must prove the route.
equality.object_reflexivity	builtin_typed	mapped_not_kernel_checked	Codex	typed_certificate_route	src/stmt_result_to_lean_compiler/compiler/fact_compilation/object_reflexivity.rs:13;src/stmt_result_to_lean_compiler/compiler/fact_proof_dispatch.rs:415;src/stmt_result_to_lean_compiler/compiler/fact_proof_replay/native_equality.rs:46;src/stmt_result_to_lean_compiler/compiler/fact_proof_replay/proof_composition.rs:517;src/stmt_result_to_lean_compiler/compiler/validation/direct_compilation_audit.rs:150	Litex.Same;Litex.Same.ofEq;Litex.Same.refl;Litex.TupleShape.dimension;Litex.abs;Litex.max;Litex.min;Litex.tupleDim		candidate_needs_result_tracer	Function-local co-occurrence is a candidate only; exact Result dispatch and generated Lean must prove the route.
equality.rational_algebraic_normalization	builtin_typed	mapped_not_kernel_checked	Codex	typed_certificate_route	src/stmt_result_to_lean_compiler/compiler/fact_compilation/algebraic_normalization.rs:110;src/stmt_result_to_lean_compiler/compiler/fact_proof_dispatch.rs:356;src/stmt_result_to_lean_compiler/compiler/fact_proof_replay/native_equality.rs:110;src/stmt_result_to_lean_compiler/compiler/fact_proof_replay/proof_composition.rs:458;src/stmt_result_to_lean_compiler/compiler/validation/direct_compilation_audit.rs:152	Litex.Same;Litex.Same.ofEq;Litex.Same.refl;Litex.TupleShape.dimension;Litex.abs;Litex.max;Litex.min;Litex.tupleDim		candidate_needs_result_tracer	Function-local co-occurrence is a candidate only; exact Result dispatch and generated Lean must prove the route.
equality.rational_normalization	builtin_typed	mapped_not_kernel_checked	Codex	typed_certificate_route	src/stmt_result_to_lean_compiler/compiler/fact_compilation/algebraic_normalization.rs:27;src/stmt_result_to_lean_compiler/compiler/fact_proof_dispatch.rs:445;src/stmt_result_to_lean_compiler/compiler/fact_proof_replay/native_equality.rs:57;src/stmt_result_to_lean_compiler/compiler/fact_proof_replay/proof_composition.rs:536;src/stmt_result_to_lean_compiler/compiler/validation/direct_compilation_audit.rs:151	Litex.Same;Litex.Same.ofEq;Litex.Same.refl;Litex.TupleShape.dimension;Litex.abs;Litex.max;Litex.min;Litex.tupleDim		candidate_needs_result_tracer	Function-local co-occurrence is a candidate only; exact Result dispatch and generated Lean must prove the route.
equality.structural_definition_congruence	builtin_typed	mapped_not_kernel_checked	Codex	typed_certificate_route	src/stmt_result_to_lean_compiler/compiler/fact_proof_dispatch.rs:320;src/stmt_result_to_lean_compiler/compiler/fact_proof_replay/proof_composition.rs:422;src/stmt_result_to_lean_compiler/compiler/validation/direct_compilation_audit.rs:157	Litex.Same;Litex.Same.ofEq;Litex.Same.refl;Litex.TupleShape.dimension;Litex.abs;Litex.max;Litex.min;Litex.tupleDim		candidate_needs_result_tracer	Function-local co-occurrence is a candidate only; exact Result dispatch and generated Lean must prove the route.
equality.structural_known_equality_congruence	builtin_typed	mapped_not_kernel_checked	Codex	typed_certificate_route	src/stmt_result_to_lean_compiler/compiler/fact_proof_dispatch.rs:329;src/stmt_result_to_lean_compiler/compiler/fact_proof_replay/proof_composition.rs:431;src/stmt_result_to_lean_compiler/compiler/validation/direct_compilation_audit.rs:158	Litex.Same;Litex.Same.ofEq;Litex.Same.refl;Litex.TupleShape.dimension;Litex.abs;Litex.max;Litex.min;Litex.tupleDim		candidate_needs_result_tracer	Function-local co-occurrence is a candidate only; exact Result dispatch and generated Lean must prove the route.
function.application_in_range	builtin_typed	mapped_not_kernel_checked	Codex	typed_certificate_route	src/stmt_result_to_lean_compiler/compiler/fact_proof_dispatch.rs:133;src/stmt_result_to_lean_compiler/compiler/fact_proof_replay/proof_composition.rs:261;src/stmt_result_to_lean_compiler/compiler/validation/direct_compilation_audit.rs:136	Litex.Same;Litex.Same.ofEq;Litex.Same.refl;Litex.TupleShape.dimension;Litex.abs;Litex.max;Litex.min;Litex.tupleDim		candidate_needs_result_tracer	Function-local co-occurrence is a candidate only; exact Result dispatch and generated Lean must prove the route.
function.application_return_membership	builtin_typed	mapped_not_kernel_checked	Codex	typed_certificate_route	src/stmt_result_to_lean_compiler/compiler/fact_proof_dispatch.rs:182;src/stmt_result_to_lean_compiler/compiler/fact_proof_replay/proof_composition.rs:252;src/stmt_result_to_lean_compiler/compiler/validation/direct_compilation_audit.rs:165	Litex.Same;Litex.Same.ofEq;Litex.Same.refl;Litex.TupleShape.dimension;Litex.abs;Litex.max;Litex.min;Litex.tupleDim		candidate_needs_result_tracer	Function-local co-occurrence is a candidate only; exact Result dispatch and generated Lean must prove the route.
function.range_subset	builtin_typed	mapped_not_kernel_checked	Codex	typed_certificate_route	src/stmt_result_to_lean_compiler/compiler/fact_proof_dispatch.rs:144;src/stmt_result_to_lean_compiler/compiler/fact_proof_replay/proof_composition.rs:272;src/stmt_result_to_lean_compiler/compiler/validation/direct_compilation_audit.rs:137	Litex.Same;Litex.Same.ofEq;Litex.Same.refl;Litex.TupleShape.dimension;Litex.abs;Litex.max;Litex.min;Litex.tupleDim		candidate_needs_result_tracer	Function-local co-occurrence is a candidate only; exact Result dispatch and generated Lean must prove the route.
function.set_membership	builtin_typed	mapped_not_kernel_checked	Codex	typed_certificate_route	src/stmt_result_to_lean_compiler/compiler/fact_proof_dispatch.rs:124;src/stmt_result_to_lean_compiler/compiler/fact_proof_replay/proof_composition.rs:225;src/stmt_result_to_lean_compiler/compiler/validation/direct_compilation_audit.rs:135	Litex.Same;Litex.Same.ofEq;Litex.Same.refl;Litex.TupleShape.dimension;Litex.abs;Litex.max;Litex.min;Litex.tupleDim		candidate_needs_result_tracer	Function-local co-occurrence is a candidate only; exact Result dispatch and generated Lean must prove the route.
logic.disjunction_introduction	builtin_typed	mapped_not_kernel_checked	Codex	typed_certificate_route	src/stmt_result_to_lean_compiler/compiler/fact_proof_dispatch.rs:93;src/stmt_result_to_lean_compiler/compiler/fact_proof_dispatch.rs:95;src/stmt_result_to_lean_compiler/compiler/fact_proof_replay/proof_composition.rs:194;src/stmt_result_to_lean_compiler/compiler/fact_proof_replay/proof_composition.rs:196;src/stmt_result_to_lean_compiler/compiler/validation/direct_compilation_audit.rs:164	Litex.Same;Litex.Same.ofEq;Litex.Same.refl;Litex.TupleShape.dimension;Litex.abs;Litex.max;Litex.min;Litex.tupleDim		candidate_needs_result_tracer	Function-local co-occurrence is a candidate only; exact Result dispatch and generated Lean must prove the route.
matrix.expression_membership	builtin_typed	abi_decision	user	blocked_target_abi	src/stmt_result_to_lean_compiler/compiler/validation/direct_compilation_audit.rs:119	Litex.Same		abi_decision	Function-local co-occurrence is a candidate only; exact Result dispatch and generated Lean must prove the route.
nonzero.div	builtin_typed	evidence_gap	Codex	blocked_evidence_contract	src/stmt_result_to_lean_compiler/compiler/validation/direct_compilation_audit.rs:122	Litex.Same		evidence_gap	Function-local co-occurrence is a candidate only; exact Result dispatch and generated Lean must prove the route.
nonzero.mul	builtin_typed	evidence_gap	Codex	blocked_evidence_contract	src/stmt_result_to_lean_compiler/compiler/validation/direct_compilation_audit.rs:126	Litex.Same		evidence_gap	Function-local co-occurrence is a candidate only; exact Result dispatch and generated Lean must prove the route.
not_equal.from_strict_order	builtin_typed	evidence_gap	Codex	blocked_evidence_contract	src/stmt_result_to_lean_compiler/compiler/fact_compilation/algebraic_normalization.rs:11;src/stmt_result_to_lean_compiler/compiler/fact_compilation/algebraic_normalization.rs:384;src/stmt_result_to_lean_compiler/compiler/validation/direct_compilation_audit.rs:130	Litex.Lt;Litex.Same;Litex.abs		evidence_gap	Function-local co-occurrence is a candidate only; exact Result dispatch and generated Lean must prove the route.
not_equal.symmetry	builtin_typed	mapped_not_kernel_checked	Codex	typed_certificate_route	src/stmt_result_to_lean_compiler/compiler/fact_proof_dispatch.rs:84;src/stmt_result_to_lean_compiler/compiler/fact_proof_replay/proof_composition.rs:185;src/stmt_result_to_lean_compiler/compiler/validation/direct_compilation_audit.rs:176	Litex.Same;Litex.Same.ofEq;Litex.Same.refl;Litex.TupleShape.dimension;Litex.abs;Litex.max;Litex.min;Litex.tupleDim		candidate_needs_result_tracer	Function-local co-occurrence is a candidate only; exact Result dispatch and generated Lean must prove the route.
number_theory.coprime_natural_reflection	builtin_typed	mapped_not_kernel_checked	Codex	typed_certificate_route	src/stmt_result_to_lean_compiler/compiler/fact_proof_dispatch.rs:583;src/stmt_result_to_lean_compiler/compiler/fact_proof_replay/proof_composition.rs:628;src/stmt_result_to_lean_compiler/compiler/validation/direct_compilation_audit.rs:183	Litex.Same;Litex.Same.ofEq;Litex.Same.refl;Litex.TupleShape.dimension;Litex.abs;Litex.max;Litex.min;Litex.tupleDim		candidate_needs_result_tracer	Function-local co-occurrence is a candidate only; exact Result dispatch and generated Lean must prove the route.
number_theory.prime_u64_reflection	builtin_typed	mapped_not_kernel_checked	Codex	typed_certificate_route	src/stmt_result_to_lean_compiler/compiler/fact_proof_dispatch.rs:577;src/stmt_result_to_lean_compiler/compiler/fact_proof_replay/proof_composition.rs:622;src/stmt_result_to_lean_compiler/compiler/validation/direct_compilation_audit.rs:182	Litex.Same;Litex.Same.ofEq;Litex.Same.refl;Litex.TupleShape.dimension;Litex.abs;Litex.max;Litex.min;Litex.tupleDim		candidate_needs_result_tracer	Function-local co-occurrence is a candidate only; exact Result dispatch and generated Lean must prove the route.
numeric.closed_comparison	builtin_typed	mapped_not_kernel_checked	Codex	typed_certificate_route	src/stmt_result_to_lean_compiler/compiler/fact_compilation/algebraic_normalization.rs:342;src/stmt_result_to_lean_compiler/compiler/fact_proof_dispatch.rs:538;src/stmt_result_to_lean_compiler/compiler/fact_proof_replay/proof_composition.rs:564;src/stmt_result_to_lean_compiler/compiler/theorem_compilation/real_analysis_builtins.rs:353;src/stmt_result_to_lean_compiler/compiler/validation/direct_compilation_audit.rs:144	Litex.In.own;Litex.In.rep;Litex.In.rep_exact;Litex.Lt;Litex.OrderBridge.ltOfComplexReals;Litex.R;Litex.Rules.rationalBetweenReals;Litex.Rules.realArchimedeanNaturalUpperBound;Litex.Rules.realGreatestLowerBoundExists;Litex.Rules.realGreatestLowerBoundLeMember;Litex.Rules.realLeastUpperBoundExists;Litex.Rules.realLeastUpperBoundLeUpperBound;Litex.Rules.realLowerBoundLeGreatestLowerBound;Litex.Rules.realMemberLeLeastUpperBound;Litex.Same;Litex.Same.ofEq;Litex.Same.refl;Litex.TupleShape.dimension;Litex.abs;Litex.max;Litex.min;Litex.tupleDim		candidate_needs_result_tracer	Function-local co-occurrence is a candidate only; exact Result dispatch and generated Lean must prove the route.
numeric.closed_membership	builtin_typed	mapped_not_kernel_checked	Codex	typed_certificate_route	src/stmt_result_to_lean_compiler/compiler/fact_compilation/numeric_membership_inference.rs:17;src/stmt_result_to_lean_compiler/compiler/fact_proof_dispatch.rs:506;src/stmt_result_to_lean_compiler/compiler/fact_proof_replay/proof_composition.rs:588;src/stmt_result_to_lean_compiler/compiler/validation/direct_compilation_audit.rs:142	Litex.Same;Litex.Same.ofEq;Litex.Same.refl;Litex.TupleShape.dimension;Litex.abs;Litex.max;Litex.min;Litex.tupleDim		candidate_needs_result_tracer	Function-local co-occurrence is a candidate only; exact Result dispatch and generated Lean must prove the route.
numeric.closed_nonmembership	builtin_typed	mapped_not_kernel_checked	Codex	typed_certificate_route	src/stmt_result_to_lean_compiler/compiler/fact_proof_dispatch.rs:526;src/stmt_result_to_lean_compiler/compiler/fact_proof_replay/proof_composition.rs:602;src/stmt_result_to_lean_compiler/compiler/validation/direct_compilation_audit.rs:143	Litex.Same;Litex.Same.ofEq;Litex.Same.refl;Litex.TupleShape.dimension;Litex.abs;Litex.max;Litex.min;Litex.tupleDim		candidate_needs_result_tracer	Function-local co-occurrence is a candidate only; exact Result dispatch and generated Lean must prove the route.
numeric.complex.add_membership	builtin_typed	mapped_not_kernel_checked	Codex	typed_certificate_route	src/stmt_result_to_lean_compiler/compiler/builtin_evidence_compilation.rs:657;src/stmt_result_to_lean_compiler/compiler/builtin_evidence_compilation.rs:685	Litex.C;Litex.In	Litex.Rules.{theorem}	candidate_needs_result_tracer	Function-local co-occurrence is a candidate only; exact Result dispatch and generated Lean must prove the route.
numeric.complex.div_membership	builtin_typed	mapped_not_kernel_checked	Codex	typed_certificate_route	src/stmt_result_to_lean_compiler/compiler/builtin_evidence_compilation.rs:672;src/stmt_result_to_lean_compiler/compiler/builtin_evidence_compilation.rs:688	Litex.C;Litex.In	Litex.Rules.{theorem}	candidate_needs_result_tracer	Function-local co-occurrence is a candidate only; exact Result dispatch and generated Lean must prove the route.
numeric.complex.mul_membership	builtin_typed	mapped_not_kernel_checked	Codex	typed_certificate_route	src/stmt_result_to_lean_compiler/compiler/builtin_evidence_compilation.rs:667;src/stmt_result_to_lean_compiler/compiler/builtin_evidence_compilation.rs:687	Litex.C;Litex.In	Litex.Rules.{theorem}	candidate_needs_result_tracer	Function-local co-occurrence is a candidate only; exact Result dispatch and generated Lean must prove the route.
numeric.complex.sub_membership	builtin_typed	mapped_not_kernel_checked	Codex	typed_certificate_route	src/stmt_result_to_lean_compiler/compiler/builtin_evidence_compilation.rs:662;src/stmt_result_to_lean_compiler/compiler/builtin_evidence_compilation.rs:686	Litex.C;Litex.In	Litex.Rules.{theorem}	candidate_needs_result_tracer	Function-local co-occurrence is a candidate only; exact Result dispatch and generated Lean must prove the route.
numeric.constant.e_in_complex	builtin_typed	mapped_not_kernel_checked	Codex	typed_certificate_route	src/stmt_result_to_lean_compiler/compiler/builtin_evidence_compilation.rs:482	Litex.Rules.eInR;Litex.Rules.piInR	Litex.Rules.{theorem}	candidate_needs_result_tracer	Function-local co-occurrence is a candidate only; exact Result dispatch and generated Lean must prove the route.
numeric.constant.e_in_positive_real	builtin_typed	mapped_not_kernel_checked	Codex	typed_certificate_route	src/stmt_result_to_lean_compiler/compiler/builtin_evidence_compilation.rs:472	Litex.Rules.eInR;Litex.Rules.piInR	Litex.Rules.{theorem}	candidate_needs_result_tracer	Function-local co-occurrence is a candidate only; exact Result dispatch and generated Lean must prove the route.
numeric.constant.e_in_real	builtin_typed	mapped_not_kernel_checked	Codex	typed_certificate_route	src/stmt_result_to_lean_compiler/compiler/builtin_evidence_compilation.rs:462	Litex.Rules.eInR;Litex.Rules.piInR	Litex.Rules.{theorem}	candidate_needs_result_tracer	Function-local co-occurrence is a candidate only; exact Result dispatch and generated Lean must prove the route.
numeric.constant.i_in_complex	builtin_typed	mapped_not_kernel_checked	Codex	typed_certificate_route	src/stmt_result_to_lean_compiler/compiler/builtin_evidence_compilation.rs:457	Litex.Rules.eInR;Litex.Rules.piInR	Litex.Rules.{theorem}	candidate_needs_result_tracer	Function-local co-occurrence is a candidate only; exact Result dispatch and generated Lean must prove the route.
numeric.constant.pi_in_complex	builtin_typed	mapped_not_kernel_checked	Codex	typed_certificate_route	src/stmt_result_to_lean_compiler/compiler/builtin_evidence_compilation.rs:487	Litex.Rules.eInR;Litex.Rules.piInR	Litex.Rules.{theorem}	candidate_needs_result_tracer	Function-local co-occurrence is a candidate only; exact Result dispatch and generated Lean must prove the route.
numeric.constant.pi_in_positive_real	builtin_typed	mapped_not_kernel_checked	Codex	typed_certificate_route	src/stmt_result_to_lean_compiler/compiler/builtin_evidence_compilation.rs:477	Litex.Rules.eInR;Litex.Rules.piInR	Litex.Rules.{theorem}	candidate_needs_result_tracer	Function-local co-occurrence is a candidate only; exact Result dispatch and generated Lean must prove the route.
numeric.constant.pi_in_real	builtin_typed	mapped_not_kernel_checked	Codex	typed_certificate_route	src/stmt_result_to_lean_compiler/compiler/builtin_evidence_compilation.rs:467	Litex.Rules.eInR;Litex.Rules.piInR	Litex.Rules.{theorem}	candidate_needs_result_tracer	Function-local co-occurrence is a candidate only; exact Result dispatch and generated Lean must prove the route.
numeric.integer.add_membership	builtin_typed	mapped_not_kernel_checked	Codex	typed_certificate_route	src/stmt_result_to_lean_compiler/compiler/builtin_evidence_compilation.rs:732			callee_trace_required	Function-local co-occurrence is a candidate only; exact Result dispatch and generated Lean must prove the route.
numeric.integer.mod_membership	builtin_typed	mapped_not_kernel_checked	Codex	typed_certificate_route	src/stmt_result_to_lean_compiler/compiler/builtin_evidence_compilation.rs:741			callee_trace_required	Function-local co-occurrence is a candidate only; exact Result dispatch and generated Lean must prove the route.
numeric.integer.mul_membership	builtin_typed	mapped_not_kernel_checked	Codex	typed_certificate_route	src/stmt_result_to_lean_compiler/compiler/builtin_evidence_compilation.rs:738			callee_trace_required	Function-local co-occurrence is a candidate only; exact Result dispatch and generated Lean must prove the route.
numeric.integer.pow_nat_membership	builtin_typed	mapped_not_kernel_checked	Codex	typed_certificate_route	src/stmt_result_to_lean_compiler/compiler/builtin_evidence_compilation.rs:745			callee_trace_required	Function-local co-occurrence is a candidate only; exact Result dispatch and generated Lean must prove the route.
numeric.integer.sub_membership	builtin_typed	mapped_not_kernel_checked	Codex	typed_certificate_route	src/stmt_result_to_lean_compiler/compiler/builtin_evidence_compilation.rs:735			callee_trace_required	Function-local co-occurrence is a candidate only; exact Result dispatch and generated Lean must prove the route.
numeric.natural.add_membership	builtin_typed	mapped_not_kernel_checked	Codex	typed_certificate_route	src/stmt_result_to_lean_compiler/compiler/builtin_evidence_compilation.rs:986		Litex.Rules.{theorem}	candidate_needs_result_tracer	Function-local co-occurrence is a candidate only; exact Result dispatch and generated Lean must prove the route.
numeric.natural.mul_membership	builtin_typed	mapped_not_kernel_checked	Codex	typed_certificate_route	src/stmt_result_to_lean_compiler/compiler/builtin_evidence_compilation.rs:991		Litex.Rules.{theorem}	candidate_needs_result_tracer	Function-local co-occurrence is a candidate only; exact Result dispatch and generated Lean must prove the route.
numeric.positive_natural.add_both_positive_membership	builtin_typed	mapped_not_kernel_checked	Codex	typed_certificate_route	src/stmt_result_to_lean_compiler/compiler/builtin_evidence_compilation.rs:1051		Litex.Rules.{theorem}	candidate_needs_result_tracer	Function-local co-occurrence is a candidate only; exact Result dispatch and generated Lean must prove the route.
numeric.positive_natural.add_left_positive_membership	builtin_typed	mapped_not_kernel_checked	Codex	typed_certificate_route	src/stmt_result_to_lean_compiler/compiler/builtin_evidence_compilation.rs:1059		Litex.Rules.{theorem}	candidate_needs_result_tracer	Function-local co-occurrence is a candidate only; exact Result dispatch and generated Lean must prove the route.
numeric.positive_natural.add_right_positive_membership	builtin_typed	mapped_not_kernel_checked	Codex	typed_certificate_route	src/stmt_result_to_lean_compiler/compiler/builtin_evidence_compilation.rs:1068		Litex.Rules.{theorem}	candidate_needs_result_tracer	Function-local co-occurrence is a candidate only; exact Result dispatch and generated Lean must prove the route.
numeric.positive_natural.mul_membership	builtin_typed	mapped_not_kernel_checked	Codex	typed_certificate_route	src/stmt_result_to_lean_compiler/compiler/builtin_evidence_compilation.rs:1076		Litex.Rules.{theorem}	candidate_needs_result_tracer	Function-local co-occurrence is a candidate only; exact Result dispatch and generated Lean must prove the route.
numeric.rational.add_membership	builtin_typed	mapped_not_kernel_checked	Codex	typed_certificate_route	src/stmt_result_to_lean_compiler/compiler/builtin_evidence_compilation.rs:1143			callee_trace_required	Function-local co-occurrence is a candidate only; exact Result dispatch and generated Lean must prove the route.
numeric.rational.div_membership	builtin_typed	mapped_not_kernel_checked	Codex	typed_certificate_route	src/stmt_result_to_lean_compiler/compiler/builtin_evidence_compilation.rs:1152			callee_trace_required	Function-local co-occurrence is a candidate only; exact Result dispatch and generated Lean must prove the route.
numeric.rational.mul_membership	builtin_typed	mapped_not_kernel_checked	Codex	typed_certificate_route	src/stmt_result_to_lean_compiler/compiler/builtin_evidence_compilation.rs:1149			callee_trace_required	Function-local co-occurrence is a candidate only; exact Result dispatch and generated Lean must prove the route.
numeric.rational.pow_membership	builtin_typed	mapped_not_kernel_checked	Codex	typed_certificate_route	src/stmt_result_to_lean_compiler/compiler/builtin_evidence_compilation.rs:1155			callee_trace_required	Function-local co-occurrence is a candidate only; exact Result dispatch and generated Lean must prove the route.
numeric.rational.sub_membership	builtin_typed	mapped_not_kernel_checked	Codex	typed_certificate_route	src/stmt_result_to_lean_compiler/compiler/builtin_evidence_compilation.rs:1146			callee_trace_required	Function-local co-occurrence is a candidate only; exact Result dispatch and generated Lean must prove the route.
numeric.real.abs_membership	builtin_typed	mapped_not_kernel_checked	Codex	typed_certificate_route	src/stmt_result_to_lean_compiler/compiler/fact_proof_replay/real_membership_closure.rs:19;src/stmt_result_to_lean_compiler/compiler/fact_proof_replay/real_membership_closure.rs:54	Litex.Rules.complexAbsInR	Litex.Rules.{theorem}	candidate_needs_result_tracer	Function-local co-occurrence is a candidate only; exact Result dispatch and generated Lean must prove the route.
numeric.real.add_membership	builtin_typed	mapped_not_kernel_checked	Codex	typed_certificate_route	src/stmt_result_to_lean_compiler/compiler/fact_proof_replay/real_membership_closure.rs:33	Litex.Rules.complexAbsInR	Litex.Rules.{theorem}	candidate_needs_result_tracer	Function-local co-occurrence is a candidate only; exact Result dispatch and generated Lean must prove the route.
numeric.real.div_membership	builtin_typed	mapped_not_kernel_checked	Codex	typed_certificate_route	src/stmt_result_to_lean_compiler/compiler/fact_proof_replay/real_membership_closure.rs:48	Litex.Rules.complexAbsInR	Litex.Rules.{theorem}	candidate_needs_result_tracer	Function-local co-occurrence is a candidate only; exact Result dispatch and generated Lean must prove the route.
numeric.real.mul_membership	builtin_typed	mapped_not_kernel_checked	Codex	typed_certificate_route	src/stmt_result_to_lean_compiler/compiler/fact_proof_replay/real_membership_closure.rs:43	Litex.Rules.complexAbsInR	Litex.Rules.{theorem}	candidate_needs_result_tracer	Function-local co-occurrence is a candidate only; exact Result dispatch and generated Lean must prove the route.
numeric.real.pow_membership	builtin_typed	mapped_not_kernel_checked	Codex	typed_certificate_route	src/stmt_result_to_lean_compiler/compiler/fact_proof_replay/real_membership_closure.rs:53	Litex.Rules.complexAbsInR	Litex.Rules.{theorem}	candidate_needs_result_tracer	Function-local co-occurrence is a candidate only; exact Result dispatch and generated Lean must prove the route.
numeric.real.sub_membership	builtin_typed	mapped_not_kernel_checked	Codex	typed_certificate_route	src/stmt_result_to_lean_compiler/compiler/fact_proof_replay/real_membership_closure.rs:38	Litex.Rules.complexAbsInR	Litex.Rules.{theorem}	candidate_needs_result_tracer	Function-local co-occurrence is a candidate only; exact Result dispatch and generated Lean must prove the route.
numeric.refined_membership	builtin_typed	mapped_not_kernel_checked	Codex	typed_certificate_route	src/stmt_result_to_lean_compiler/compiler/fact_proof_dispatch.rs:73;src/stmt_result_to_lean_compiler/compiler/fact_proof_replay/proof_composition.rs:174;src/stmt_result_to_lean_compiler/compiler/validation/direct_compilation_audit.rs:141	Litex.Same;Litex.Same.ofEq;Litex.Same.refl;Litex.TupleShape.dimension;Litex.abs;Litex.max;Litex.min;Litex.tupleDim		candidate_needs_result_tracer	Function-local co-occurrence is a candidate only; exact Result dispatch and generated Lean must prove the route.
numeric.standard_set_membership_projection	builtin_typed	mapped_not_kernel_checked	Codex	typed_certificate_route	src/stmt_result_to_lean_compiler/compiler/fact_proof_dispatch.rs:279;src/stmt_result_to_lean_compiler/compiler/fact_proof_replay/proof_composition.rs:301;src/stmt_result_to_lean_compiler/compiler/validation/direct_compilation_audit.rs:184	Litex.Same;Litex.Same.ofEq;Litex.Same.refl;Litex.TupleShape.dimension;Litex.abs;Litex.max;Litex.min;Litex.tupleDim		candidate_needs_result_tracer	Function-local co-occurrence is a candidate only; exact Result dispatch and generated Lean must prove the route.
numeric.standard_set_subset	builtin_typed	mapped_not_kernel_checked	Codex	typed_certificate_route	src/stmt_result_to_lean_compiler/compiler/fact_proof_dispatch.rs:574;src/stmt_result_to_lean_compiler/compiler/fact_proof_replay/proof_composition.rs:619;src/stmt_result_to_lean_compiler/compiler/validation/direct_compilation_audit.rs:185	Litex.Same;Litex.Same.ofEq;Litex.Same.refl;Litex.TupleShape.dimension;Litex.abs;Litex.max;Litex.min;Litex.tupleDim		candidate_needs_result_tracer	Function-local co-occurrence is a candidate only; exact Result dispatch and generated Lean must prove the route.
order.abs_add_le	builtin_typed	mapped_not_kernel_checked	Codex	typed_certificate_route	src/stmt_result_to_lean_compiler/compiler/fact_proof_replay/absolute_value.rs:116;src/stmt_result_to_lean_compiler/compiler/fact_proof_replay/absolute_value.rs:200;src/stmt_result_to_lean_compiler/compiler/fact_proof_replay/absolute_value.rs:205;src/stmt_result_to_lean_compiler/compiler/fact_proof_replay/absolute_value.rs:225;src/stmt_result_to_lean_compiler/compiler/fact_proof_replay/absolute_value.rs:463	Litex.Le;Litex.Lt;Litex.OrderValue;Litex.Rules.absMul;Litex.Rules.absPositiveOfNotSame;Litex.Rules.realCastAbsLeOfUpperAndLower;Litex.Rules.realCastAbsLeOfUpperAndNegUpper;Litex.Rules.realCastAbsLtOfUpperAndLower;Litex.Rules.realCastAbsLtOfUpperAndNegUpper;Litex.Same.symm;Litex.Same.trans;Litex.fnApply;Litex.fnApplyOwn	Litex.Rules.{theorem}	candidate_needs_result_tracer	Function-local co-occurrence is a candidate only; exact Result dispatch and generated Lean must prove the route.
order.abs_eq_neg_of_nonpositive	builtin_typed	mapped_not_kernel_checked	Codex	typed_certificate_route	src/stmt_result_to_lean_compiler/compiler/fact_proof_replay/absolute_value.rs:305;src/stmt_result_to_lean_compiler/compiler/fact_proof_replay/absolute_value.rs:328;src/stmt_result_to_lean_compiler/compiler/fact_proof_replay/absolute_value.rs:363;src/stmt_result_to_lean_compiler/compiler/fact_proof_replay/absolute_value.rs:388	Litex.Le;Litex.Lt;Litex.OrderValue;Litex.Rules.absMul;Litex.Rules.absPositiveOfNotSame;Litex.Same.symm;Litex.Same.trans	Litex.Rules.{theorem}	candidate_needs_result_tracer	Function-local co-occurrence is a candidate only; exact Result dispatch and generated Lean must prove the route.
order.abs_eq_self_of_nonnegative	builtin_typed	mapped_not_kernel_checked	Codex	typed_certificate_route	src/stmt_result_to_lean_compiler/compiler/fact_proof_replay/absolute_value.rs:304;src/stmt_result_to_lean_compiler/compiler/fact_proof_replay/absolute_value.rs:322;src/stmt_result_to_lean_compiler/compiler/fact_proof_replay/absolute_value.rs:359;src/stmt_result_to_lean_compiler/compiler/fact_proof_replay/absolute_value.rs:387;src/stmt_result_to_lean_compiler/compiler/fact_proof_replay/absolute_value.rs:392	Litex.Le;Litex.Lt;Litex.OrderValue;Litex.Rules.absMul;Litex.Rules.absPositiveOfNotSame;Litex.Same.symm;Litex.Same.trans	Litex.Rules.{theorem}	candidate_needs_result_tracer	Function-local co-occurrence is a candidate only; exact Result dispatch and generated Lean must prove the route.
order.abs_nonnegative	builtin_typed	mapped_not_kernel_checked	Codex	typed_certificate_route	src/stmt_result_to_lean_compiler/compiler/fact_proof_replay/absolute_value.rs:112;src/stmt_result_to_lean_compiler/compiler/fact_proof_replay/absolute_value.rs:160;src/stmt_result_to_lean_compiler/compiler/fact_proof_replay/absolute_value.rs:459	Litex.Le;Litex.Lt;Litex.OrderValue;Litex.Rules.absMul;Litex.Rules.absPositiveOfNotSame;Litex.Rules.realCastAbsLeOfUpperAndLower;Litex.Rules.realCastAbsLeOfUpperAndNegUpper;Litex.Rules.realCastAbsLtOfUpperAndLower;Litex.Rules.realCastAbsLtOfUpperAndNegUpper;Litex.Same.symm;Litex.Same.trans;Litex.fnApply;Litex.fnApplyOwn	Litex.Rules.{theorem}	candidate_needs_result_tracer	Function-local co-occurrence is a candidate only; exact Result dispatch and generated Lean must prove the route.
order.abs_positive_of_nonzero	builtin_typed	mapped_not_kernel_checked	Codex	typed_certificate_route	src/stmt_result_to_lean_compiler/compiler/fact_proof_replay/absolute_value.rs:412	Litex.Le;Litex.Lt;Litex.OrderValue;Litex.Rules.absMul;Litex.Rules.absPositiveOfNotSame;Litex.Same.symm;Litex.Same.trans	Litex.Rules.{theorem}	candidate_needs_result_tracer	Function-local co-occurrence is a candidate only; exact Result dispatch and generated Lean must prove the route.
order.abs_sub_abs_le_abs_add	builtin_typed	mapped_not_kernel_checked	Codex	typed_certificate_route	src/stmt_result_to_lean_compiler/compiler/fact_proof_replay/absolute_value.rs:118;src/stmt_result_to_lean_compiler/compiler/fact_proof_replay/absolute_value.rs:232;src/stmt_result_to_lean_compiler/compiler/fact_proof_replay/absolute_value.rs:247;src/stmt_result_to_lean_compiler/compiler/fact_proof_replay/absolute_value.rs:266;src/stmt_result_to_lean_compiler/compiler/fact_proof_replay/absolute_value.rs:465	Litex.Le;Litex.Lt;Litex.OrderValue;Litex.Rules.absMul;Litex.Rules.absPositiveOfNotSame;Litex.Rules.realCastAbsLeOfUpperAndLower;Litex.Rules.realCastAbsLeOfUpperAndNegUpper;Litex.Rules.realCastAbsLtOfUpperAndLower;Litex.Rules.realCastAbsLtOfUpperAndNegUpper;Litex.Same.symm;Litex.Same.trans;Litex.fnApply;Litex.fnApplyOwn	Litex.Rules.{theorem}	candidate_needs_result_tracer	Function-local co-occurrence is a candidate only; exact Result dispatch and generated Lean must prove the route.
order.abs_sub_abs_le_abs_sub	builtin_typed	mapped_not_kernel_checked	Codex	typed_certificate_route	src/stmt_result_to_lean_compiler/compiler/fact_proof_replay/absolute_value.rs:119;src/stmt_result_to_lean_compiler/compiler/fact_proof_replay/absolute_value.rs:233;src/stmt_result_to_lean_compiler/compiler/fact_proof_replay/absolute_value.rs:254;src/stmt_result_to_lean_compiler/compiler/fact_proof_replay/absolute_value.rs:466	Litex.Le;Litex.Lt;Litex.OrderValue;Litex.Rules.absMul;Litex.Rules.absPositiveOfNotSame;Litex.Rules.realCastAbsLeOfUpperAndLower;Litex.Rules.realCastAbsLeOfUpperAndNegUpper;Litex.Rules.realCastAbsLtOfUpperAndLower;Litex.Rules.realCastAbsLtOfUpperAndNegUpper;Litex.Same.symm;Litex.Same.trans;Litex.fnApply;Litex.fnApplyOwn	Litex.Rules.{theorem}	candidate_needs_result_tracer	Function-local co-occurrence is a candidate only; exact Result dispatch and generated Lean must prove the route.
order.abs_sub_le_sum	builtin_typed	mapped_not_kernel_checked	Codex	typed_certificate_route	src/stmt_result_to_lean_compiler/compiler/fact_proof_replay/absolute_value.rs:117;src/stmt_result_to_lean_compiler/compiler/fact_proof_replay/absolute_value.rs:200;src/stmt_result_to_lean_compiler/compiler/fact_proof_replay/absolute_value.rs:208;src/stmt_result_to_lean_compiler/compiler/fact_proof_replay/absolute_value.rs:464	Litex.Le;Litex.Lt;Litex.OrderValue;Litex.Rules.absMul;Litex.Rules.absPositiveOfNotSame;Litex.Rules.realCastAbsLeOfUpperAndLower;Litex.Rules.realCastAbsLeOfUpperAndNegUpper;Litex.Rules.realCastAbsLtOfUpperAndLower;Litex.Rules.realCastAbsLtOfUpperAndNegUpper;Litex.Same.symm;Litex.Same.trans;Litex.fnApply;Litex.fnApplyOwn	Litex.Rules.{theorem}	candidate_needs_result_tracer	Function-local co-occurrence is a candidate only; exact Result dispatch and generated Lean must prove the route.
order.abs_upper_bound	builtin_typed	mapped_not_kernel_checked	Codex	typed_certificate_route	src/stmt_result_to_lean_compiler/compiler/fact_proof_replay/absolute_value.rs:16;src/stmt_result_to_lean_compiler/compiler/fact_proof_replay/absolute_value.rs:455	Litex.Le;Litex.Lt;Litex.OrderValue;Litex.Rules.absMul;Litex.Rules.absPositiveOfNotSame;Litex.Rules.realCastAbsLeOfUpperAndLower;Litex.Rules.realCastAbsLeOfUpperAndNegUpper;Litex.Rules.realCastAbsLtOfUpperAndLower;Litex.Rules.realCastAbsLtOfUpperAndNegUpper;Litex.Same.symm;Litex.Same.trans;Litex.fnApply;Litex.fnApplyOwn	Litex.Rules.{theorem}	candidate_needs_result_tracer	Function-local co-occurrence is a candidate only; exact Result dispatch and generated Lean must prove the route.
order.add_le_add	builtin_typed	mapped_not_kernel_checked	Codex	typed_certificate_route	src/stmt_result_to_lean_compiler/compiler/builtin_evidence_compilation.rs:1358;src/stmt_result_to_lean_compiler/compiler/builtin_evidence_compilation.rs:1750;src/stmt_result_to_lean_compiler/compiler/builtin_evidence_compilation.rs:2213	Litex.Le;Litex.Lt;Litex.Lt.toLe;Litex.Nonnegative;Litex.OrderBridge.leOfReal;Litex.OrderValue;Litex.Rules.complexLtAddOfSubLt;Litex.Rules.complexNegativeOneMulReversesLess;Litex.Rules.complexNegativeOneMulReversesLessEqual;Litex.Rules.complexSubLeOfLeAdd;Litex.Rules.complexSubLeSwap;Litex.Rules.complexSubLtSwap;Litex.Rules.complexSubPreservesLessEqualComponentwise;Litex.Rules.complexSubPreservesLessOfLessEqualAndLess;Litex.Rules.realCastDivLtSelfOfPositiveOfOneLt;Litex.Rules.realCastLeAddOfNonnegativeRight;Litex.Rules.realCastSubLeOfLeOfNonnegative;Litex.abs;Litex.fnApply;Litex.fnApplyOwn	Litex.Rules.{theorem}	candidate_needs_result_tracer	Function-local co-occurrence is a candidate only; exact Result dispatch and generated Lean must prove the route.
order.add_le_add_left	builtin_typed	mapped_not_kernel_checked	Codex	typed_certificate_route	src/stmt_result_to_lean_compiler/compiler/builtin_evidence_compilation.rs:1344;src/stmt_result_to_lean_compiler/compiler/builtin_evidence_compilation.rs:1748;src/stmt_result_to_lean_compiler/compiler/builtin_evidence_compilation.rs:2207	Litex.Le;Litex.Lt;Litex.Lt.toLe;Litex.Nonnegative;Litex.OrderBridge.leOfReal;Litex.OrderValue;Litex.Rules.complexLtAddOfSubLt;Litex.Rules.complexNegativeOneMulReversesLess;Litex.Rules.complexNegativeOneMulReversesLessEqual;Litex.Rules.complexSubLeOfLeAdd;Litex.Rules.complexSubLeSwap;Litex.Rules.complexSubLtSwap;Litex.Rules.complexSubPreservesLessEqualComponentwise;Litex.Rules.complexSubPreservesLessOfLessEqualAndLess;Litex.Rules.realCastDivLtSelfOfPositiveOfOneLt;Litex.Rules.realCastLeAddOfNonnegativeRight;Litex.Rules.realCastSubLeOfLeOfNonnegative;Litex.abs;Litex.fnApply;Litex.fnApplyOwn	Litex.Rules.{theorem}	candidate_needs_result_tracer	Function-local co-occurrence is a candidate only; exact Result dispatch and generated Lean must prove the route.
order.add_lt_add	builtin_typed	mapped_not_kernel_checked	Codex	typed_certificate_route	src/stmt_result_to_lean_compiler/compiler/builtin_evidence_compilation.rs:1360;src/stmt_result_to_lean_compiler/compiler/builtin_evidence_compilation.rs:1751;src/stmt_result_to_lean_compiler/compiler/builtin_evidence_compilation.rs:2217	Litex.Le;Litex.Lt;Litex.Lt.toLe;Litex.Nonnegative;Litex.OrderBridge.leOfReal;Litex.OrderValue;Litex.Rules.complexLtAddOfSubLt;Litex.Rules.complexNegativeOneMulReversesLess;Litex.Rules.complexNegativeOneMulReversesLessEqual;Litex.Rules.complexSubLeOfLeAdd;Litex.Rules.complexSubLeSwap;Litex.Rules.complexSubLtSwap;Litex.Rules.complexSubPreservesLessEqualComponentwise;Litex.Rules.complexSubPreservesLessOfLessEqualAndLess;Litex.Rules.realCastDivLtSelfOfPositiveOfOneLt;Litex.Rules.realCastLeAddOfNonnegativeRight;Litex.Rules.realCastSubLeOfLeOfNonnegative;Litex.abs;Litex.fnApply;Litex.fnApplyOwn	Litex.Rules.{theorem}	candidate_needs_result_tracer	Function-local co-occurrence is a candidate only; exact Result dispatch and generated Lean must prove the route.
order.add_lt_add_left	builtin_typed	mapped_not_kernel_checked	Codex	typed_certificate_route	src/stmt_result_to_lean_compiler/compiler/builtin_evidence_compilation.rs:1345;src/stmt_result_to_lean_compiler/compiler/builtin_evidence_compilation.rs:1749;src/stmt_result_to_lean_compiler/compiler/builtin_evidence_compilation.rs:2210	Litex.Le;Litex.Lt;Litex.Lt.toLe;Litex.Nonnegative;Litex.OrderBridge.leOfReal;Litex.OrderValue;Litex.Rules.complexLtAddOfSubLt;Litex.Rules.complexNegativeOneMulReversesLess;Litex.Rules.complexNegativeOneMulReversesLessEqual;Litex.Rules.complexSubLeOfLeAdd;Litex.Rules.complexSubLeSwap;Litex.Rules.complexSubLtSwap;Litex.Rules.complexSubPreservesLessEqualComponentwise;Litex.Rules.complexSubPreservesLessOfLessEqualAndLess;Litex.Rules.realCastDivLtSelfOfPositiveOfOneLt;Litex.Rules.realCastLeAddOfNonnegativeRight;Litex.Rules.realCastSubLeOfLeOfNonnegative;Litex.abs;Litex.fnApply;Litex.fnApplyOwn	Litex.Rules.{theorem}	candidate_needs_result_tracer	Function-local co-occurrence is a candidate only; exact Result dispatch and generated Lean must prove the route.
order.add_lt_add_of_le_of_lt	builtin_typed	mapped_not_kernel_checked	Codex	typed_certificate_route	src/stmt_result_to_lean_compiler/compiler/builtin_evidence_compilation.rs:1362;src/stmt_result_to_lean_compiler/compiler/builtin_evidence_compilation.rs:1753;src/stmt_result_to_lean_compiler/compiler/builtin_evidence_compilation.rs:2224	Litex.Le;Litex.Lt;Litex.Lt.toLe;Litex.Nonnegative;Litex.OrderBridge.leOfReal;Litex.OrderValue;Litex.Rules.complexLtAddOfSubLt;Litex.Rules.complexNegativeOneMulReversesLess;Litex.Rules.complexNegativeOneMulReversesLessEqual;Litex.Rules.complexSubLeOfLeAdd;Litex.Rules.complexSubLeSwap;Litex.Rules.complexSubLtSwap;Litex.Rules.complexSubPreservesLessEqualComponentwise;Litex.Rules.complexSubPreservesLessOfLessEqualAndLess;Litex.Rules.realCastDivLtSelfOfPositiveOfOneLt;Litex.Rules.realCastLeAddOfNonnegativeRight;Litex.Rules.realCastSubLeOfLeOfNonnegative;Litex.abs;Litex.fnApply;Litex.fnApplyOwn	Litex.Rules.{theorem}	candidate_needs_result_tracer	Function-local co-occurrence is a candidate only; exact Result dispatch and generated Lean must prove the route.
order.add_lt_add_of_lt_of_le	builtin_typed	mapped_not_kernel_checked	Codex	typed_certificate_route	src/stmt_result_to_lean_compiler/compiler/builtin_evidence_compilation.rs:1361;src/stmt_result_to_lean_compiler/compiler/builtin_evidence_compilation.rs:1752;src/stmt_result_to_lean_compiler/compiler/builtin_evidence_compilation.rs:2220	Litex.Le;Litex.Lt;Litex.Lt.toLe;Litex.Nonnegative;Litex.OrderBridge.leOfReal;Litex.OrderValue;Litex.Rules.complexLtAddOfSubLt;Litex.Rules.complexNegativeOneMulReversesLess;Litex.Rules.complexNegativeOneMulReversesLessEqual;Litex.Rules.complexSubLeOfLeAdd;Litex.Rules.complexSubLeSwap;Litex.Rules.complexSubLtSwap;Litex.Rules.complexSubPreservesLessEqualComponentwise;Litex.Rules.complexSubPreservesLessOfLessEqualAndLess;Litex.Rules.realCastDivLtSelfOfPositiveOfOneLt;Litex.Rules.realCastLeAddOfNonnegativeRight;Litex.Rules.realCastSubLeOfLeOfNonnegative;Litex.abs;Litex.fnApply;Litex.fnApplyOwn	Litex.Rules.{theorem}	candidate_needs_result_tracer	Function-local co-occurrence is a candidate only; exact Result dispatch and generated Lean must prove the route.
order.add_nonnegative	builtin_typed	mapped_not_kernel_checked	Codex	typed_certificate_route	src/stmt_result_to_lean_compiler/compiler/builtin_evidence_compilation.rs:1314	Litex.Le;Litex.Lt;Litex.Lt.toLe;Litex.Nonnegative;Litex.OrderBridge.leOfReal;Litex.OrderValue;Litex.Rules.complexLtAddOfSubLt;Litex.Rules.complexNegativeOneMulReversesLess;Litex.Rules.complexNegativeOneMulReversesLessEqual;Litex.Rules.complexSubLeOfLeAdd;Litex.Rules.complexSubLeSwap;Litex.Rules.complexSubLtSwap;Litex.Rules.complexSubPreservesLessEqualComponentwise;Litex.Rules.complexSubPreservesLessOfLessEqualAndLess;Litex.Rules.realCastDivLtSelfOfPositiveOfOneLt;Litex.Rules.realCastLeAddOfNonnegativeRight;Litex.Rules.realCastSubLeOfLeOfNonnegative;Litex.abs;Litex.fnApply;Litex.fnApplyOwn	Litex.Rules.{theorem}	candidate_needs_result_tracer	Function-local co-occurrence is a candidate only; exact Result dispatch and generated Lean must prove the route.
order.add_positive	builtin_typed	mapped_not_kernel_checked	Codex	typed_certificate_route	src/stmt_result_to_lean_compiler/compiler/builtin_evidence_compilation.rs:1317	Litex.Le;Litex.Lt;Litex.Lt.toLe;Litex.Nonnegative;Litex.OrderBridge.leOfReal;Litex.OrderValue;Litex.Rules.complexLtAddOfSubLt;Litex.Rules.complexNegativeOneMulReversesLess;Litex.Rules.complexNegativeOneMulReversesLessEqual;Litex.Rules.complexSubLeOfLeAdd;Litex.Rules.complexSubLeSwap;Litex.Rules.complexSubLtSwap;Litex.Rules.complexSubPreservesLessEqualComponentwise;Litex.Rules.complexSubPreservesLessOfLessEqualAndLess;Litex.Rules.realCastDivLtSelfOfPositiveOfOneLt;Litex.Rules.realCastLeAddOfNonnegativeRight;Litex.Rules.realCastSubLeOfLeOfNonnegative;Litex.abs;Litex.fnApply;Litex.fnApplyOwn	Litex.Rules.{theorem}	candidate_needs_result_tracer	Function-local co-occurrence is a candidate only; exact Result dispatch and generated Lean must prove the route.
order.add_positive_of_nonnegative_positive	builtin_typed	mapped_not_kernel_checked	Codex	typed_certificate_route	src/stmt_result_to_lean_compiler/compiler/builtin_evidence_compilation.rs:1323	Litex.Le;Litex.Lt;Litex.Lt.toLe;Litex.Nonnegative;Litex.OrderBridge.leOfReal;Litex.OrderValue;Litex.Rules.complexLtAddOfSubLt;Litex.Rules.complexNegativeOneMulReversesLess;Litex.Rules.complexNegativeOneMulReversesLessEqual;Litex.Rules.complexSubLeOfLeAdd;Litex.Rules.complexSubLeSwap;Litex.Rules.complexSubLtSwap;Litex.Rules.complexSubPreservesLessEqualComponentwise;Litex.Rules.complexSubPreservesLessOfLessEqualAndLess;Litex.Rules.realCastDivLtSelfOfPositiveOfOneLt;Litex.Rules.realCastLeAddOfNonnegativeRight;Litex.Rules.realCastSubLeOfLeOfNonnegative;Litex.abs;Litex.fnApply;Litex.fnApplyOwn	Litex.Rules.{theorem}	candidate_needs_result_tracer	Function-local co-occurrence is a candidate only; exact Result dispatch and generated Lean must prove the route.
order.add_positive_of_positive_nonnegative	builtin_typed	mapped_not_kernel_checked	Codex	typed_certificate_route	src/stmt_result_to_lean_compiler/compiler/builtin_evidence_compilation.rs:1320	Litex.Le;Litex.Lt;Litex.Lt.toLe;Litex.Nonnegative;Litex.OrderBridge.leOfReal;Litex.OrderValue;Litex.Rules.complexLtAddOfSubLt;Litex.Rules.complexNegativeOneMulReversesLess;Litex.Rules.complexNegativeOneMulReversesLessEqual;Litex.Rules.complexSubLeOfLeAdd;Litex.Rules.complexSubLeSwap;Litex.Rules.complexSubLtSwap;Litex.Rules.complexSubPreservesLessEqualComponentwise;Litex.Rules.complexSubPreservesLessOfLessEqualAndLess;Litex.Rules.realCastDivLtSelfOfPositiveOfOneLt;Litex.Rules.realCastLeAddOfNonnegativeRight;Litex.Rules.realCastSubLeOfLeOfNonnegative;Litex.abs;Litex.fnApply;Litex.fnApplyOwn	Litex.Rules.{theorem}	candidate_needs_result_tracer	Function-local co-occurrence is a candidate only; exact Result dispatch and generated Lean must prove the route.
order.div_lt_self_of_pos_of_one_lt	builtin_typed	mapped_not_kernel_checked	Codex	typed_certificate_route	src/stmt_result_to_lean_compiler/compiler/builtin_evidence_compilation.rs:1366;src/stmt_result_to_lean_compiler/compiler/builtin_evidence_compilation.rs:1417	Litex.Le;Litex.Lt;Litex.Lt.toLe;Litex.Nonnegative;Litex.OrderBridge.leOfReal;Litex.OrderValue;Litex.Rules.complexLtAddOfSubLt;Litex.Rules.complexNegativeOneMulReversesLess;Litex.Rules.complexNegativeOneMulReversesLessEqual;Litex.Rules.complexSubLeOfLeAdd;Litex.Rules.complexSubLeSwap;Litex.Rules.complexSubLtSwap;Litex.Rules.complexSubPreservesLessEqualComponentwise;Litex.Rules.complexSubPreservesLessOfLessEqualAndLess;Litex.Rules.realCastDivLtSelfOfPositiveOfOneLt;Litex.Rules.realCastLeAddOfNonnegativeRight;Litex.Rules.realCastSubLeOfLeOfNonnegative;Litex.abs;Litex.fnApply;Litex.fnApplyOwn	Litex.Rules.{theorem}	candidate_needs_result_tracer	Function-local co-occurrence is a candidate only; exact Result dispatch and generated Lean must prove the route.
order.div_nonnegative	builtin_typed	mapped_not_kernel_checked	Codex	typed_certificate_route	src/stmt_result_to_lean_compiler/compiler/builtin_evidence_compilation.rs:1332	Litex.Le;Litex.Lt;Litex.Lt.toLe;Litex.Nonnegative;Litex.OrderBridge.leOfReal;Litex.OrderValue;Litex.Rules.complexLtAddOfSubLt;Litex.Rules.complexNegativeOneMulReversesLess;Litex.Rules.complexNegativeOneMulReversesLessEqual;Litex.Rules.complexSubLeOfLeAdd;Litex.Rules.complexSubLeSwap;Litex.Rules.complexSubLtSwap;Litex.Rules.complexSubPreservesLessEqualComponentwise;Litex.Rules.complexSubPreservesLessOfLessEqualAndLess;Litex.Rules.realCastDivLtSelfOfPositiveOfOneLt;Litex.Rules.realCastLeAddOfNonnegativeRight;Litex.Rules.realCastSubLeOfLeOfNonnegative;Litex.abs;Litex.fnApply;Litex.fnApplyOwn	Litex.Rules.{theorem}	candidate_needs_result_tracer	Function-local co-occurrence is a candidate only; exact Result dispatch and generated Lean must prove the route.
order.div_positive	builtin_typed	mapped_not_kernel_checked	Codex	typed_certificate_route	src/stmt_result_to_lean_compiler/compiler/builtin_evidence_compilation.rs:1335	Litex.Le;Litex.Lt;Litex.Lt.toLe;Litex.Nonnegative;Litex.OrderBridge.leOfReal;Litex.OrderValue;Litex.Rules.complexLtAddOfSubLt;Litex.Rules.complexNegativeOneMulReversesLess;Litex.Rules.complexNegativeOneMulReversesLessEqual;Litex.Rules.complexSubLeOfLeAdd;Litex.Rules.complexSubLeSwap;Litex.Rules.complexSubLtSwap;Litex.Rules.complexSubPreservesLessEqualComponentwise;Litex.Rules.complexSubPreservesLessOfLessEqualAndLess;Litex.Rules.realCastDivLtSelfOfPositiveOfOneLt;Litex.Rules.realCastLeAddOfNonnegativeRight;Litex.Rules.realCastSubLeOfLeOfNonnegative;Litex.abs;Litex.fnApply;Litex.fnApplyOwn	Litex.Rules.{theorem}	candidate_needs_result_tracer	Function-local co-occurrence is a candidate only; exact Result dispatch and generated Lean must prove the route.
order.greater_equal_of_greater	builtin_typed	mapped_not_kernel_checked	Codex	typed_certificate_route	src/stmt_result_to_lean_compiler/compiler/builtin_evidence_compilation.rs:1343	Litex.Le;Litex.Lt;Litex.Lt.toLe;Litex.Nonnegative;Litex.OrderBridge.leOfReal;Litex.OrderValue;Litex.Rules.complexLtAddOfSubLt;Litex.Rules.complexNegativeOneMulReversesLess;Litex.Rules.complexNegativeOneMulReversesLessEqual;Litex.Rules.complexSubLeOfLeAdd;Litex.Rules.complexSubLeSwap;Litex.Rules.complexSubLtSwap;Litex.Rules.complexSubPreservesLessEqualComponentwise;Litex.Rules.complexSubPreservesLessOfLessEqualAndLess;Litex.Rules.realCastDivLtSelfOfPositiveOfOneLt;Litex.Rules.realCastLeAddOfNonnegativeRight;Litex.Rules.realCastSubLeOfLeOfNonnegative;Litex.abs;Litex.fnApply;Litex.fnApplyOwn	Litex.Rules.{theorem}	candidate_needs_result_tracer	Function-local co-occurrence is a candidate only; exact Result dispatch and generated Lean must prove the route.
order.le_add_of_nonnegative_right	builtin_typed	mapped_not_kernel_checked	Codex	typed_certificate_route	src/stmt_result_to_lean_compiler/compiler/builtin_evidence_compilation.rs:1353;src/stmt_result_to_lean_compiler/compiler/builtin_evidence_compilation.rs:1375;src/stmt_result_to_lean_compiler/compiler/builtin_evidence_compilation.rs:1926	Litex.Le;Litex.Lt;Litex.Lt.toLe;Litex.Nonnegative;Litex.OrderBridge.leOfReal;Litex.OrderValue;Litex.Rules.complexLtAddOfSubLt;Litex.Rules.complexNegativeOneMulReversesLess;Litex.Rules.complexNegativeOneMulReversesLessEqual;Litex.Rules.complexSubLeOfLeAdd;Litex.Rules.complexSubLeSwap;Litex.Rules.complexSubLtSwap;Litex.Rules.complexSubPreservesLessEqualComponentwise;Litex.Rules.complexSubPreservesLessOfLessEqualAndLess;Litex.Rules.realCastDivLtSelfOfPositiveOfOneLt;Litex.Rules.realCastLeAddOfNonnegativeRight;Litex.Rules.realCastSubLeOfLeOfNonnegative;Litex.abs;Litex.fnApply;Litex.fnApplyOwn	Litex.Rules.{theorem}	candidate_needs_result_tracer	Function-local co-occurrence is a candidate only; exact Result dispatch and generated Lean must prove the route.
order.le_max_left	builtin_typed	mapped_not_kernel_checked	Codex	typed_certificate_route	src/stmt_result_to_lean_compiler/compiler/fact_proof_replay/extrema.rs:78;src/stmt_result_to_lean_compiler/compiler/fact_proof_replay/extrema.rs:108;src/stmt_result_to_lean_compiler/compiler/fact_proof_replay/extrema.rs:113	Litex.Same.symm;Litex.Same.trans	Litex.Rules.{theorem}	candidate_needs_result_tracer	Function-local co-occurrence is a candidate only; exact Result dispatch and generated Lean must prove the route.
order.le_max_right	builtin_typed	mapped_not_kernel_checked	Codex	typed_certificate_route	src/stmt_result_to_lean_compiler/compiler/fact_proof_replay/extrema.rs:79;src/stmt_result_to_lean_compiler/compiler/fact_proof_replay/extrema.rs:109	Litex.Same.symm;Litex.Same.trans	Litex.Rules.{theorem}	candidate_needs_result_tracer	Function-local co-occurrence is a candidate only; exact Result dispatch and generated Lean must prove the route.
order.less_equal_of_less	builtin_typed	mapped_not_kernel_checked	Codex	typed_certificate_route	src/stmt_result_to_lean_compiler/compiler/builtin_evidence_compilation.rs:1342	Litex.Le;Litex.Lt;Litex.Lt.toLe;Litex.Nonnegative;Litex.OrderBridge.leOfReal;Litex.OrderValue;Litex.Rules.complexLtAddOfSubLt;Litex.Rules.complexNegativeOneMulReversesLess;Litex.Rules.complexNegativeOneMulReversesLessEqual;Litex.Rules.complexSubLeOfLeAdd;Litex.Rules.complexSubLeSwap;Litex.Rules.complexSubLtSwap;Litex.Rules.complexSubPreservesLessEqualComponentwise;Litex.Rules.complexSubPreservesLessOfLessEqualAndLess;Litex.Rules.realCastDivLtSelfOfPositiveOfOneLt;Litex.Rules.realCastLeAddOfNonnegativeRight;Litex.Rules.realCastSubLeOfLeOfNonnegative;Litex.abs;Litex.fnApply;Litex.fnApplyOwn	Litex.Rules.{theorem}	candidate_needs_result_tracer	Function-local co-occurrence is a candidate only; exact Result dispatch and generated Lean must prove the route.
order.lt_add_of_sub_lt	builtin_typed	mapped_not_kernel_checked	Codex	typed_certificate_route	src/stmt_result_to_lean_compiler/compiler/builtin_evidence_compilation.rs:1348;src/stmt_result_to_lean_compiler/compiler/builtin_evidence_compilation.rs:1853	Litex.Le;Litex.Lt;Litex.Lt.toLe;Litex.Nonnegative;Litex.OrderBridge.leOfReal;Litex.OrderValue;Litex.Rules.complexLtAddOfSubLt;Litex.Rules.complexNegativeOneMulReversesLess;Litex.Rules.complexNegativeOneMulReversesLessEqual;Litex.Rules.complexSubLeOfLeAdd;Litex.Rules.complexSubLeSwap;Litex.Rules.complexSubLtSwap;Litex.Rules.complexSubPreservesLessEqualComponentwise;Litex.Rules.complexSubPreservesLessOfLessEqualAndLess;Litex.Rules.realCastDivLtSelfOfPositiveOfOneLt;Litex.Rules.realCastLeAddOfNonnegativeRight;Litex.Rules.realCastSubLeOfLeOfNonnegative;Litex.abs;Litex.fnApply;Litex.fnApplyOwn	Litex.Rules.{theorem}	candidate_needs_result_tracer	Function-local co-occurrence is a candidate only; exact Result dispatch and generated Lean must prove the route.
order.max_absorb_min_left	builtin_typed	mapped_not_kernel_checked	Codex	typed_certificate_route	src/stmt_result_to_lean_compiler/compiler/fact_proof_replay/extrema.rs:283;src/stmt_result_to_lean_compiler/compiler/fact_proof_replay/extrema.rs:347	Litex.Same.symm;Litex.Same.trans	Litex.Rules.{theorem}	candidate_needs_result_tracer	Function-local co-occurrence is a candidate only; exact Result dispatch and generated Lean must prove the route.
order.max_associative	builtin_typed	mapped_not_kernel_checked	Codex	typed_certificate_route	src/stmt_result_to_lean_compiler/compiler/fact_proof_replay/extrema.rs:281;src/stmt_result_to_lean_compiler/compiler/fact_proof_replay/extrema.rs:390	Litex.Same.symm;Litex.Same.trans	Litex.Rules.{theorem}	candidate_needs_result_tracer	Function-local co-occurrence is a candidate only; exact Result dispatch and generated Lean must prove the route.
order.max_commutative	builtin_typed	mapped_not_kernel_checked	Codex	typed_certificate_route	src/stmt_result_to_lean_compiler/compiler/fact_proof_replay/extrema.rs:280;src/stmt_result_to_lean_compiler/compiler/fact_proof_replay/extrema.rs:303	Litex.Same.symm;Litex.Same.trans	Litex.Rules.{theorem}	candidate_needs_result_tracer	Function-local co-occurrence is a candidate only; exact Result dispatch and generated Lean must prove the route.
order.max_eq_left_of_le	builtin_typed	mapped_not_kernel_checked	Codex	typed_certificate_route	src/stmt_result_to_lean_compiler/compiler/fact_proof_replay/extrema.rs:146;src/stmt_result_to_lean_compiler/compiler/fact_proof_replay/extrema.rs:167;src/stmt_result_to_lean_compiler/compiler/fact_proof_replay/extrema.rs:182	Litex.Same.symm;Litex.Same.trans	Litex.Rules.{theorem}	candidate_needs_result_tracer	Function-local co-occurrence is a candidate only; exact Result dispatch and generated Lean must prove the route.
order.max_eq_right_of_le	builtin_typed	mapped_not_kernel_checked	Codex	typed_certificate_route	src/stmt_result_to_lean_compiler/compiler/fact_proof_replay/extrema.rs:147;src/stmt_result_to_lean_compiler/compiler/fact_proof_replay/extrema.rs:168;src/stmt_result_to_lean_compiler/compiler/fact_proof_replay/extrema.rs:185	Litex.Same.symm;Litex.Same.trans	Litex.Rules.{theorem}	candidate_needs_result_tracer	Function-local co-occurrence is a candidate only; exact Result dispatch and generated Lean must prove the route.
order.max_idempotent	builtin_typed	mapped_not_kernel_checked	Codex	typed_certificate_route	src/stmt_result_to_lean_compiler/compiler/fact_proof_replay/extrema.rs:282;src/stmt_result_to_lean_compiler/compiler/fact_proof_replay/extrema.rs:324	Litex.Same.symm;Litex.Same.trans	Litex.Rules.{theorem}	candidate_needs_result_tracer	Function-local co-occurrence is a candidate only; exact Result dispatch and generated Lean must prove the route.
order.max_monotone	builtin_typed	mapped_not_kernel_checked	Codex	typed_certificate_route	src/stmt_result_to_lean_compiler/compiler/fact_proof_replay/extrema.rs:227;src/stmt_result_to_lean_compiler/compiler/fact_proof_replay/extrema.rs:243	Litex.Same.symm;Litex.Same.trans	Litex.Rules.{theorem}	candidate_needs_result_tracer	Function-local co-occurrence is a candidate only; exact Result dispatch and generated Lean must prove the route.
order.min_absorb_max_left	builtin_typed	mapped_not_kernel_checked	Codex	typed_certificate_route	src/stmt_result_to_lean_compiler/compiler/fact_proof_replay/extrema.rs:279;src/stmt_result_to_lean_compiler/compiler/fact_proof_replay/extrema.rs:333	Litex.Same.symm;Litex.Same.trans	Litex.Rules.{theorem}	candidate_needs_result_tracer	Function-local co-occurrence is a candidate only; exact Result dispatch and generated Lean must prove the route.
order.min_associative	builtin_typed	mapped_not_kernel_checked	Codex	typed_certificate_route	src/stmt_result_to_lean_compiler/compiler/fact_proof_replay/extrema.rs:277;src/stmt_result_to_lean_compiler/compiler/fact_proof_replay/extrema.rs:361	Litex.Same.symm;Litex.Same.trans	Litex.Rules.{theorem}	candidate_needs_result_tracer	Function-local co-occurrence is a candidate only; exact Result dispatch and generated Lean must prove the route.
order.min_commutative	builtin_typed	mapped_not_kernel_checked	Codex	typed_certificate_route	src/stmt_result_to_lean_compiler/compiler/fact_proof_replay/extrema.rs:276;src/stmt_result_to_lean_compiler/compiler/fact_proof_replay/extrema.rs:291	Litex.Same.symm;Litex.Same.trans	Litex.Rules.{theorem}	candidate_needs_result_tracer	Function-local co-occurrence is a candidate only; exact Result dispatch and generated Lean must prove the route.
order.min_eq_left_of_le	builtin_typed	mapped_not_kernel_checked	Codex	typed_certificate_route	src/stmt_result_to_lean_compiler/compiler/fact_proof_replay/extrema.rs:144;src/stmt_result_to_lean_compiler/compiler/fact_proof_replay/extrema.rs:158;src/stmt_result_to_lean_compiler/compiler/fact_proof_replay/extrema.rs:176	Litex.Same.symm;Litex.Same.trans	Litex.Rules.{theorem}	candidate_needs_result_tracer	Function-local co-occurrence is a candidate only; exact Result dispatch and generated Lean must prove the route.
order.min_eq_right_of_le	builtin_typed	mapped_not_kernel_checked	Codex	typed_certificate_route	src/stmt_result_to_lean_compiler/compiler/fact_proof_replay/extrema.rs:145;src/stmt_result_to_lean_compiler/compiler/fact_proof_replay/extrema.rs:159;src/stmt_result_to_lean_compiler/compiler/fact_proof_replay/extrema.rs:179	Litex.Same.symm;Litex.Same.trans	Litex.Rules.{theorem}	candidate_needs_result_tracer	Function-local co-occurrence is a candidate only; exact Result dispatch and generated Lean must prove the route.
order.min_idempotent	builtin_typed	mapped_not_kernel_checked	Codex	typed_certificate_route	src/stmt_result_to_lean_compiler/compiler/fact_proof_replay/extrema.rs:278;src/stmt_result_to_lean_compiler/compiler/fact_proof_replay/extrema.rs:315	Litex.Same.symm;Litex.Same.trans	Litex.Rules.{theorem}	candidate_needs_result_tracer	Function-local co-occurrence is a candidate only; exact Result dispatch and generated Lean must prove the route.
order.min_le_left	builtin_typed	mapped_not_kernel_checked	Codex	typed_certificate_route	src/stmt_result_to_lean_compiler/compiler/fact_proof_replay/extrema.rs:76;src/stmt_result_to_lean_compiler/compiler/fact_proof_replay/extrema.rs:91;src/stmt_result_to_lean_compiler/compiler/fact_proof_replay/extrema.rs:96;src/stmt_result_to_lean_compiler/compiler/fact_proof_replay/extrema.rs:129	Litex.Same.symm;Litex.Same.trans	Litex.Rules.{theorem}	candidate_needs_result_tracer	Function-local co-occurrence is a candidate only; exact Result dispatch and generated Lean must prove the route.
order.min_le_right	builtin_typed	mapped_not_kernel_checked	Codex	typed_certificate_route	src/stmt_result_to_lean_compiler/compiler/fact_proof_replay/extrema.rs:77;src/stmt_result_to_lean_compiler/compiler/fact_proof_replay/extrema.rs:92;src/stmt_result_to_lean_compiler/compiler/fact_proof_replay/extrema.rs:129	Litex.Same.symm;Litex.Same.trans	Litex.Rules.{theorem}	candidate_needs_result_tracer	Function-local co-occurrence is a candidate only; exact Result dispatch and generated Lean must prove the route.
order.min_monotone	builtin_typed	mapped_not_kernel_checked	Codex	typed_certificate_route	src/stmt_result_to_lean_compiler/compiler/fact_proof_replay/extrema.rs:227;src/stmt_result_to_lean_compiler/compiler/fact_proof_replay/extrema.rs:236	Litex.Same.symm;Litex.Same.trans	Litex.Rules.{theorem}	candidate_needs_result_tracer	Function-local co-occurrence is a candidate only; exact Result dispatch and generated Lean must prove the route.
order.mul_le_mul_nonnegative	builtin_typed	mapped_not_kernel_checked	Codex	typed_certificate_route	src/stmt_result_to_lean_compiler/compiler/builtin_evidence_compilation.rs:1359;src/stmt_result_to_lean_compiler/compiler/builtin_evidence_compilation.rs:1367;src/stmt_result_to_lean_compiler/compiler/builtin_evidence_compilation.rs:1572	Litex.Le;Litex.Lt;Litex.Lt.toLe;Litex.Nonnegative;Litex.OrderBridge.leOfReal;Litex.OrderValue;Litex.Rules.complexLtAddOfSubLt;Litex.Rules.complexNegativeOneMulReversesLess;Litex.Rules.complexNegativeOneMulReversesLessEqual;Litex.Rules.complexSubLeOfLeAdd;Litex.Rules.complexSubLeSwap;Litex.Rules.complexSubLtSwap;Litex.Rules.complexSubPreservesLessEqualComponentwise;Litex.Rules.complexSubPreservesLessOfLessEqualAndLess;Litex.Rules.realCastDivLtSelfOfPositiveOfOneLt;Litex.Rules.realCastLeAddOfNonnegativeRight;Litex.Rules.realCastSubLeOfLeOfNonnegative;Litex.abs;Litex.fnApply;Litex.fnApplyOwn	Litex.Rules.{theorem}	candidate_needs_result_tracer	Function-local co-occurrence is a candidate only; exact Result dispatch and generated Lean must prove the route.
order.mul_le_mul_of_nonnegative_common_factor	builtin_typed	mapped_not_kernel_checked	Codex	typed_certificate_route	src/stmt_result_to_lean_compiler/compiler/builtin_evidence_compilation.rs:1354;src/stmt_result_to_lean_compiler/compiler/builtin_evidence_compilation.rs:1637;src/stmt_result_to_lean_compiler/compiler/builtin_evidence_compilation.rs:1728	Litex.Le;Litex.Lt;Litex.Lt.toLe;Litex.Nonnegative;Litex.OrderBridge.leOfReal;Litex.OrderValue;Litex.Rules.complexLtAddOfSubLt;Litex.Rules.complexNegativeOneMulReversesLess;Litex.Rules.complexNegativeOneMulReversesLessEqual;Litex.Rules.complexSubLeOfLeAdd;Litex.Rules.complexSubLeSwap;Litex.Rules.complexSubLtSwap;Litex.Rules.complexSubPreservesLessEqualComponentwise;Litex.Rules.complexSubPreservesLessOfLessEqualAndLess;Litex.Rules.realCastDivLtSelfOfPositiveOfOneLt;Litex.Rules.realCastLeAddOfNonnegativeRight;Litex.Rules.realCastSubLeOfLeOfNonnegative;Litex.abs;Litex.fnApply;Litex.fnApplyOwn	Litex.Rules.{theorem}	candidate_needs_result_tracer	Function-local co-occurrence is a candidate only; exact Result dispatch and generated Lean must prove the route.
order.mul_le_mul_of_nonpositive_common_factor	builtin_typed	mapped_not_kernel_checked	Codex	typed_certificate_route	src/stmt_result_to_lean_compiler/compiler/builtin_evidence_compilation.rs:1355;src/stmt_result_to_lean_compiler/compiler/builtin_evidence_compilation.rs:1638;src/stmt_result_to_lean_compiler/compiler/builtin_evidence_compilation.rs:1676;src/stmt_result_to_lean_compiler/compiler/builtin_evidence_compilation.rs:1731	Litex.Le;Litex.Lt;Litex.Lt.toLe;Litex.Nonnegative;Litex.OrderBridge.leOfReal;Litex.OrderValue;Litex.Rules.complexLtAddOfSubLt;Litex.Rules.complexNegativeOneMulReversesLess;Litex.Rules.complexNegativeOneMulReversesLessEqual;Litex.Rules.complexSubLeOfLeAdd;Litex.Rules.complexSubLeSwap;Litex.Rules.complexSubLtSwap;Litex.Rules.complexSubPreservesLessEqualComponentwise;Litex.Rules.complexSubPreservesLessOfLessEqualAndLess;Litex.Rules.realCastDivLtSelfOfPositiveOfOneLt;Litex.Rules.realCastLeAddOfNonnegativeRight;Litex.Rules.realCastSubLeOfLeOfNonnegative;Litex.abs;Litex.fnApply;Litex.fnApplyOwn	Litex.Rules.{theorem}	candidate_needs_result_tracer	Function-local co-occurrence is a candidate only; exact Result dispatch and generated Lean must prove the route.
order.mul_lt_mul_of_negative_common_factor	builtin_typed	mapped_not_kernel_checked	Codex	typed_certificate_route	src/stmt_result_to_lean_compiler/compiler/builtin_evidence_compilation.rs:1357;src/stmt_result_to_lean_compiler/compiler/builtin_evidence_compilation.rs:1640;src/stmt_result_to_lean_compiler/compiler/builtin_evidence_compilation.rs:1672;src/stmt_result_to_lean_compiler/compiler/builtin_evidence_compilation.rs:1677;src/stmt_result_to_lean_compiler/compiler/builtin_evidence_compilation.rs:1735	Litex.Le;Litex.Lt;Litex.Lt.toLe;Litex.Nonnegative;Litex.OrderBridge.leOfReal;Litex.OrderValue;Litex.Rules.complexLtAddOfSubLt;Litex.Rules.complexNegativeOneMulReversesLess;Litex.Rules.complexNegativeOneMulReversesLessEqual;Litex.Rules.complexSubLeOfLeAdd;Litex.Rules.complexSubLeSwap;Litex.Rules.complexSubLtSwap;Litex.Rules.complexSubPreservesLessEqualComponentwise;Litex.Rules.complexSubPreservesLessOfLessEqualAndLess;Litex.Rules.realCastDivLtSelfOfPositiveOfOneLt;Litex.Rules.realCastLeAddOfNonnegativeRight;Litex.Rules.realCastSubLeOfLeOfNonnegative;Litex.abs;Litex.fnApply;Litex.fnApplyOwn	Litex.Rules.{theorem}	candidate_needs_result_tracer	Function-local co-occurrence is a candidate only; exact Result dispatch and generated Lean must prove the route.
order.mul_lt_mul_of_positive_common_factor	builtin_typed	mapped_not_kernel_checked	Codex	typed_certificate_route	src/stmt_result_to_lean_compiler/compiler/builtin_evidence_compilation.rs:1356;src/stmt_result_to_lean_compiler/compiler/builtin_evidence_compilation.rs:1639;src/stmt_result_to_lean_compiler/compiler/builtin_evidence_compilation.rs:1671;src/stmt_result_to_lean_compiler/compiler/builtin_evidence_compilation.rs:1734	Litex.Le;Litex.Lt;Litex.Lt.toLe;Litex.Nonnegative;Litex.OrderBridge.leOfReal;Litex.OrderValue;Litex.Rules.complexLtAddOfSubLt;Litex.Rules.complexNegativeOneMulReversesLess;Litex.Rules.complexNegativeOneMulReversesLessEqual;Litex.Rules.complexSubLeOfLeAdd;Litex.Rules.complexSubLeSwap;Litex.Rules.complexSubLtSwap;Litex.Rules.complexSubPreservesLessEqualComponentwise;Litex.Rules.complexSubPreservesLessOfLessEqualAndLess;Litex.Rules.realCastDivLtSelfOfPositiveOfOneLt;Litex.Rules.realCastLeAddOfNonnegativeRight;Litex.Rules.realCastSubLeOfLeOfNonnegative;Litex.abs;Litex.fnApply;Litex.fnApplyOwn	Litex.Rules.{theorem}	candidate_needs_result_tracer	Function-local co-occurrence is a candidate only; exact Result dispatch and generated Lean must prove the route.
order.mul_nonnegative	builtin_typed	mapped_not_kernel_checked	Codex	typed_certificate_route	src/stmt_result_to_lean_compiler/compiler/builtin_evidence_compilation.rs:1326	Litex.Le;Litex.Lt;Litex.Lt.toLe;Litex.Nonnegative;Litex.OrderBridge.leOfReal;Litex.OrderValue;Litex.Rules.complexLtAddOfSubLt;Litex.Rules.complexNegativeOneMulReversesLess;Litex.Rules.complexNegativeOneMulReversesLessEqual;Litex.Rules.complexSubLeOfLeAdd;Litex.Rules.complexSubLeSwap;Litex.Rules.complexSubLtSwap;Litex.Rules.complexSubPreservesLessEqualComponentwise;Litex.Rules.complexSubPreservesLessOfLessEqualAndLess;Litex.Rules.realCastDivLtSelfOfPositiveOfOneLt;Litex.Rules.realCastLeAddOfNonnegativeRight;Litex.Rules.realCastSubLeOfLeOfNonnegative;Litex.abs;Litex.fnApply;Litex.fnApplyOwn	Litex.Rules.{theorem}	candidate_needs_result_tracer	Function-local co-occurrence is a candidate only; exact Result dispatch and generated Lean must prove the route.
order.mul_positive	builtin_typed	mapped_not_kernel_checked	Codex	typed_certificate_route	src/stmt_result_to_lean_compiler/compiler/builtin_evidence_compilation.rs:1329	Litex.Le;Litex.Lt;Litex.Lt.toLe;Litex.Nonnegative;Litex.OrderBridge.leOfReal;Litex.OrderValue;Litex.Rules.complexLtAddOfSubLt;Litex.Rules.complexNegativeOneMulReversesLess;Litex.Rules.complexNegativeOneMulReversesLessEqual;Litex.Rules.complexSubLeOfLeAdd;Litex.Rules.complexSubLeSwap;Litex.Rules.complexSubLtSwap;Litex.Rules.complexSubPreservesLessEqualComponentwise;Litex.Rules.complexSubPreservesLessOfLessEqualAndLess;Litex.Rules.realCastDivLtSelfOfPositiveOfOneLt;Litex.Rules.realCastLeAddOfNonnegativeRight;Litex.Rules.realCastSubLeOfLeOfNonnegative;Litex.abs;Litex.fnApply;Litex.fnApplyOwn	Litex.Rules.{theorem}	candidate_needs_result_tracer	Function-local co-occurrence is a candidate only; exact Result dispatch and generated Lean must prove the route.
order.neg_abs_le	builtin_typed	mapped_not_kernel_checked	Codex	typed_certificate_route	src/stmt_result_to_lean_compiler/compiler/fact_proof_replay/absolute_value.rs:115;src/stmt_result_to_lean_compiler/compiler/fact_proof_replay/absolute_value.rs:180;src/stmt_result_to_lean_compiler/compiler/fact_proof_replay/absolute_value.rs:462	Litex.Le;Litex.Lt;Litex.OrderValue;Litex.Rules.absMul;Litex.Rules.absPositiveOfNotSame;Litex.Rules.realCastAbsLeOfUpperAndLower;Litex.Rules.realCastAbsLeOfUpperAndNegUpper;Litex.Rules.realCastAbsLtOfUpperAndLower;Litex.Rules.realCastAbsLtOfUpperAndNegUpper;Litex.Same.symm;Litex.Same.trans;Litex.fnApply;Litex.fnApplyOwn	Litex.Rules.{theorem}	candidate_needs_result_tracer	Function-local co-occurrence is a candidate only; exact Result dispatch and generated Lean must prove the route.
order.neg_le_abs	builtin_typed	mapped_not_kernel_checked	Codex	typed_certificate_route	src/stmt_result_to_lean_compiler/compiler/fact_proof_replay/absolute_value.rs:114;src/stmt_result_to_lean_compiler/compiler/fact_proof_replay/absolute_value.rs:174;src/stmt_result_to_lean_compiler/compiler/fact_proof_replay/absolute_value.rs:461	Litex.Le;Litex.Lt;Litex.OrderValue;Litex.Rules.absMul;Litex.Rules.absPositiveOfNotSame;Litex.Rules.realCastAbsLeOfUpperAndLower;Litex.Rules.realCastAbsLeOfUpperAndNegUpper;Litex.Rules.realCastAbsLtOfUpperAndLower;Litex.Rules.realCastAbsLtOfUpperAndNegUpper;Litex.Same.symm;Litex.Same.trans;Litex.fnApply;Litex.fnApplyOwn	Litex.Rules.{theorem}	candidate_needs_result_tracer	Function-local co-occurrence is a candidate only; exact Result dispatch and generated Lean must prove the route.
order.negate	builtin_typed	mapped_not_kernel_checked	Codex	typed_certificate_route	src/stmt_result_to_lean_compiler/compiler/builtin_evidence_compilation.rs:1352;src/stmt_result_to_lean_compiler/compiler/builtin_evidence_compilation.rs:1463	Litex.Le;Litex.Lt;Litex.Lt.toLe;Litex.Nonnegative;Litex.OrderBridge.leOfReal;Litex.OrderValue;Litex.Rules.complexLtAddOfSubLt;Litex.Rules.complexNegativeOneMulReversesLess;Litex.Rules.complexNegativeOneMulReversesLessEqual;Litex.Rules.complexSubLeOfLeAdd;Litex.Rules.complexSubLeSwap;Litex.Rules.complexSubLtSwap;Litex.Rules.complexSubPreservesLessEqualComponentwise;Litex.Rules.complexSubPreservesLessOfLessEqualAndLess;Litex.Rules.realCastDivLtSelfOfPositiveOfOneLt;Litex.Rules.realCastLeAddOfNonnegativeRight;Litex.Rules.realCastSubLeOfLeOfNonnegative;Litex.abs;Litex.fnApply;Litex.fnApplyOwn	Litex.Rules.{theorem}	candidate_needs_result_tracer	Function-local co-occurrence is a candidate only; exact Result dispatch and generated Lean must prove the route.
order.reflexivity	builtin_typed	mapped_not_kernel_checked	Codex	typed_certificate_route	src/stmt_result_to_lean_compiler/compiler/fact_proof_dispatch.rs:549;src/stmt_result_to_lean_compiler/compiler/fact_proof_replay/proof_composition.rs:575;src/stmt_result_to_lean_compiler/compiler/validation/direct_compilation_audit.rs:145	Litex.Same;Litex.Same.ofEq;Litex.Same.refl;Litex.TupleShape.dimension;Litex.abs;Litex.max;Litex.min;Litex.tupleDim		candidate_needs_result_tracer	Function-local co-occurrence is a candidate only; exact Result dispatch and generated Lean must prove the route.
order.runtime_resolved_numeric_comparison	builtin_typed	mapped_not_kernel_checked	Codex	typed_certificate_route	src/stmt_result_to_lean_compiler/compiler/fact_proof_dispatch.rs:556;src/stmt_result_to_lean_compiler/compiler/fact_proof_replay/proof_composition.rs:582;src/stmt_result_to_lean_compiler/compiler/validation/direct_compilation_audit.rs:146	Litex.Same;Litex.Same.ofEq;Litex.Same.refl;Litex.TupleShape.dimension;Litex.abs;Litex.max;Litex.min;Litex.tupleDim		candidate_needs_result_tracer	Function-local co-occurrence is a candidate only; exact Result dispatch and generated Lean must prove the route.
order.self_le_abs	builtin_typed	mapped_not_kernel_checked	Codex	typed_certificate_route	src/stmt_result_to_lean_compiler/compiler/fact_proof_replay/absolute_value.rs:113;src/stmt_result_to_lean_compiler/compiler/fact_proof_replay/absolute_value.rs:168;src/stmt_result_to_lean_compiler/compiler/fact_proof_replay/absolute_value.rs:460	Litex.Le;Litex.Lt;Litex.OrderValue;Litex.Rules.absMul;Litex.Rules.absPositiveOfNotSame;Litex.Rules.realCastAbsLeOfUpperAndLower;Litex.Rules.realCastAbsLeOfUpperAndNegUpper;Litex.Rules.realCastAbsLtOfUpperAndLower;Litex.Rules.realCastAbsLtOfUpperAndNegUpper;Litex.Same.symm;Litex.Same.trans;Litex.fnApply;Litex.fnApplyOwn	Litex.Rules.{theorem}	candidate_needs_result_tracer	Function-local co-occurrence is a candidate only; exact Result dispatch and generated Lean must prove the route.
order.sub_le_of_le_add	builtin_typed	mapped_not_kernel_checked	Codex	typed_certificate_route	src/stmt_result_to_lean_compiler/compiler/builtin_evidence_compilation.rs:1351;src/stmt_result_to_lean_compiler/compiler/builtin_evidence_compilation.rs:1511	Litex.Le;Litex.Lt;Litex.Lt.toLe;Litex.Nonnegative;Litex.OrderBridge.leOfReal;Litex.OrderValue;Litex.Rules.complexLtAddOfSubLt;Litex.Rules.complexNegativeOneMulReversesLess;Litex.Rules.complexNegativeOneMulReversesLessEqual;Litex.Rules.complexSubLeOfLeAdd;Litex.Rules.complexSubLeSwap;Litex.Rules.complexSubLtSwap;Litex.Rules.complexSubPreservesLessEqualComponentwise;Litex.Rules.complexSubPreservesLessOfLessEqualAndLess;Litex.Rules.realCastDivLtSelfOfPositiveOfOneLt;Litex.Rules.realCastLeAddOfNonnegativeRight;Litex.Rules.realCastSubLeOfLeOfNonnegative;Litex.abs;Litex.fnApply;Litex.fnApplyOwn	Litex.Rules.{theorem}	candidate_needs_result_tracer	Function-local co-occurrence is a candidate only; exact Result dispatch and generated Lean must prove the route.
order.sub_le_of_le_of_nonnegative	builtin_typed	mapped_not_kernel_checked	Codex	typed_certificate_route	src/stmt_result_to_lean_compiler/compiler/builtin_evidence_compilation.rs:1365;src/stmt_result_to_lean_compiler/compiler/builtin_evidence_compilation.rs:2000	Litex.Le;Litex.Lt;Litex.Lt.toLe;Litex.Nonnegative;Litex.OrderBridge.leOfReal;Litex.OrderValue;Litex.Rules.complexLtAddOfSubLt;Litex.Rules.complexNegativeOneMulReversesLess;Litex.Rules.complexNegativeOneMulReversesLessEqual;Litex.Rules.complexSubLeOfLeAdd;Litex.Rules.complexSubLeSwap;Litex.Rules.complexSubLtSwap;Litex.Rules.complexSubPreservesLessEqualComponentwise;Litex.Rules.complexSubPreservesLessOfLessEqualAndLess;Litex.Rules.realCastDivLtSelfOfPositiveOfOneLt;Litex.Rules.realCastLeAddOfNonnegativeRight;Litex.Rules.realCastSubLeOfLeOfNonnegative;Litex.abs;Litex.fnApply;Litex.fnApplyOwn	Litex.Rules.{theorem}	candidate_needs_result_tracer	Function-local co-occurrence is a candidate only; exact Result dispatch and generated Lean must prove the route.
order.sub_le_sub	builtin_typed	mapped_not_kernel_checked	Codex	typed_certificate_route	src/stmt_result_to_lean_compiler/compiler/builtin_evidence_compilation.rs:1364;src/stmt_result_to_lean_compiler/compiler/builtin_evidence_compilation.rs:1765	Litex.Le;Litex.Lt;Litex.Lt.toLe;Litex.Nonnegative;Litex.OrderBridge.leOfReal;Litex.OrderValue;Litex.Rules.complexLtAddOfSubLt;Litex.Rules.complexNegativeOneMulReversesLess;Litex.Rules.complexNegativeOneMulReversesLessEqual;Litex.Rules.complexSubLeOfLeAdd;Litex.Rules.complexSubLeSwap;Litex.Rules.complexSubLtSwap;Litex.Rules.complexSubPreservesLessEqualComponentwise;Litex.Rules.complexSubPreservesLessOfLessEqualAndLess;Litex.Rules.realCastDivLtSelfOfPositiveOfOneLt;Litex.Rules.realCastLeAddOfNonnegativeRight;Litex.Rules.realCastSubLeOfLeOfNonnegative;Litex.abs;Litex.fnApply;Litex.fnApplyOwn	Litex.Rules.{theorem}	candidate_needs_result_tracer	Function-local co-occurrence is a candidate only; exact Result dispatch and generated Lean must prove the route.
order.sub_le_swap	builtin_typed	mapped_not_kernel_checked	Codex	typed_certificate_route	src/stmt_result_to_lean_compiler/compiler/builtin_evidence_compilation.rs:1350;src/stmt_result_to_lean_compiler/compiler/builtin_evidence_compilation.rs:1510;src/stmt_result_to_lean_compiler/compiler/builtin_evidence_compilation.rs:1525	Litex.Le;Litex.Lt;Litex.Lt.toLe;Litex.Nonnegative;Litex.OrderBridge.leOfReal;Litex.OrderValue;Litex.Rules.complexLtAddOfSubLt;Litex.Rules.complexNegativeOneMulReversesLess;Litex.Rules.complexNegativeOneMulReversesLessEqual;Litex.Rules.complexSubLeOfLeAdd;Litex.Rules.complexSubLeSwap;Litex.Rules.complexSubLtSwap;Litex.Rules.complexSubPreservesLessEqualComponentwise;Litex.Rules.complexSubPreservesLessOfLessEqualAndLess;Litex.Rules.realCastDivLtSelfOfPositiveOfOneLt;Litex.Rules.realCastLeAddOfNonnegativeRight;Litex.Rules.realCastSubLeOfLeOfNonnegative;Litex.abs;Litex.fnApply;Litex.fnApplyOwn	Litex.Rules.{theorem}	candidate_needs_result_tracer	Function-local co-occurrence is a candidate only; exact Result dispatch and generated Lean must prove the route.
order.sub_lt_sub_of_le_of_lt	builtin_typed	mapped_not_kernel_checked	Codex	typed_certificate_route	src/stmt_result_to_lean_compiler/compiler/builtin_evidence_compilation.rs:1363;src/stmt_result_to_lean_compiler/compiler/builtin_evidence_compilation.rs:1764;src/stmt_result_to_lean_compiler/compiler/builtin_evidence_compilation.rs:1780	Litex.Le;Litex.Lt;Litex.Lt.toLe;Litex.Nonnegative;Litex.OrderBridge.leOfReal;Litex.OrderValue;Litex.Rules.complexLtAddOfSubLt;Litex.Rules.complexNegativeOneMulReversesLess;Litex.Rules.complexNegativeOneMulReversesLessEqual;Litex.Rules.complexSubLeOfLeAdd;Litex.Rules.complexSubLeSwap;Litex.Rules.complexSubLtSwap;Litex.Rules.complexSubPreservesLessEqualComponentwise;Litex.Rules.complexSubPreservesLessOfLessEqualAndLess;Litex.Rules.realCastDivLtSelfOfPositiveOfOneLt;Litex.Rules.realCastLeAddOfNonnegativeRight;Litex.Rules.realCastSubLeOfLeOfNonnegative;Litex.abs;Litex.fnApply;Litex.fnApplyOwn	Litex.Rules.{theorem}	candidate_needs_result_tracer	Function-local co-occurrence is a candidate only; exact Result dispatch and generated Lean must prove the route.
order.sub_lt_swap	builtin_typed	mapped_not_kernel_checked	Codex	typed_certificate_route	src/stmt_result_to_lean_compiler/compiler/builtin_evidence_compilation.rs:1349;src/stmt_result_to_lean_compiler/compiler/builtin_evidence_compilation.rs:1896	Litex.Le;Litex.Lt;Litex.Lt.toLe;Litex.Nonnegative;Litex.OrderBridge.leOfReal;Litex.OrderValue;Litex.Rules.complexLtAddOfSubLt;Litex.Rules.complexNegativeOneMulReversesLess;Litex.Rules.complexNegativeOneMulReversesLessEqual;Litex.Rules.complexSubLeOfLeAdd;Litex.Rules.complexSubLeSwap;Litex.Rules.complexSubLtSwap;Litex.Rules.complexSubPreservesLessEqualComponentwise;Litex.Rules.complexSubPreservesLessOfLessEqualAndLess;Litex.Rules.realCastDivLtSelfOfPositiveOfOneLt;Litex.Rules.realCastLeAddOfNonnegativeRight;Litex.Rules.realCastSubLeOfLeOfNonnegative;Litex.abs;Litex.fnApply;Litex.fnApplyOwn	Litex.Rules.{theorem}	candidate_needs_result_tracer	Function-local co-occurrence is a candidate only; exact Result dispatch and generated Lean must prove the route.
order.sub_nonnegative_of_less_equal	builtin_typed	mapped_not_kernel_checked	Codex	typed_certificate_route	src/stmt_result_to_lean_compiler/compiler/builtin_evidence_compilation.rs:1346;src/stmt_result_to_lean_compiler/compiler/builtin_evidence_compilation.rs:1811	Litex.Le;Litex.Lt;Litex.Lt.toLe;Litex.Nonnegative;Litex.OrderBridge.leOfReal;Litex.OrderValue;Litex.Rules.complexLtAddOfSubLt;Litex.Rules.complexNegativeOneMulReversesLess;Litex.Rules.complexNegativeOneMulReversesLessEqual;Litex.Rules.complexSubLeOfLeAdd;Litex.Rules.complexSubLeSwap;Litex.Rules.complexSubLtSwap;Litex.Rules.complexSubPreservesLessEqualComponentwise;Litex.Rules.complexSubPreservesLessOfLessEqualAndLess;Litex.Rules.realCastDivLtSelfOfPositiveOfOneLt;Litex.Rules.realCastLeAddOfNonnegativeRight;Litex.Rules.realCastSubLeOfLeOfNonnegative;Litex.abs;Litex.fnApply;Litex.fnApplyOwn	Litex.Rules.{theorem}	candidate_needs_result_tracer	Function-local co-occurrence is a candidate only; exact Result dispatch and generated Lean must prove the route.
order.sub_positive_of_less	builtin_typed	mapped_not_kernel_checked	Codex	typed_certificate_route	src/stmt_result_to_lean_compiler/compiler/builtin_evidence_compilation.rs:1347;src/stmt_result_to_lean_compiler/compiler/builtin_evidence_compilation.rs:1812;src/stmt_result_to_lean_compiler/compiler/builtin_evidence_compilation.rs:1817	Litex.Le;Litex.Lt;Litex.Lt.toLe;Litex.Nonnegative;Litex.OrderBridge.leOfReal;Litex.OrderValue;Litex.Rules.complexLtAddOfSubLt;Litex.Rules.complexNegativeOneMulReversesLess;Litex.Rules.complexNegativeOneMulReversesLessEqual;Litex.Rules.complexSubLeOfLeAdd;Litex.Rules.complexSubLeSwap;Litex.Rules.complexSubLtSwap;Litex.Rules.complexSubPreservesLessEqualComponentwise;Litex.Rules.complexSubPreservesLessOfLessEqualAndLess;Litex.Rules.realCastDivLtSelfOfPositiveOfOneLt;Litex.Rules.realCastLeAddOfNonnegativeRight;Litex.Rules.realCastSubLeOfLeOfNonnegative;Litex.abs;Litex.fnApply;Litex.fnApplyOwn	Litex.Rules.{theorem}	candidate_needs_result_tracer	Function-local co-occurrence is a candidate only; exact Result dispatch and generated Lean must prove the route.
order.transitivity	builtin_typed	mapped_not_kernel_checked	Codex	typed_certificate_route	src/stmt_result_to_lean_compiler/compiler/builtin_evidence_compilation.rs:1310	Litex.Le;Litex.Lt;Litex.Lt.toLe;Litex.Nonnegative;Litex.OrderBridge.leOfReal;Litex.OrderValue;Litex.Rules.complexLtAddOfSubLt;Litex.Rules.complexNegativeOneMulReversesLess;Litex.Rules.complexNegativeOneMulReversesLessEqual;Litex.Rules.complexSubLeOfLeAdd;Litex.Rules.complexSubLeSwap;Litex.Rules.complexSubLtSwap;Litex.Rules.complexSubPreservesLessEqualComponentwise;Litex.Rules.complexSubPreservesLessOfLessEqualAndLess;Litex.Rules.realCastDivLtSelfOfPositiveOfOneLt;Litex.Rules.realCastLeAddOfNonnegativeRight;Litex.Rules.realCastSubLeOfLeOfNonnegative;Litex.abs;Litex.fnApply;Litex.fnApplyOwn	Litex.Rules.{theorem}	candidate_needs_result_tracer	Function-local co-occurrence is a candidate only; exact Result dispatch and generated Lean must prove the route.
predicate.registered_antisymmetric	builtin_typed	mapped_not_kernel_checked	Codex	typed_certificate_route	src/stmt_result_to_lean_compiler/compiler/fact_proof_dispatch.rs:311;src/stmt_result_to_lean_compiler/compiler/fact_proof_replay/proof_composition.rs:413;src/stmt_result_to_lean_compiler/compiler/validation/direct_compilation_audit.rs:149	Litex.Same;Litex.Same.ofEq;Litex.Same.refl;Litex.TupleShape.dimension;Litex.abs;Litex.max;Litex.min;Litex.tupleDim		candidate_needs_result_tracer	Function-local co-occurrence is a candidate only; exact Result dispatch and generated Lean must prove the route.
predicate.registered_reflexive	builtin_typed	mapped_not_kernel_checked	Codex	typed_certificate_route	src/stmt_result_to_lean_compiler/compiler/fact_proof_dispatch.rs:286;src/stmt_result_to_lean_compiler/compiler/fact_proof_replay/proof_composition.rs:387;src/stmt_result_to_lean_compiler/compiler/validation/direct_compilation_audit.rs:147	Litex.Same;Litex.Same.ofEq;Litex.Same.refl;Litex.TupleShape.dimension;Litex.abs;Litex.max;Litex.min;Litex.tupleDim		candidate_needs_result_tracer	Function-local co-occurrence is a candidate only; exact Result dispatch and generated Lean must prove the route.
predicate.registered_symmetric	builtin_typed	mapped_not_kernel_checked	Codex	typed_certificate_route	src/stmt_result_to_lean_compiler/compiler/fact_proof_dispatch.rs:302;src/stmt_result_to_lean_compiler/compiler/fact_proof_replay/proof_composition.rs:404;src/stmt_result_to_lean_compiler/compiler/validation/direct_compilation_audit.rs:148	Litex.Same;Litex.Same.ofEq;Litex.Same.refl;Litex.TupleShape.dimension;Litex.abs;Litex.max;Litex.min;Litex.tupleDim		candidate_needs_result_tracer	Function-local co-occurrence is a candidate only; exact Result dispatch and generated Lean must prove the route.
set.empty_subset	builtin_typed	mapped_not_kernel_checked	Codex	typed_certificate_route	src/stmt_result_to_lean_compiler/compiler/fact_proof_replay/set_builtin_rules.rs:26			callee_trace_required	Function-local co-occurrence is a candidate only; exact Result dispatch and generated Lean must prove the route.
set.finite.closed_range	builtin_typed	mapped_not_kernel_checked	Codex	typed_certificate_route	src/stmt_result_to_lean_compiler/compiler/builtin_evidence_compilation.rs:628	Litex.Set.Finite;Litex.closedRange;Litex.range		candidate_needs_result_tracer	Function-local co-occurrence is a candidate only; exact Result dispatch and generated Lean must prove the route.
set.finite.literal	builtin_typed	mapped_not_kernel_checked	Codex	typed_certificate_route	src/stmt_result_to_lean_compiler/compiler/builtin_evidence_compilation.rs:631	Litex.Set.Finite;Litex.closedRange;Litex.range		candidate_needs_result_tracer	Function-local co-occurrence is a candidate only; exact Result dispatch and generated Lean must prove the route.
set.finite.range	builtin_typed	mapped_not_kernel_checked	Codex	typed_certificate_route	src/stmt_result_to_lean_compiler/compiler/builtin_evidence_compilation.rs:625	Litex.Set.Finite;Litex.closedRange;Litex.range		candidate_needs_result_tracer	Function-local co-occurrence is a candidate only; exact Result dispatch and generated Lean must prove the route.
set.intersect_associative	builtin_typed	mapped_not_kernel_checked	Codex	typed_certificate_route	src/stmt_result_to_lean_compiler/compiler/fact_proof_replay/set_builtin_rules.rs:48			callee_trace_required	Function-local co-occurrence is a candidate only; exact Result dispatch and generated Lean must prove the route.
set.intersect_commutative	builtin_typed	mapped_not_kernel_checked	Codex	typed_certificate_route	src/stmt_result_to_lean_compiler/compiler/fact_proof_replay/set_builtin_rules.rs:45			callee_trace_required	Function-local co-occurrence is a candidate only; exact Result dispatch and generated Lean must prove the route.
set.intersect_eq_left_of_subset	builtin_typed	mapped_not_kernel_checked	Codex	typed_certificate_route	src/stmt_result_to_lean_compiler/compiler/fact_proof_replay/set_builtin_rules.rs:54			callee_trace_required	Function-local co-occurrence is a candidate only; exact Result dispatch and generated Lean must prove the route.
set.intersect_eq_right_of_subset	builtin_typed	mapped_not_kernel_checked	Codex	typed_certificate_route	src/stmt_result_to_lean_compiler/compiler/fact_proof_replay/set_builtin_rules.rs:57			callee_trace_required	Function-local co-occurrence is a candidate only; exact Result dispatch and generated Lean must prove the route.
set.intersect_finite	builtin_typed	mapped_not_kernel_checked	Codex	typed_certificate_route	src/stmt_result_to_lean_compiler/compiler/fact_proof_replay/set_builtin_rules.rs:60			callee_trace_required	Function-local co-occurrence is a candidate only; exact Result dispatch and generated Lean must prove the route.
set.intersect_idempotent	builtin_typed	mapped_not_kernel_checked	Codex	typed_certificate_route	src/stmt_result_to_lean_compiler/compiler/fact_proof_replay/set_builtin_rules.rs:51			callee_trace_required	Function-local co-occurrence is a candidate only; exact Result dispatch and generated Lean must prove the route.
set.intersect_membership	builtin_typed	mapped_not_kernel_checked	Codex	typed_certificate_route	src/stmt_result_to_lean_compiler/compiler/fact_proof_replay/set_builtin_rules.rs:113;src/stmt_result_to_lean_compiler/compiler/proof_rendering/standard_set_projection.rs:116	Litex.SetRules.inIntersect;Litex.SetRules.inSetMinus	Litex.SetRules.{theorem}	candidate_needs_result_tracer	Function-local co-occurrence is a candidate only; exact Result dispatch and generated Lean must prove the route.
set.intersect_nonmembership_left	builtin_typed	mapped_not_kernel_checked	Codex	typed_certificate_route	src/stmt_result_to_lean_compiler/compiler/proof_rendering/standard_set_projection.rs:139;src/stmt_result_to_lean_compiler/compiler/proof_rendering/standard_set_projection.rs:149	Litex.SetRules.inIntersect;Litex.SetRules.inSetMinus	Litex.SetRules.{theorem}	candidate_needs_result_tracer	Function-local co-occurrence is a candidate only; exact Result dispatch and generated Lean must prove the route.
set.intersect_nonmembership_right	builtin_typed	mapped_not_kernel_checked	Codex	typed_certificate_route	src/stmt_result_to_lean_compiler/compiler/proof_rendering/standard_set_projection.rs:140	Litex.SetRules.inIntersect;Litex.SetRules.inSetMinus	Litex.SetRules.{theorem}	candidate_needs_result_tracer	Function-local co-occurrence is a candidate only; exact Result dispatch and generated Lean must prove the route.
set.intersect_set_minus_of_subset_empty	builtin_typed	mapped_not_kernel_checked	Codex	typed_certificate_route	src/stmt_result_to_lean_compiler/compiler/fact_proof_replay/set_builtin_rules.rs:73			callee_trace_required	Function-local co-occurrence is a candidate only; exact Result dispatch and generated Lean must prove the route.
set.intersect_set_minus_self_empty	builtin_typed	mapped_not_kernel_checked	Codex	typed_certificate_route	src/stmt_result_to_lean_compiler/compiler/fact_proof_replay/set_builtin_rules.rs:70			callee_trace_required	Function-local co-occurrence is a candidate only; exact Result dispatch and generated Lean must prove the route.
set.intersect_subset_left	builtin_typed	mapped_not_kernel_checked	Codex	typed_certificate_route	src/stmt_result_to_lean_compiler/compiler/fact_proof_replay/set_builtin_rules.rs:61			callee_trace_required	Function-local co-occurrence is a candidate only; exact Result dispatch and generated Lean must prove the route.
set.intersect_subset_right	builtin_typed	mapped_not_kernel_checked	Codex	typed_certificate_route	src/stmt_result_to_lean_compiler/compiler/fact_proof_replay/set_builtin_rules.rs:64			callee_trace_required	Function-local co-occurrence is a candidate only; exact Result dispatch and generated Lean must prove the route.
set.intersect_union_distributive	builtin_typed	mapped_not_kernel_checked	Codex	typed_certificate_route	src/stmt_result_to_lean_compiler/compiler/fact_proof_replay/set_builtin_rules.rs:67			callee_trace_required	Function-local co-occurrence is a candidate only; exact Result dispatch and generated Lean must prove the route.
set.literal_membership	builtin_typed	mapped_not_kernel_checked	Codex	typed_certificate_route	src/stmt_result_to_lean_compiler/compiler/fact_proof_dispatch.rs:27;src/stmt_result_to_lean_compiler/compiler/fact_proof_replay/proof_composition.rs:128;src/stmt_result_to_lean_compiler/compiler/validation/direct_compilation_audit.rs:180	Litex.Same;Litex.Same.ofEq;Litex.Same.refl;Litex.TupleShape.dimension;Litex.abs;Litex.max;Litex.min;Litex.tupleDim		candidate_needs_result_tracer	Function-local co-occurrence is a candidate only; exact Result dispatch and generated Lean must prove the route.
set.literal_nonempty	builtin_typed	mapped_not_kernel_checked	Codex	typed_certificate_route	src/stmt_result_to_lean_compiler/compiler/fact_proof_dispatch.rs:38;src/stmt_result_to_lean_compiler/compiler/fact_proof_replay/proof_composition.rs:139;src/stmt_result_to_lean_compiler/compiler/validation/direct_compilation_audit.rs:161	Litex.Same;Litex.Same.ofEq;Litex.Same.refl;Litex.TupleShape.dimension;Litex.abs;Litex.max;Litex.min;Litex.tupleDim		candidate_needs_result_tracer	Function-local co-occurrence is a candidate only; exact Result dispatch and generated Lean must prove the route.
set.literal_subset	builtin_typed	mapped_not_kernel_checked	Codex	typed_certificate_route	src/stmt_result_to_lean_compiler/compiler/fact_proof_dispatch.rs:47;src/stmt_result_to_lean_compiler/compiler/fact_proof_replay/proof_composition.rs:148;src/stmt_result_to_lean_compiler/compiler/validation/direct_compilation_audit.rs:186	Litex.Same;Litex.Same.ofEq;Litex.Same.refl;Litex.TupleShape.dimension;Litex.abs;Litex.max;Litex.min;Litex.tupleDim		candidate_needs_result_tracer	Function-local co-occurrence is a candidate only; exact Result dispatch and generated Lean must prove the route.
set.not_subset_from_not_superset	builtin_typed	mapped_not_kernel_checked	Codex	typed_certificate_route	src/stmt_result_to_lean_compiler/compiler/fact_proof_replay/set_relation_duality.rs:31;src/stmt_result_to_lean_compiler/compiler/fact_proof_replay/set_relation_duality.rs:37			callee_trace_required	Function-local co-occurrence is a candidate only; exact Result dispatch and generated Lean must prove the route.
set.not_superset_from_not_subset	builtin_typed	mapped_not_kernel_checked	Codex	typed_certificate_route	src/stmt_result_to_lean_compiler/compiler/fact_proof_replay/set_relation_duality.rs:33;src/stmt_result_to_lean_compiler/compiler/fact_proof_replay/set_relation_duality.rs:38			callee_trace_required	Function-local co-occurrence is a candidate only; exact Result dispatch and generated Lean must prove the route.
set.power_set_finite	builtin_typed	mapped_not_kernel_checked	Codex	typed_certificate_route	src/stmt_result_to_lean_compiler/compiler/fact_proof_replay/set_builtin_rules.rs:76			callee_trace_required	Function-local co-occurrence is a candidate only; exact Result dispatch and generated Lean must prove the route.
set.power_set_membership_of_subset	builtin_typed	mapped_not_kernel_checked	Codex	typed_certificate_route	src/stmt_result_to_lean_compiler/compiler/fact_proof_replay/set_builtin_rules.rs:77			callee_trace_required	Function-local co-occurrence is a candidate only; exact Result dispatch and generated Lean must prove the route.
set.power_set_nonempty	builtin_typed	mapped_not_kernel_checked	Codex	typed_certificate_route	src/stmt_result_to_lean_compiler/compiler/fact_proof_replay/set_builtin_rules.rs:80			callee_trace_required	Function-local co-occurrence is a candidate only; exact Result dispatch and generated Lean must prove the route.
set.real_interval_subset_real	builtin_typed	mapped_not_kernel_checked	Codex	typed_certificate_route	src/stmt_result_to_lean_compiler/compiler/fact_proof_dispatch.rs:153;src/stmt_result_to_lean_compiler/compiler/fact_proof_replay/proof_composition.rs:281;src/stmt_result_to_lean_compiler/compiler/validation/direct_compilation_audit.rs:138	Litex.Same;Litex.Same.ofEq;Litex.Same.refl;Litex.TupleShape.dimension;Litex.abs;Litex.max;Litex.min;Litex.tupleDim		candidate_needs_result_tracer	Function-local co-occurrence is a candidate only; exact Result dispatch and generated Lean must prove the route.
set.set_builder_in_power_set_via_param_subset	builtin_typed	mapped_not_kernel_checked	Codex	typed_certificate_route	src/stmt_result_to_lean_compiler/compiler/fact_proof_dispatch.rs:65;src/stmt_result_to_lean_compiler/compiler/fact_proof_replay/proof_composition.rs:166;src/stmt_result_to_lean_compiler/compiler/theorem_compilation/local_definition_steps.rs:289;src/stmt_result_to_lean_compiler/compiler/validation/direct_compilation_audit.rs:163	Litex.Rules.setBuilderSubsetViaParamSubset;Litex.Same;Litex.Same.ofEq;Litex.Same.refl;Litex.TupleShape.dimension;Litex.abs;Litex.max;Litex.min;Litex.tupleDim		candidate_needs_result_tracer	Function-local co-occurrence is a candidate only; exact Result dispatch and generated Lean must prove the route.
set.set_builder_membership	builtin_typed	mapped_not_kernel_checked	Codex	typed_certificate_route	src/stmt_result_to_lean_compiler/compiler/fact_proof_dispatch.rs:115;src/stmt_result_to_lean_compiler/compiler/fact_proof_replay/function_membership.rs:19;src/stmt_result_to_lean_compiler/compiler/fact_proof_replay/proof_composition.rs:216;src/stmt_result_to_lean_compiler/compiler/validation/direct_compilation_audit.rs:134	Litex.Same;Litex.Same.ofEq;Litex.Same.refl;Litex.TupleShape.dimension;Litex.abs;Litex.max;Litex.min;Litex.tupleDim		candidate_needs_result_tracer	Function-local co-occurrence is a candidate only; exact Result dispatch and generated Lean must prove the route.
set.set_builder_subset_base	builtin_typed	mapped_not_kernel_checked	Codex	typed_certificate_route	src/stmt_result_to_lean_compiler/compiler/fact_proof_dispatch.rs:56;src/stmt_result_to_lean_compiler/compiler/fact_proof_replay/proof_composition.rs:157;src/stmt_result_to_lean_compiler/compiler/validation/direct_compilation_audit.rs:162	Litex.Same;Litex.Same.ofEq;Litex.Same.refl;Litex.TupleShape.dimension;Litex.abs;Litex.max;Litex.min;Litex.tupleDim		candidate_needs_result_tracer	Function-local co-occurrence is a candidate only; exact Result dispatch and generated Lean must prove the route.
set.set_minus_empty_left	builtin_typed	mapped_not_kernel_checked	Codex	typed_certificate_route	src/stmt_result_to_lean_compiler/compiler/fact_proof_replay/set_builtin_rules.rs:83			callee_trace_required	Function-local co-occurrence is a candidate only; exact Result dispatch and generated Lean must prove the route.
set.set_minus_empty_right	builtin_typed	mapped_not_kernel_checked	Codex	typed_certificate_route	src/stmt_result_to_lean_compiler/compiler/fact_proof_replay/set_builtin_rules.rs:82			callee_trace_required	Function-local co-occurrence is a candidate only; exact Result dispatch and generated Lean must prove the route.
set.set_minus_finite_left	builtin_typed	mapped_not_kernel_checked	Codex	typed_certificate_route	src/stmt_result_to_lean_compiler/compiler/fact_proof_replay/set_builtin_rules.rs:84			callee_trace_required	Function-local co-occurrence is a candidate only; exact Result dispatch and generated Lean must prove the route.
set.set_minus_infinite_of_infinite_finite	builtin_typed	abi_decision	user	blocked_target_abi	src/stmt_result_to_lean_compiler/compiler/fact_proof_replay/set_builtin_rules.rs:85			abi_decision	Function-local co-occurrence is a candidate only; exact Result dispatch and generated Lean must prove the route.
set.set_minus_intersect_de_morgan	builtin_typed	mapped_not_kernel_checked	Codex	typed_certificate_route	src/stmt_result_to_lean_compiler/compiler/fact_proof_replay/set_builtin_rules.rs:91			callee_trace_required	Function-local co-occurrence is a candidate only; exact Result dispatch and generated Lean must prove the route.
set.set_minus_intersect_self	builtin_typed	mapped_not_kernel_checked	Codex	typed_certificate_route	src/stmt_result_to_lean_compiler/compiler/fact_proof_replay/set_builtin_rules.rs:94			callee_trace_required	Function-local co-occurrence is a candidate only; exact Result dispatch and generated Lean must prove the route.
set.set_minus_membership	builtin_typed	mapped_not_kernel_checked	Codex	typed_certificate_route	src/stmt_result_to_lean_compiler/compiler/fact_proof_replay/set_builtin_rules.rs:116;src/stmt_result_to_lean_compiler/compiler/proof_rendering/standard_set_projection.rs:161	Litex.SetRules.inIntersect;Litex.SetRules.inSetMinus	Litex.SetRules.{theorem}	candidate_needs_result_tracer	Function-local co-occurrence is a candidate only; exact Result dispatch and generated Lean must prove the route.
set.set_minus_recover_subset	builtin_typed	mapped_not_kernel_checked	Codex	typed_certificate_route	src/stmt_result_to_lean_compiler/compiler/fact_proof_replay/set_builtin_rules.rs:97			callee_trace_required	Function-local co-occurrence is a candidate only; exact Result dispatch and generated Lean must prove the route.
set.set_minus_self_empty	builtin_typed	mapped_not_kernel_checked	Codex	typed_certificate_route	src/stmt_result_to_lean_compiler/compiler/fact_proof_replay/set_builtin_rules.rs:81			callee_trace_required	Function-local co-occurrence is a candidate only; exact Result dispatch and generated Lean must prove the route.
set.set_minus_subset_left	builtin_typed	mapped_not_kernel_checked	Codex	typed_certificate_route	src/stmt_result_to_lean_compiler/compiler/fact_proof_replay/set_builtin_rules.rs:100			callee_trace_required	Function-local co-occurrence is a candidate only; exact Result dispatch and generated Lean must prove the route.
set.set_minus_union_de_morgan	builtin_typed	mapped_not_kernel_checked	Codex	typed_certificate_route	src/stmt_result_to_lean_compiler/compiler/fact_proof_replay/set_builtin_rules.rs:101			callee_trace_required	Function-local co-occurrence is a candidate only; exact Result dispatch and generated Lean must prove the route.
set.standard_nonempty	builtin_typed	mapped_not_kernel_checked	Codex	typed_certificate_route	src/stmt_result_to_lean_compiler/compiler/fact_proof_dispatch.rs:562;src/stmt_result_to_lean_compiler/compiler/fact_proof_replay/proof_composition.rs:607;src/stmt_result_to_lean_compiler/compiler/validation/direct_compilation_audit.rs:160;src/stmt_result_to_lean_compiler/compiler/validation/standard_set_nonempty.rs:29	Litex.Rules.complexNonempty;Litex.Rules.integerNonempty;Litex.Rules.naturalNonempty;Litex.Rules.rationalNonempty;Litex.Rules.realNonempty;Litex.Same;Litex.Same.ofEq;Litex.Same.refl;Litex.Set.Nonempty;Litex.TupleShape.dimension;Litex.abs;Litex.max;Litex.min;Litex.tupleDim		candidate_needs_result_tracer	Function-local co-occurrence is a candidate only; exact Result dispatch and generated Lean must prove the route.
set.subset_eq_set_minus_recovery	builtin_typed	mapped_not_kernel_checked	Codex	typed_certificate_route	src/stmt_result_to_lean_compiler/compiler/fact_proof_replay/set_builtin_rules.rs:104			callee_trace_required	Function-local co-occurrence is a candidate only; exact Result dispatch and generated Lean must prove the route.
set.subset_from_superset	builtin_typed	mapped_not_kernel_checked	Codex	typed_certificate_route	src/stmt_result_to_lean_compiler/compiler/fact_proof_replay/set_relation_duality.rs:30			callee_trace_required	Function-local co-occurrence is a candidate only; exact Result dispatch and generated Lean must prove the route.
set.subset_reflexivity	builtin_typed	mapped_not_kernel_checked	Codex	typed_certificate_route	src/stmt_result_to_lean_compiler/compiler/fact_proof_replay/set_builtin_rules.rs:14;src/stmt_result_to_lean_compiler/compiler/fact_proof_replay/set_builtin_rules.rs:21;src/stmt_result_to_lean_compiler/compiler/proof_rendering/standard_set_projection.rs:85;src/stmt_result_to_lean_compiler/compiler/proof_rendering/standard_set_projection.rs:91	Litex.SetRules.inIntersect;Litex.SetRules.inSetMinus	Litex.SetRules.{theorem}	candidate_needs_result_tracer	Function-local co-occurrence is a candidate only; exact Result dispatch and generated Lean must prove the route.
set.subset_transitivity	builtin_typed	compiler_gap	Codex	missing_typed_certificate_route				compiler_gap	Function-local co-occurrence is a candidate only; exact Result dispatch and generated Lean must prove the route.
set.subset_union_left	builtin_typed	mapped_not_kernel_checked	Codex	typed_certificate_route	src/stmt_result_to_lean_compiler/compiler/fact_proof_replay/set_builtin_rules.rs:27			callee_trace_required	Function-local co-occurrence is a candidate only; exact Result dispatch and generated Lean must prove the route.
set.subset_union_right	builtin_typed	mapped_not_kernel_checked	Codex	typed_certificate_route	src/stmt_result_to_lean_compiler/compiler/fact_proof_replay/set_builtin_rules.rs:28			callee_trace_required	Function-local co-occurrence is a candidate only; exact Result dispatch and generated Lean must prove the route.
set.superset_from_subset	builtin_typed	mapped_not_kernel_checked	Codex	typed_certificate_route	src/stmt_result_to_lean_compiler/compiler/fact_proof_replay/set_relation_duality.rs:32			callee_trace_required	Function-local co-occurrence is a candidate only; exact Result dispatch and generated Lean must prove the route.
set.superset_reflexivity	builtin_typed	mapped_not_kernel_checked	Codex	typed_certificate_route	src/stmt_result_to_lean_compiler/compiler/fact_proof_replay/set_builtin_rules.rs:14;src/stmt_result_to_lean_compiler/compiler/proof_rendering/standard_set_projection.rs:85	Litex.SetRules.inIntersect;Litex.SetRules.inSetMinus	Litex.SetRules.{theorem}	candidate_needs_result_tracer	Function-local co-occurrence is a candidate only; exact Result dispatch and generated Lean must prove the route.
set.union_associative	builtin_typed	mapped_not_kernel_checked	Codex	typed_certificate_route	src/stmt_result_to_lean_compiler/compiler/fact_proof_replay/set_builtin_rules.rs:30			callee_trace_required	Function-local co-occurrence is a candidate only; exact Result dispatch and generated Lean must prove the route.
set.union_commutative	builtin_typed	mapped_not_kernel_checked	Codex	typed_certificate_route	src/stmt_result_to_lean_compiler/compiler/fact_proof_replay/set_builtin_rules.rs:29			callee_trace_required	Function-local co-occurrence is a candidate only; exact Result dispatch and generated Lean must prove the route.
set.union_empty_left	builtin_typed	mapped_not_kernel_checked	Codex	typed_certificate_route	src/stmt_result_to_lean_compiler/compiler/fact_proof_replay/set_builtin_rules.rs:32			callee_trace_required	Function-local co-occurrence is a candidate only; exact Result dispatch and generated Lean must prove the route.
set.union_empty_right	builtin_typed	mapped_not_kernel_checked	Codex	typed_certificate_route	src/stmt_result_to_lean_compiler/compiler/fact_proof_replay/set_builtin_rules.rs:32			callee_trace_required	Function-local co-occurrence is a candidate only; exact Result dispatch and generated Lean must prove the route.
set.union_eq_right_of_subset	builtin_typed	mapped_not_kernel_checked	Codex	typed_certificate_route	src/stmt_result_to_lean_compiler/compiler/fact_proof_replay/set_builtin_rules.rs:38			callee_trace_required	Function-local co-occurrence is a candidate only; exact Result dispatch and generated Lean must prove the route.
set.union_finite	builtin_typed	mapped_not_kernel_checked	Codex	typed_certificate_route	src/stmt_result_to_lean_compiler/compiler/fact_proof_replay/set_builtin_rules.rs:41			callee_trace_required	Function-local co-occurrence is a candidate only; exact Result dispatch and generated Lean must prove the route.
set.union_idempotent	builtin_typed	mapped_not_kernel_checked	Codex	typed_certificate_route	src/stmt_result_to_lean_compiler/compiler/fact_proof_replay/set_builtin_rules.rs:31			callee_trace_required	Function-local co-occurrence is a candidate only; exact Result dispatch and generated Lean must prove the route.
set.union_membership_left	builtin_typed	mapped_not_kernel_checked	Codex	typed_certificate_route	src/stmt_result_to_lean_compiler/compiler/fact_proof_replay/set_builtin_rules.rs:107;src/stmt_result_to_lean_compiler/compiler/proof_rendering/standard_set_projection.rs:95;src/stmt_result_to_lean_compiler/compiler/proof_rendering/standard_set_projection.rs:104	Litex.SetRules.inIntersect;Litex.SetRules.inSetMinus	Litex.SetRules.{theorem}	candidate_needs_result_tracer	Function-local co-occurrence is a candidate only; exact Result dispatch and generated Lean must prove the route.
set.union_membership_right	builtin_typed	mapped_not_kernel_checked	Codex	typed_certificate_route	src/stmt_result_to_lean_compiler/compiler/fact_proof_replay/set_builtin_rules.rs:110;src/stmt_result_to_lean_compiler/compiler/proof_rendering/standard_set_projection.rs:95	Litex.SetRules.inIntersect;Litex.SetRules.inSetMinus	Litex.SetRules.{theorem}	candidate_needs_result_tracer	Function-local co-occurrence is a candidate only; exact Result dispatch and generated Lean must prove the route.
set.union_nonempty_left	builtin_typed	mapped_not_kernel_checked	Codex	typed_certificate_route	src/stmt_result_to_lean_compiler/compiler/fact_proof_replay/set_builtin_rules.rs:42			callee_trace_required	Function-local co-occurrence is a candidate only; exact Result dispatch and generated Lean must prove the route.
set.union_nonempty_right	builtin_typed	mapped_not_kernel_checked	Codex	typed_certificate_route	src/stmt_result_to_lean_compiler/compiler/fact_proof_replay/set_builtin_rules.rs:43			callee_trace_required	Function-local co-occurrence is a candidate only; exact Result dispatch and generated Lean must prove the route.
set.union_set_minus_decomposition	builtin_typed	mapped_not_kernel_checked	Codex	typed_certificate_route	src/stmt_result_to_lean_compiler/compiler/fact_proof_replay/set_builtin_rules.rs:35			callee_trace_required	Function-local co-occurrence is a candidate only; exact Result dispatch and generated Lean must prove the route.
set.union_subset	builtin_typed	mapped_not_kernel_checked	Codex	typed_certificate_route	src/stmt_result_to_lean_compiler/compiler/fact_proof_replay/set_builtin_rules.rs:44			callee_trace_required	Function-local co-occurrence is a candidate only; exact Result dispatch and generated Lean must prove the route.
tuple.cartesian_membership	builtin_typed	mapped_not_kernel_checked	Codex	typed_certificate_route	src/stmt_result_to_lean_compiler/compiler/fact_proof_dispatch.rs:164;src/stmt_result_to_lean_compiler/compiler/fact_proof_replay/proof_composition.rs:234;src/stmt_result_to_lean_compiler/compiler/theorem_compilation/cartesian_inference.rs:16;src/stmt_result_to_lean_compiler/compiler/validation/direct_compilation_audit.rs:139	Litex.Same;Litex.Same.ofEq;Litex.Same.refl;Litex.TupleShape.dimension;Litex.abs;Litex.max;Litex.min;Litex.tupleDim;Litex.tupleShape_isTuple		candidate_needs_result_tracer	Function-local co-occurrence is a candidate only; exact Result dispatch and generated Lean must prove the route.
tuple.literal_shape	builtin_typed	mapped_not_kernel_checked	Codex	typed_certificate_route	src/stmt_result_to_lean_compiler/compiler/fact_proof_dispatch.rs:598;src/stmt_result_to_lean_compiler/compiler/fact_proof_replay/proof_composition.rs:643;src/stmt_result_to_lean_compiler/compiler/validation/direct_compilation_audit.rs:181	Litex.Same;Litex.Same.ofEq;Litex.Same.refl;Litex.TupleShape.dimension;Litex.abs;Litex.max;Litex.min;Litex.tupleDim		candidate_needs_result_tracer	Function-local co-occurrence is a candidate only; exact Result dispatch and generated Lean must prove the route.
builtin.execute.explicit_verify.theorem_application.exec_builtin_thm_stmt_impl	builtin_uncatalogued	evidence_gap	Codex	recursive_result_composition				evidence_gap	Function-local co-occurrence is a candidate only; exact Result dispatch and generated Lean must prove the route.
builtin.test.fixture	builtin_uncatalogued	unreachable	Codex	leaf_theorem_adapter				unreachable	Function-local co-occurrence is a candidate only; exact Result dispatch and generated Lean must prove the route.
builtin.verify.atomic.definition.verify_choice_function_for_fact_by_definition	builtin_uncatalogued	evidence_gap	Codex	blocked_evidence_contract				evidence_gap	Function-local co-occurrence is a candidate only; exact Result dispatch and generated Lean must prove the route.
builtin.verify.atomic.definition.verify_coprime_fact_by_definition	builtin_uncatalogued	evidence_gap	Codex	blocked_evidence_contract				evidence_gap	Function-local co-occurrence is a candidate only; exact Result dispatch and generated Lean must prove the route.
builtin.verify.atomic.definition.verify_dvd_fact_by_definition	builtin_uncatalogued	evidence_gap	Codex	blocked_evidence_contract				evidence_gap	Function-local co-occurrence is a candidate only; exact Result dispatch and generated Lean must prove the route.
builtin.verify.atomic.definition.verify_prime_fact_by_definition	builtin_uncatalogued	evidence_gap	Codex	blocked_evidence_contract				evidence_gap	Function-local co-occurrence is a candidate only; exact Result dispatch and generated Lean must prove the route.
builtin.verify.atomic.definition.verify_subset_fact_by_membership_forall_definition	builtin_uncatalogued	evidence_gap	Codex	blocked_evidence_contract				evidence_gap	Function-local co-occurrence is a candidate only; exact Result dispatch and generated Lean must prove the route.
builtin.verify.atomic.definition.verify_superset_fact_by_membership_forall_definition	builtin_uncatalogued	evidence_gap	Codex	blocked_evidence_contract				evidence_gap	Function-local co-occurrence is a candidate only; exact Result dispatch and generated Lean must prove the route.
builtin.verify.atomic.function_membership.verify_indexed_value_in_definition_return_set_via_cart_projection	builtin_uncatalogued	abi_decision	user	blocked_target_abi				abi_decision	Function-local co-occurrence is a candidate only; exact Result dispatch and generated Lean must prove the route.
builtin.verify.atomic.function_membership.verify_value_in_definition_return_set	builtin_uncatalogued	evidence_gap	Codex	leaf_theorem_adapter				evidence_gap	Function-local co-occurrence is a candidate only; exact Result dispatch and generated Lean must prove the route.
builtin.verify.atomic.function_properties.verify_builtin_function_property_by_definition	builtin_uncatalogued	evidence_gap	Codex	blocked_evidence_contract				evidence_gap	Function-local co-occurrence is a candidate only; exact Result dispatch and generated Lean must prove the route.
builtin.verify.atomic.set_relations.verify_builtin_proper_set_relation_by_definition	builtin_uncatalogued	evidence_gap	Codex	blocked_evidence_contract				evidence_gap	Function-local co-occurrence is a candidate only; exact Result dispatch and generated Lean must prove the route.
builtin.verify.atomic.set_relations.verify_builtin_proper_set_relation_from_quantifier_free_premise	builtin_uncatalogued	evidence_gap	Codex	leaf_theorem_adapter				evidence_gap	Function-local co-occurrence is a candidate only; exact Result dispatch and generated Lean must prove the route.
builtin.verify.composite.disjunction.try_verify_component_nonzero_or_from_known_square_sum_not_equal_zero	builtin_uncatalogued	evidence_gap	Codex	recursive_result_composition				evidence_gap	Function-local co-occurrence is a candidate only; exact Result dispatch and generated Lean must prove the route.
builtin.verify.composite.disjunction.try_verify_integer_successor_tail_or_from_lower_bound	builtin_uncatalogued	evidence_gap	Codex	recursive_result_composition				evidence_gap	Function-local co-occurrence is a candidate only; exact Result dispatch and generated Lean must prove the route.
builtin.verify.composite.disjunction.try_verify_or_by_classical_implication	builtin_uncatalogued	evidence_gap	Codex	recursive_result_composition				evidence_gap	Function-local co-occurrence is a candidate only; exact Result dispatch and generated Lean must prove the route.
builtin.verify.composite.disjunction.try_verify_zero_product_or	builtin_uncatalogued	evidence_gap	Codex	recursive_result_composition				evidence_gap	Function-local co-occurrence is a candidate only; exact Result dispatch and generated Lean must prove the route.
builtin.verify.composite.disjunction.verify_or_fact.01	builtin_uncatalogued	evidence_gap	Codex	recursive_result_composition				evidence_gap	Function-local co-occurrence is a candidate only; exact Result dispatch and generated Lean must prove the route.
builtin.verify.composite.disjunction.verify_or_fact.02	builtin_uncatalogued	evidence_gap	Codex	recursive_result_composition				evidence_gap	Function-local co-occurrence is a candidate only; exact Result dispatch and generated Lean must prove the route.
builtin.verify.composite.disjunction.verify_or_fact.03	builtin_uncatalogued	evidence_gap	Codex	recursive_result_composition				evidence_gap	Function-local co-occurrence is a candidate only; exact Result dispatch and generated Lean must prove the route.
builtin.verify.composite.disjunction.verify_or_fact.04	builtin_uncatalogued	evidence_gap	Codex	recursive_result_composition				evidence_gap	Function-local co-occurrence is a candidate only; exact Result dispatch and generated Lean must prove the route.
builtin.verify.composite.disjunction.verify_or_fact.05	builtin_uncatalogued	evidence_gap	Codex	recursive_result_composition				evidence_gap	Function-local co-occurrence is a candidate only; exact Result dispatch and generated Lean must prove the route.
builtin.verify.composite.disjunction.verify_or_fact.06	builtin_uncatalogued	evidence_gap	Codex	recursive_result_composition				evidence_gap	Function-local co-occurrence is a candidate only; exact Result dispatch and generated Lean must prove the route.
builtin.verify.equality.core.verify_equal_fact	builtin_uncatalogued	evidence_gap	Codex	leaf_theorem_adapter				evidence_gap	Function-local co-occurrence is a candidate only; exact Result dispatch and generated Lean must prove the route.
builtin.verify.equality.core.verify_equal_fact_by_builtin_rules_and_known_equalities.01	builtin_uncatalogued	evidence_gap	Codex	shared_adapter_candidate				evidence_gap	Function-local co-occurrence is a candidate only; exact Result dispatch and generated Lean must prove the route.
builtin.verify.equality.core.verify_equal_fact_by_builtin_rules_and_known_equalities.02	builtin_uncatalogued	evidence_gap	Codex	shared_adapter_candidate				evidence_gap	Function-local co-occurrence is a candidate only; exact Result dispatch and generated Lean must prove the route.
builtin.verify.equality.core.verify_equal_fact_by_direct_evaluation	builtin_uncatalogued	evidence_gap	Codex	fixed_reflection_adapter				evidence_gap	Function-local co-occurrence is a candidate only; exact Result dispatch and generated Lean must prove the route.
builtin.verify.equality.core.verify_equal_fact_by_known_equality_then_direct_evaluation	builtin_uncatalogued	evidence_gap	Codex	fixed_reflection_adapter				evidence_gap	Function-local co-occurrence is a candidate only; exact Result dispatch and generated Lean must prove the route.
builtin.verify.equality.core.verify_equal_fact_with_zero_premise_verification	builtin_uncatalogued	evidence_gap	Codex	leaf_theorem_adapter				evidence_gap	Function-local co-occurrence is a candidate only; exact Result dispatch and generated Lean must prove the route.
builtin.verify.equality.function.verify_fn_equal_fact_with_builtin_rules.01	builtin_uncatalogued	evidence_gap	Codex	selected_semantic_child				evidence_gap	Function-local co-occurrence is a candidate only; exact Result dispatch and generated Lean must prove the route.
builtin.verify.equality.function.verify_fn_equal_fact_with_builtin_rules.02	builtin_uncatalogued	evidence_gap	Codex	selected_semantic_child				evidence_gap	Function-local co-occurrence is a candidate only; exact Result dispatch and generated Lean must prove the route.
builtin.verify.equality.function.verify_fn_equal_in_fact_with_builtin_rules	builtin_uncatalogued	evidence_gap	Codex	selected_semantic_child				evidence_gap	Function-local co-occurrence is a candidate only; exact Result dispatch and generated Lean must prove the route.
builtin.verify.equality.function_set.fn_set_equality_verified_by_builtin_rules_result	builtin_uncatalogued	evidence_gap	Codex	recursive_result_composition				evidence_gap	Function-local co-occurrence is a candidate only; exact Result dispatch and generated Lean must prove the route.
builtin.verify.equality.patterns.factual_equal_success_by_builtin_reason_with_subgoals	builtin_uncatalogued	evidence_gap	Codex	recursive_result_composition				evidence_gap	Function-local co-occurrence is a candidate only; exact Result dispatch and generated Lean must prove the route.
builtin.verify.quantified.existential.verify_exist_fact.01	builtin_uncatalogued	evidence_gap	Codex	blocked_evidence_contract				evidence_gap	Function-local co-occurrence is a candidate only; exact Result dispatch and generated Lean must prove the route.
builtin.verify.quantified.existential.verify_exist_fact.02	builtin_uncatalogued	evidence_gap	Codex	blocked_evidence_contract				evidence_gap	Function-local co-occurrence is a candidate only; exact Result dispatch and generated Lean must prove the route.
builtin.verify.quantified.existential.verify_exist_fact.03	builtin_uncatalogued	evidence_gap	Codex	blocked_evidence_contract				evidence_gap	Function-local co-occurrence is a candidate only; exact Result dispatch and generated Lean must prove the route.
builtin.verify.quantified.existential.verify_exist_fact.04	builtin_uncatalogued	evidence_gap	Codex	blocked_evidence_contract				evidence_gap	Function-local co-occurrence is a candidate only; exact Result dispatch and generated Lean must prove the route.
builtin.verify.quantified.existential.verify_exist_fact.05	builtin_uncatalogued	evidence_gap	Codex	blocked_evidence_contract				evidence_gap	Function-local co-occurrence is a candidate only; exact Result dispatch and generated Lean must prove the route.
builtin.verify.quantified.existential.verify_exist_fact.06	builtin_uncatalogued	evidence_gap	Codex	blocked_evidence_contract				evidence_gap	Function-local co-occurrence is a candidate only; exact Result dispatch and generated Lean must prove the route.
builtin.verify.quantified.existential.verify_exist_fact.07	builtin_uncatalogued	evidence_gap	Codex	blocked_evidence_contract				evidence_gap	Function-local co-occurrence is a candidate only; exact Result dispatch and generated Lean must prove the route.
builtin.verify.quantified.existential.verify_exist_fact.08	builtin_uncatalogued	evidence_gap	Codex	blocked_evidence_contract				evidence_gap	Function-local co-occurrence is a candidate only; exact Result dispatch and generated Lean must prove the route.
builtin.verify.quantified.existential.verify_exist_fact.09	builtin_uncatalogued	evidence_gap	Codex	blocked_evidence_contract				evidence_gap	Function-local co-occurrence is a candidate only; exact Result dispatch and generated Lean must prove the route.
builtin.verify.quantified.existential.verify_exist_fact.10	builtin_uncatalogued	evidence_gap	Codex	blocked_evidence_contract				evidence_gap	Function-local co-occurrence is a candidate only; exact Result dispatch and generated Lean must prove the route.
builtin.verify.quantified.existential.verify_finite_nonempty_natural_set_has_maximum	builtin_uncatalogued	evidence_gap	Codex	blocked_evidence_contract				evidence_gap	Function-local co-occurrence is a candidate only; exact Result dispatch and generated Lean must prove the route.
builtin.verify.quantified.universal.verify_forall_fact	builtin_uncatalogued	evidence_gap	Codex	blocked_evidence_contract				evidence_gap	Function-local co-occurrence is a candidate only; exact Result dispatch and generated Lean must prove the route.
builtin.verify.quantified.universal_iff.verify_forall_fact_with_iff	builtin_uncatalogued	evidence_gap	Codex	blocked_evidence_contract				evidence_gap	Function-local co-occurrence is a candidate only; exact Result dispatch and generated Lean must prove the route.
builtin.verify.support.helper.verify_and_fact_restricted_known_builtin	builtin_uncatalogued	evidence_gap	Codex	selected_semantic_child				evidence_gap	Function-local co-occurrence is a candidate only; exact Result dispatch and generated Lean must prove the route.
builtin.verify.support.helper.verify_or_fact_restricted_known_builtin	builtin_uncatalogued	evidence_gap	Codex	selected_semantic_child				evidence_gap	Function-local co-occurrence is a candidate only; exact Result dispatch and generated Lean must prove the route.
builtin.verify.verify_builtin_rules.abs_order_builtin.try_verify_abs_finite_set_sum_triangle	builtin_uncatalogued	evidence_gap	Codex	leaf_theorem_adapter				evidence_gap	Function-local co-occurrence is a candidate only; exact Result dispatch and generated Lean must prove the route.
builtin.verify.verify_builtin_rules.abs_order_builtin.try_verify_abs_finite_sum_triangle	builtin_uncatalogued	evidence_gap	Codex	leaf_theorem_adapter				evidence_gap	Function-local co-occurrence is a candidate only; exact Result dispatch and generated Lean must prove the route.
builtin.verify.verify_builtin_rules.abs_order_builtin.try_verify_abs_lower_bound_from_abs_compare.01	builtin_uncatalogued	evidence_gap	Codex	shared_adapter_candidate				evidence_gap	Function-local co-occurrence is a candidate only; exact Result dispatch and generated Lean must prove the route.
builtin.verify.verify_builtin_rules.abs_order_builtin.try_verify_abs_lower_bound_from_abs_compare.02	builtin_uncatalogued	evidence_gap	Codex	shared_adapter_candidate				evidence_gap	Function-local co-occurrence is a candidate only; exact Result dispatch and generated Lean must prove the route.
builtin.verify.verify_builtin_rules.abs_order_builtin.try_verify_abs_lower_bound_from_abs_compare.03	builtin_uncatalogued	evidence_gap	Codex	shared_adapter_candidate				evidence_gap	Function-local co-occurrence is a candidate only; exact Result dispatch and generated Lean must prove the route.
builtin.verify.verify_builtin_rules.abs_order_builtin.try_verify_abs_lower_bound_from_abs_compare.04	builtin_uncatalogued	evidence_gap	Codex	shared_adapter_candidate				evidence_gap	Function-local co-occurrence is a candidate only; exact Result dispatch and generated Lean must prove the route.
builtin.verify.verify_builtin_rules.abs_order_builtin.try_verify_abs_lower_bound_from_abs_compare.05	builtin_uncatalogued	evidence_gap	Codex	shared_adapter_candidate				evidence_gap	Function-local co-occurrence is a candidate only; exact Result dispatch and generated Lean must prove the route.
builtin.verify.verify_builtin_rules.abs_order_builtin.try_verify_abs_lower_bound_from_abs_compare.06	builtin_uncatalogued	evidence_gap	Codex	shared_adapter_candidate				evidence_gap	Function-local co-occurrence is a candidate only; exact Result dispatch and generated Lean must prove the route.
builtin.verify.verify_builtin_rules.abs_order_builtin.try_verify_abs_lower_bound_from_abs_compare.07	builtin_uncatalogued	evidence_gap	Codex	shared_adapter_candidate				evidence_gap	Function-local co-occurrence is a candidate only; exact Result dispatch and generated Lean must prove the route.
builtin.verify.verify_builtin_rules.abs_order_builtin.try_verify_abs_upper_bound	builtin_uncatalogued	dead_or_duplicate_candidate	Codex	leaf_theorem_adapter				dead_or_duplicate_candidate	Function-local co-occurrence is a candidate only; exact Result dispatch and generated Lean must prove the route.
builtin.verify.verify_builtin_rules.complex_builtin.complex_equality_result_with_steps	builtin_uncatalogued	evidence_gap	Codex	recursive_result_composition				evidence_gap	Function-local co-occurrence is a candidate only; exact Result dispatch and generated Lean must prove the route.
builtin.verify.verify_builtin_rules.complex_builtin.complex_order_result	builtin_uncatalogued	evidence_gap	Codex	recursive_result_composition				evidence_gap	Function-local co-occurrence is a candidate only; exact Result dispatch and generated Lean must prove the route.
builtin.verify.verify_builtin_rules.complex_builtin.try_verify_native_complex_abs_nonzero	builtin_uncatalogued	evidence_gap	Codex	fixed_reflection_adapter				evidence_gap	Function-local co-occurrence is a candidate only; exact Result dispatch and generated Lean must prove the route.
builtin.verify.verify_builtin_rules.complex_builtin.try_verify_native_i_nonzero	builtin_uncatalogued	evidence_gap	Codex	fixed_reflection_adapter				evidence_gap	Function-local co-occurrence is a candidate only; exact Result dispatch and generated Lean must prove the route.
builtin.verify.verify_builtin_rules.equality_dispatch.set_equality_success	builtin_uncatalogued	evidence_gap	Codex	recursive_result_composition				evidence_gap	Function-local co-occurrence is a candidate only; exact Result dispatch and generated Lean must prove the route.
builtin.verify.verify_builtin_rules.equality_dispatch.try_verify_cart_equality_from_dim_and_projections.01	builtin_uncatalogued	evidence_gap	Codex	shared_adapter_candidate				evidence_gap	Function-local co-occurrence is a candidate only; exact Result dispatch and generated Lean must prove the route.
builtin.verify.verify_builtin_rules.equality_dispatch.try_verify_cart_equality_from_dim_and_projections.02	builtin_uncatalogued	evidence_gap	Codex	shared_adapter_candidate				evidence_gap	Function-local co-occurrence is a candidate only; exact Result dispatch and generated Lean must prove the route.
builtin.verify.verify_builtin_rules.equality_dispatch.try_verify_division_from_known_product	builtin_uncatalogued	evidence_gap	Codex	leaf_theorem_adapter				evidence_gap	Function-local co-occurrence is a candidate only; exact Result dispatch and generated Lean must prove the route.
builtin.verify.verify_builtin_rules.equality_dispatch.try_verify_empty_finite_set_from_size_zero	builtin_uncatalogued	evidence_gap	Codex	leaf_theorem_adapter				evidence_gap	Function-local co-occurrence is a candidate only; exact Result dispatch and generated Lean must prove the route.
builtin.verify.verify_builtin_rules.equality_dispatch.try_verify_empty_set_equality_from_not_nonempty.01	builtin_uncatalogued	evidence_gap	Codex	shared_adapter_candidate				evidence_gap	Function-local co-occurrence is a candidate only; exact Result dispatch and generated Lean must prove the route.
builtin.verify.verify_builtin_rules.equality_dispatch.try_verify_empty_set_equality_from_not_nonempty.02	builtin_uncatalogued	evidence_gap	Codex	shared_adapter_candidate				evidence_gap	Function-local co-occurrence is a candidate only; exact Result dispatch and generated Lean must prove the route.
builtin.verify.verify_builtin_rules.equality_dispatch.try_verify_equality_from_two_sided_weak_order.01	builtin_uncatalogued	evidence_gap	Codex	shared_adapter_candidate				evidence_gap	Function-local co-occurrence is a candidate only; exact Result dispatch and generated Lean must prove the route.
builtin.verify.verify_builtin_rules.equality_dispatch.try_verify_equality_from_two_sided_weak_order.02	builtin_uncatalogued	evidence_gap	Codex	shared_adapter_candidate				evidence_gap	Function-local co-occurrence is a candidate only; exact Result dispatch and generated Lean must prove the route.
builtin.verify.verify_builtin_rules.equality_dispatch.try_verify_finite_set_size_integer_range_equality	builtin_uncatalogued	evidence_gap	Codex	leaf_theorem_adapter				evidence_gap	Function-local co-occurrence is a candidate only; exact Result dispatch and generated Lean must prove the route.
builtin.verify.verify_builtin_rules.equality_dispatch.try_verify_finite_set_size_partition_equality	builtin_uncatalogued	evidence_gap	Codex	leaf_theorem_adapter				evidence_gap	Function-local co-occurrence is a candidate only; exact Result dispatch and generated Lean must prove the route.
builtin.verify.verify_builtin_rules.equality_dispatch.try_verify_finite_set_size_set_minus_equality	builtin_uncatalogued	evidence_gap	Codex	leaf_theorem_adapter				evidence_gap	Function-local co-occurrence is a candidate only; exact Result dispatch and generated Lean must prove the route.
builtin.verify.verify_builtin_rules.equality_dispatch.try_verify_finite_set_size_set_minus_of_subset_equality	builtin_uncatalogued	evidence_gap	Codex	leaf_theorem_adapter				evidence_gap	Function-local co-occurrence is a candidate only; exact Result dispatch and generated Lean must prove the route.
builtin.verify.verify_builtin_rules.equality_dispatch.try_verify_finite_set_size_union_equality	builtin_uncatalogued	evidence_gap	Codex	leaf_theorem_adapter				evidence_gap	Function-local co-occurrence is a candidate only; exact Result dispatch and generated Lean must prove the route.
builtin.verify.verify_builtin_rules.equality_dispatch.try_verify_indexed_set_family_equalities	builtin_uncatalogued	evidence_gap	Codex	leaf_theorem_adapter				evidence_gap	Function-local co-occurrence is a candidate only; exact Result dispatch and generated Lean must prove the route.
builtin.verify.verify_builtin_rules.equality_dispatch.try_verify_literal_set_intersection_filter	builtin_uncatalogued	evidence_gap	Codex	leaf_theorem_adapter				evidence_gap	Function-local co-occurrence is a candidate only; exact Result dispatch and generated Lean must prove the route.
builtin.verify.verify_builtin_rules.equality_dispatch.try_verify_one_subtraction_from_known_addition.01	builtin_uncatalogued	evidence_gap	Codex	shared_adapter_candidate				evidence_gap	Function-local co-occurrence is a candidate only; exact Result dispatch and generated Lean must prove the route.
builtin.verify.verify_builtin_rules.equality_dispatch.try_verify_one_subtraction_from_known_addition.02	builtin_uncatalogued	evidence_gap	Codex	shared_adapter_candidate				evidence_gap	Function-local co-occurrence is a candidate only; exact Result dispatch and generated Lean must prove the route.
builtin.verify.verify_builtin_rules.equality_dispatch.try_verify_one_subtraction_from_known_addition.03	builtin_uncatalogued	evidence_gap	Codex	shared_adapter_candidate				evidence_gap	Function-local co-occurrence is a candidate only; exact Result dispatch and generated Lean must prove the route.
builtin.verify.verify_builtin_rules.equality_dispatch.try_verify_power_set_finite_set_size_equality	builtin_uncatalogued	evidence_gap	Codex	leaf_theorem_adapter				evidence_gap	Function-local co-occurrence is a candidate only; exact Result dispatch and generated Lean must prove the route.
builtin.verify.verify_builtin_rules.equality_dispatch.try_verify_product_from_known_division_candidate	builtin_uncatalogued	evidence_gap	Codex	leaf_theorem_adapter				evidence_gap	Function-local co-occurrence is a candidate only; exact Result dispatch and generated Lean must prove the route.
builtin.verify.verify_builtin_rules.equality_dispatch.try_verify_symbolic_tuple_equality_from_coordinates	builtin_uncatalogued	abi_decision	user	blocked_target_abi				abi_decision	Function-local co-occurrence is a candidate only; exact Result dispatch and generated Lean must prove the route.
builtin.verify.verify_builtin_rules.equality_dispatch.try_verify_tuple_equality_from_dim_and_projections	builtin_uncatalogued	abi_decision	user	blocked_target_abi				abi_decision	Function-local co-occurrence is a candidate only; exact Result dispatch and generated Lean must prove the route.
builtin.verify.verify_builtin_rules.equality_dispatch.try_verify_tuple_reconstruction_from_known_cart_membership	builtin_uncatalogued	abi_decision	user	blocked_target_abi				abi_decision	Function-local co-occurrence is a candidate only; exact Result dispatch and generated Lean must prove the route.
builtin.verify.verify_builtin_rules.equality_numeric.elementary.decomposition_parts	builtin_uncatalogued	evidence_gap	Codex	recursive_result_composition				evidence_gap	Function-local co-occurrence is a candidate only; exact Result dispatch and generated Lean must prove the route.
builtin.verify.verify_builtin_rules.equality_numeric.elementary.try_verify_mod_dividend_minus_remainder_equals_zero	builtin_uncatalogued	evidence_gap	Codex	leaf_theorem_adapter				evidence_gap	Function-local co-occurrence is a candidate only; exact Result dispatch and generated Lean must prove the route.
builtin.verify.verify_builtin_rules.equality_numeric.elementary.try_verify_mod_eq_remainder_from_euclidean_division.01	builtin_uncatalogued	evidence_gap	Codex	shared_adapter_candidate				evidence_gap	Function-local co-occurrence is a candidate only; exact Result dispatch and generated Lean must prove the route.
builtin.verify.verify_builtin_rules.equality_numeric.elementary.try_verify_mod_eq_remainder_from_euclidean_division.02	builtin_uncatalogued	evidence_gap	Codex	shared_adapter_candidate				evidence_gap	Function-local co-occurrence is a candidate only; exact Result dispatch and generated Lean must prove the route.
builtin.verify.verify_builtin_rules.equality_numeric.elementary.try_verify_one_mod_equals_one_for_modulus_at_least_two	builtin_uncatalogued	evidence_gap	Codex	leaf_theorem_adapter				evidence_gap	Function-local co-occurrence is a candidate only; exact Result dispatch and generated Lean must prove the route.
builtin.verify.verify_builtin_rules.equality_numeric.elementary.try_verify_zero_equals_product_implies_other_factor_zero.01	builtin_uncatalogued	evidence_gap	Codex	shared_adapter_candidate				evidence_gap	Function-local co-occurrence is a candidate only; exact Result dispatch and generated Lean must prove the route.
builtin.verify.verify_builtin_rules.equality_numeric.elementary.try_verify_zero_equals_product_implies_other_factor_zero.02	builtin_uncatalogued	evidence_gap	Codex	shared_adapter_candidate				evidence_gap	Function-local co-occurrence is a candidate only; exact Result dispatch and generated Lean must prove the route.
builtin.verify.verify_builtin_rules.equality_numeric.elementary.try_verify_zero_equals_product_implies_other_factor_zero.03	builtin_uncatalogued	evidence_gap	Codex	shared_adapter_candidate				evidence_gap	Function-local co-occurrence is a candidate only; exact Result dispatch and generated Lean must prove the route.
builtin.verify.verify_builtin_rules.equality_numeric.finite_set_product.try_verify_finite_set_product_pointwise_equality	builtin_uncatalogued	evidence_gap	Codex	leaf_theorem_adapter				evidence_gap	Function-local co-occurrence is a candidate only; exact Result dispatch and generated Lean must prove the route.
builtin.verify.verify_builtin_rules.equality_numeric.finite_set_sum.try_verify_finite_set_sum_substitution	builtin_uncatalogued	evidence_gap	Codex	leaf_theorem_adapter				evidence_gap	Function-local co-occurrence is a candidate only; exact Result dispatch and generated Lean must prove the route.
builtin.verify.verify_builtin_rules.equality_numeric.logarithms.try_verify_pow_equals_by_known_log_inverse	builtin_uncatalogued	evidence_gap	Codex	leaf_theorem_adapter				evidence_gap	Function-local co-occurrence is a candidate only; exact Result dispatch and generated Lean must prove the route.
builtin.verify.verify_builtin_rules.equality_numeric.power_identities.try_verify_minus_one_odd_natural_power	builtin_uncatalogued	evidence_gap	Codex	leaf_theorem_adapter				evidence_gap	Function-local co-occurrence is a candidate only; exact Result dispatch and generated Lean must prove the route.
builtin.verify.verify_builtin_rules.equality_numeric.power_identities.try_verify_zero_pow_positive_exponent_identity	builtin_uncatalogued	evidence_gap	Codex	leaf_theorem_adapter				evidence_gap	Function-local co-occurrence is a candidate only; exact Result dispatch and generated Lean must prove the route.
builtin.verify.verify_builtin_rules.equality_numeric.square_root.try_verify_sqrt_of_square_identity	builtin_uncatalogued	evidence_gap	Codex	leaf_theorem_adapter				evidence_gap	Function-local co-occurrence is a candidate only; exact Result dispatch and generated Lean must prove the route.
builtin.verify.verify_builtin_rules.equality_numeric.square_root.try_verify_sqrt_product_identity	builtin_uncatalogued	evidence_gap	Codex	leaf_theorem_adapter				evidence_gap	Function-local co-occurrence is a candidate only; exact Result dispatch and generated Lean must prove the route.
builtin.verify.verify_builtin_rules.equality_numeric.square_root.try_verify_sqrt_quotient_identity	builtin_uncatalogued	evidence_gap	Codex	leaf_theorem_adapter				evidence_gap	Function-local co-occurrence is a candidate only; exact Result dispatch and generated Lean must prove the route.
builtin.verify.verify_builtin_rules.equality_numeric.square_root.try_verify_sqrt_square_identity	builtin_uncatalogued	evidence_gap	Codex	leaf_theorem_adapter				evidence_gap	Function-local co-occurrence is a candidate only; exact Result dispatch and generated Lean must prove the route.
builtin.verify.verify_builtin_rules.equality_numeric.square_root.try_verify_sqrt_zero_one_identity	builtin_uncatalogued	evidence_gap	Codex	leaf_theorem_adapter				evidence_gap	Function-local co-occurrence is a candidate only; exact Result dispatch and generated Lean must prove the route.
builtin.verify.verify_builtin_rules.equality_numeric.square_sums.try_verify_square_sum_component_zero_from_known_sum_zero	builtin_uncatalogued	evidence_gap	Codex	leaf_theorem_adapter				evidence_gap	Function-local co-occurrence is a candidate only; exact Result dispatch and generated Lean must prove the route.
builtin.verify.verify_builtin_rules.equality_numeric.square_sums.try_verify_square_sum_zero_from_zero_components	builtin_uncatalogued	evidence_gap	Codex	leaf_theorem_adapter				evidence_gap	Function-local co-occurrence is a candidate only; exact Result dispatch and generated Lean must prove the route.
builtin.verify.verify_builtin_rules.in_fact_builtin.cart_membership.try_verify_in_fact_by_symbolic_cart	builtin_uncatalogued	abi_decision	user	blocked_target_abi				abi_decision	Function-local co-occurrence is a candidate only; exact Result dispatch and generated Lean must prove the route.
builtin.verify.verify_builtin_rules.in_fact_builtin.dispatch.verify_in_fact_with_builtin_rules.01	builtin_uncatalogued	evidence_gap	Codex	selected_semantic_child				evidence_gap	Function-local co-occurrence is a candidate only; exact Result dispatch and generated Lean must prove the route.
builtin.verify.verify_builtin_rules.in_fact_builtin.dispatch.verify_in_fact_with_builtin_rules.02	builtin_uncatalogued	evidence_gap	Codex	selected_semantic_child				evidence_gap	Function-local co-occurrence is a candidate only; exact Result dispatch and generated Lean must prove the route.
builtin.verify.verify_builtin_rules.in_fact_builtin.dispatch.verify_in_fact_with_builtin_rules.03	builtin_uncatalogued	evidence_gap	Codex	selected_semantic_child				evidence_gap	Function-local co-occurrence is a candidate only; exact Result dispatch and generated Lean must prove the route.
builtin.verify.verify_builtin_rules.in_fact_builtin.dispatch.verify_in_fact_with_builtin_rules.04	builtin_uncatalogued	evidence_gap	Codex	selected_semantic_child				evidence_gap	Function-local co-occurrence is a candidate only; exact Result dispatch and generated Lean must prove the route.
builtin.verify.verify_builtin_rules.in_fact_builtin.dispatch.verify_in_fact_with_builtin_rules.05	builtin_uncatalogued	evidence_gap	Codex	selected_semantic_child				evidence_gap	Function-local co-occurrence is a candidate only; exact Result dispatch and generated Lean must prove the route.
builtin.verify.verify_builtin_rules.in_fact_builtin.dispatch.verify_in_fact_with_builtin_rules.06	builtin_uncatalogued	evidence_gap	Codex	selected_semantic_child				evidence_gap	Function-local co-occurrence is a candidate only; exact Result dispatch and generated Lean must prove the route.
builtin.verify.verify_builtin_rules.in_fact_builtin.dispatch.verify_in_fact_with_builtin_rules.07	builtin_uncatalogued	evidence_gap	Codex	selected_semantic_child				evidence_gap	Function-local co-occurrence is a candidate only; exact Result dispatch and generated Lean must prove the route.
builtin.verify.verify_builtin_rules.in_fact_builtin.dispatch.verify_in_fact_with_builtin_rules.08	builtin_uncatalogued	evidence_gap	Codex	selected_semantic_child				evidence_gap	Function-local co-occurrence is a candidate only; exact Result dispatch and generated Lean must prove the route.
builtin.verify.verify_builtin_rules.in_fact_builtin.dispatch.verify_in_fact_with_builtin_rules.09	builtin_uncatalogued	evidence_gap	Codex	selected_semantic_child				evidence_gap	Function-local co-occurrence is a candidate only; exact Result dispatch and generated Lean must prove the route.
builtin.verify.verify_builtin_rules.in_fact_builtin.dispatch.verify_in_fact_with_builtin_rules.10	builtin_uncatalogued	evidence_gap	Codex	selected_semantic_child				evidence_gap	Function-local co-occurrence is a candidate only; exact Result dispatch and generated Lean must prove the route.
builtin.verify.verify_builtin_rules.in_fact_builtin.dispatch.verify_in_fact_with_builtin_rules.11	builtin_uncatalogued	evidence_gap	Codex	selected_semantic_child				evidence_gap	Function-local co-occurrence is a candidate only; exact Result dispatch and generated Lean must prove the route.
builtin.verify.verify_builtin_rules.in_fact_builtin.dispatch.verify_not_in_fact_with_builtin_rules	builtin_uncatalogued	evidence_gap	Codex	selected_semantic_child				evidence_gap	Function-local co-occurrence is a candidate only; exact Result dispatch and generated Lean must prove the route.
builtin.verify.verify_builtin_rules.in_fact_builtin.numeric_membership.verify_in_fact_add_in_n_pos_from_n_pos_and_n.01	builtin_uncatalogued	dead_or_duplicate_candidate	Codex	shared_adapter_candidate				dead_or_duplicate_candidate	Function-local co-occurrence is a candidate only; exact Result dispatch and generated Lean must prove the route.
builtin.verify.verify_builtin_rules.in_fact_builtin.numeric_membership.verify_in_fact_add_in_n_pos_from_n_pos_and_n.02	builtin_uncatalogued	dead_or_duplicate_candidate	Codex	shared_adapter_candidate				dead_or_duplicate_candidate	Function-local co-occurrence is a candidate only; exact Result dispatch and generated Lean must prove the route.
builtin.verify.verify_builtin_rules.in_fact_builtin.numeric_membership.verify_in_fact_add_in_n_pos_from_n_pos_and_n.03	builtin_uncatalogued	dead_or_duplicate_candidate	Codex	shared_adapter_candidate				dead_or_duplicate_candidate	Function-local co-occurrence is a candidate only; exact Result dispatch and generated Lean must prove the route.
builtin.verify.verify_builtin_rules.in_fact_builtin.numeric_membership.verify_in_fact_add_in_n_pos_from_n_pos_and_n.04	builtin_uncatalogued	evidence_gap	Codex	shared_adapter_candidate				evidence_gap	Function-local co-occurrence is a candidate only; exact Result dispatch and generated Lean must prove the route.
builtin.verify.verify_builtin_rules.in_fact_builtin.numeric_membership.verify_in_fact_arithmetic_expression_in_q	builtin_uncatalogued	evidence_gap	Codex	leaf_theorem_adapter				evidence_gap	Function-local co-occurrence is a candidate only; exact Result dispatch and generated Lean must prove the route.
builtin.verify.verify_builtin_rules.in_fact_builtin.numeric_membership.verify_in_fact_arithmetic_expression_in_standard_negative_set.01	builtin_uncatalogued	evidence_gap	Codex	shared_adapter_candidate				evidence_gap	Function-local co-occurrence is a candidate only; exact Result dispatch and generated Lean must prove the route.
builtin.verify.verify_builtin_rules.in_fact_builtin.numeric_membership.verify_in_fact_arithmetic_expression_in_standard_negative_set.02	builtin_uncatalogued	evidence_gap	Codex	shared_adapter_candidate				evidence_gap	Function-local co-occurrence is a candidate only; exact Result dispatch and generated Lean must prove the route.
builtin.verify.verify_builtin_rules.in_fact_builtin.numeric_membership.verify_in_fact_arithmetic_expression_in_standard_negative_set.03	builtin_uncatalogued	evidence_gap	Codex	shared_adapter_candidate				evidence_gap	Function-local co-occurrence is a candidate only; exact Result dispatch and generated Lean must prove the route.
builtin.verify.verify_builtin_rules.in_fact_builtin.numeric_membership.verify_in_fact_arithmetic_expression_in_standard_negative_set.04	builtin_uncatalogued	evidence_gap	Codex	shared_adapter_candidate				evidence_gap	Function-local co-occurrence is a candidate only; exact Result dispatch and generated Lean must prove the route.
builtin.verify.verify_builtin_rules.in_fact_builtin.numeric_membership.verify_in_fact_arithmetic_expression_in_z	builtin_uncatalogued	evidence_gap	Codex	leaf_theorem_adapter				evidence_gap	Function-local co-occurrence is a candidate only; exact Result dispatch and generated Lean must prove the route.
builtin.verify.verify_builtin_rules.in_fact_builtin.numeric_membership.verify_in_fact_fn_application_in_typed_return_set	builtin_uncatalogued	evidence_gap	Codex	leaf_theorem_adapter				evidence_gap	Function-local co-occurrence is a candidate only; exact Result dispatch and generated Lean must prove the route.
builtin.verify.verify_builtin_rules.in_fact_builtin.numeric_membership.verify_in_fact_interval_by_real_order_bounds.01	builtin_uncatalogued	evidence_gap	Codex	shared_adapter_candidate				evidence_gap	Function-local co-occurrence is a candidate only; exact Result dispatch and generated Lean must prove the route.
builtin.verify.verify_builtin_rules.in_fact_builtin.numeric_membership.verify_in_fact_interval_by_real_order_bounds.02	builtin_uncatalogued	evidence_gap	Codex	shared_adapter_candidate				evidence_gap	Function-local co-occurrence is a candidate only; exact Result dispatch and generated Lean must prove the route.
builtin.verify.verify_builtin_rules.in_fact_builtin.numeric_membership.verify_in_fact_mul_in_n_pos_from_factors_in_n_pos	builtin_uncatalogued	dead_or_duplicate_candidate	Codex	leaf_theorem_adapter				dead_or_duplicate_candidate	Function-local co-occurrence is a candidate only; exact Result dispatch and generated Lean must prove the route.
builtin.verify.verify_builtin_rules.in_fact_builtin.numeric_membership.verify_in_fact_one_side_infinity_interval_by_real_order_bound.01	builtin_uncatalogued	evidence_gap	Codex	shared_adapter_candidate				evidence_gap	Function-local co-occurrence is a candidate only; exact Result dispatch and generated Lean must prove the route.
builtin.verify.verify_builtin_rules.in_fact_builtin.numeric_membership.verify_in_fact_one_side_infinity_interval_by_real_order_bound.02	builtin_uncatalogued	evidence_gap	Codex	shared_adapter_candidate				evidence_gap	Function-local co-occurrence is a candidate only; exact Result dispatch and generated Lean must prove the route.
builtin.verify.verify_builtin_rules.in_fact_builtin.numeric_membership.verify_in_fact_pow_in_r_pos_from_positive_base_real_exponent	builtin_uncatalogued	evidence_gap	Codex	leaf_theorem_adapter				evidence_gap	Function-local co-occurrence is a candidate only; exact Result dispatch and generated Lean must prove the route.
builtin.verify.verify_builtin_rules.in_fact_builtin.numeric_membership.verify_in_fact_pow_in_standard_set_from_base_and_natural_exponent	builtin_uncatalogued	evidence_gap	Codex	leaf_theorem_adapter				evidence_gap	Function-local co-occurrence is a candidate only; exact Result dispatch and generated Lean must prove the route.
builtin.verify.verify_builtin_rules.in_fact_builtin.numeric_membership.verify_in_fact_sub_in_n_from_integer_terms_and_bound.01	builtin_uncatalogued	evidence_gap	Codex	shared_adapter_candidate				evidence_gap	Function-local co-occurrence is a candidate only; exact Result dispatch and generated Lean must prove the route.
builtin.verify.verify_builtin_rules.in_fact_builtin.numeric_membership.verify_in_fact_sub_in_n_from_integer_terms_and_bound.02	builtin_uncatalogued	evidence_gap	Codex	shared_adapter_candidate				evidence_gap	Function-local co-occurrence is a candidate only; exact Result dispatch and generated Lean must prove the route.
builtin.verify.verify_builtin_rules.in_fact_builtin.numeric_membership.verify_in_fact_sub_in_n_from_integer_terms_and_bound.03	builtin_uncatalogued	evidence_gap	Codex	shared_adapter_candidate				evidence_gap	Function-local co-occurrence is a candidate only; exact Result dispatch and generated Lean must prove the route.
builtin.verify.verify_builtin_rules.in_fact_builtin.numeric_membership.verify_in_fact_sub_in_n_from_integer_terms_and_bound.04	builtin_uncatalogued	evidence_gap	Codex	shared_adapter_candidate				evidence_gap	Function-local co-occurrence is a candidate only; exact Result dispatch and generated Lean must prove the route.
builtin.verify.verify_builtin_rules.in_fact_builtin.numeric_membership.verify_in_fact_sub_in_n_pos_from_n_pos_and_greater_than_one	builtin_uncatalogued	evidence_gap	Codex	leaf_theorem_adapter				evidence_gap	Function-local co-occurrence is a candidate only; exact Result dispatch and generated Lean must prove the route.
builtin.verify.verify_builtin_rules.in_fact_builtin.numeric_membership.verify_reduce_membership_from_operation_carrier	builtin_uncatalogued	evidence_gap	Codex	leaf_theorem_adapter				evidence_gap	Function-local co-occurrence is a candidate only; exact Result dispatch and generated Lean must prove the route.
builtin.verify.verify_builtin_rules.in_fact_builtin.numeric_membership.verify_refined_integer_carrier_from_known_sign	builtin_uncatalogued	evidence_gap	Codex	leaf_theorem_adapter				evidence_gap	Function-local co-occurrence is a candidate only; exact Result dispatch and generated Lean must prove the route.
builtin.verify.verify_builtin_rules.in_fact_builtin.numeric_values.not_in_fact_verified_by_builtin_rules_result	builtin_uncatalogued	evidence_gap	Codex	recursive_result_composition				evidence_gap	Function-local co-occurrence is a candidate only; exact Result dispatch and generated Lean must prove the route.
builtin.verify.verify_builtin_rules.in_fact_builtin.numeric_values.number_in_set_verified_by_builtin_rules_result	builtin_uncatalogued	evidence_gap	Codex	recursive_result_composition				evidence_gap	Function-local co-occurrence is a candidate only; exact Result dispatch and generated Lean must prove the route.
builtin.verify.verify_builtin_rules.in_fact_builtin.numeric_values.number_in_set_verified_by_builtin_rules_result_with_subgoals	builtin_uncatalogued	evidence_gap	Codex	recursive_result_composition				evidence_gap	Function-local co-occurrence is a candidate only; exact Result dispatch and generated Lean must prove the route.
builtin.verify.verify_builtin_rules.in_fact_builtin.set_membership.maybe_verify_in_fact_finite_set_extremum.01	builtin_uncatalogued	evidence_gap	Codex	shared_adapter_candidate				evidence_gap	Function-local co-occurrence is a candidate only; exact Result dispatch and generated Lean must prove the route.
builtin.verify.verify_builtin_rules.in_fact_builtin.set_membership.maybe_verify_in_fact_finite_set_extremum.02	builtin_uncatalogued	evidence_gap	Codex	shared_adapter_candidate				evidence_gap	Function-local co-occurrence is a candidate only; exact Result dispatch and generated Lean must prove the route.
builtin.verify.verify_builtin_rules.in_fact_builtin.set_membership.maybe_verify_in_fact_in_unfolded_user_defined_set_once	builtin_uncatalogued	evidence_gap	Codex	leaf_theorem_adapter				evidence_gap	Function-local co-occurrence is a candidate only; exact Result dispatch and generated Lean must prove the route.
builtin.verify.verify_builtin_rules.in_fact_builtin.set_membership.try_verify_atomic_fact_from_known_set_builder_membership.01	builtin_uncatalogued	evidence_gap	Codex	shared_adapter_candidate				evidence_gap	Function-local co-occurrence is a candidate only; exact Result dispatch and generated Lean must prove the route.
builtin.verify.verify_builtin_rules.in_fact_builtin.set_membership.try_verify_atomic_fact_from_known_set_builder_membership.02	builtin_uncatalogued	evidence_gap	Codex	shared_adapter_candidate				evidence_gap	Function-local co-occurrence is a candidate only; exact Result dispatch and generated Lean must prove the route.
builtin.verify.verify_builtin_rules.in_fact_builtin.set_membership.try_verify_set_builder_membership_definition_transport.01	builtin_uncatalogued	evidence_gap	Codex	blocked_evidence_contract				evidence_gap	Function-local co-occurrence is a candidate only; exact Result dispatch and generated Lean must prove the route.
builtin.verify.verify_builtin_rules.in_fact_builtin.set_membership.try_verify_set_builder_membership_definition_transport.02	builtin_uncatalogued	evidence_gap	Codex	blocked_evidence_contract				evidence_gap	Function-local co-occurrence is a candidate only; exact Result dispatch and generated Lean must prove the route.
builtin.verify.verify_builtin_rules.in_fact_builtin.set_membership.verify_in_fact_by_known_direct_superset	builtin_uncatalogued	mapped_not_kernel_checked	Codex	leaf_theorem_adapter	src/stmt_result_to_lean_compiler/compiler/fact_proof_dispatch.rs:389;src/stmt_result_to_lean_compiler/compiler/fact_proof_replay/proof_composition.rs:491	Litex.Same.ofEq;Litex.Same.refl;Litex.TupleShape.dimension;Litex.abs;Litex.max;Litex.min;Litex.tupleDim		candidate_needs_result_tracer	Function-local co-occurrence is a candidate only; exact Result dispatch and generated Lean must prove the route.
builtin.verify.verify_builtin_rules.in_fact_builtin.set_membership.verify_in_fact_by_struct_obj.01	builtin_uncatalogued	evidence_gap	Codex	shared_adapter_candidate				evidence_gap	Function-local co-occurrence is a candidate only; exact Result dispatch and generated Lean must prove the route.
builtin.verify.verify_builtin_rules.in_fact_builtin.set_membership.verify_in_fact_by_struct_obj.02	builtin_uncatalogued	evidence_gap	Codex	shared_adapter_candidate				evidence_gap	Function-local co-occurrence is a candidate only; exact Result dispatch and generated Lean must prove the route.
builtin.verify.verify_builtin_rules.in_fact_builtin.set_membership.verify_in_fact_fn_application_in_fn_range	builtin_uncatalogued	dead_or_duplicate_candidate	Codex	leaf_theorem_adapter				dead_or_duplicate_candidate	Function-local co-occurrence is a candidate only; exact Result dispatch and generated Lean must prove the route.
builtin.verify.verify_builtin_rules.in_fact_builtin.set_membership.verify_in_fact_fn_range_in_power_set.01	builtin_uncatalogued	evidence_gap	Codex	shared_adapter_candidate				evidence_gap	Function-local co-occurrence is a candidate only; exact Result dispatch and generated Lean must prove the route.
builtin.verify.verify_builtin_rules.in_fact_builtin.set_membership.verify_in_fact_fn_range_in_power_set.02	builtin_uncatalogued	evidence_gap	Codex	shared_adapter_candidate				evidence_gap	Function-local co-occurrence is a candidate only; exact Result dispatch and generated Lean must prove the route.
builtin.verify.verify_builtin_rules.in_fact_builtin.set_membership.verify_in_fact_in_big_union_by_member_witness.01	builtin_uncatalogued	evidence_gap	Codex	shared_adapter_candidate				evidence_gap	Function-local co-occurrence is a candidate only; exact Result dispatch and generated Lean must prove the route.
builtin.verify.verify_builtin_rules.in_fact_builtin.set_membership.verify_in_fact_in_big_union_by_member_witness.02	builtin_uncatalogued	evidence_gap	Codex	shared_adapter_candidate				evidence_gap	Function-local co-occurrence is a candidate only; exact Result dispatch and generated Lean must prove the route.
builtin.verify.verify_builtin_rules.in_fact_builtin.set_membership.verify_in_fact_in_general_cart_by_defining_facts	builtin_uncatalogued	abi_decision	user	blocked_target_abi				abi_decision	Function-local co-occurrence is a candidate only; exact Result dispatch and generated Lean must prove the route.
builtin.verify.verify_builtin_rules.in_fact_builtin.set_membership.verify_in_fact_in_index_intersect_by_pointwise_membership.01	builtin_uncatalogued	evidence_gap	Codex	shared_adapter_candidate				evidence_gap	Function-local co-occurrence is a candidate only; exact Result dispatch and generated Lean must prove the route.
builtin.verify.verify_builtin_rules.in_fact_builtin.set_membership.verify_in_fact_in_index_intersect_by_pointwise_membership.02	builtin_uncatalogued	evidence_gap	Codex	shared_adapter_candidate				evidence_gap	Function-local co-occurrence is a candidate only; exact Result dispatch and generated Lean must prove the route.
builtin.verify.verify_builtin_rules.in_fact_builtin.set_membership.verify_in_fact_in_index_union_by_index_witness.01	builtin_uncatalogued	evidence_gap	Codex	shared_adapter_candidate				evidence_gap	Function-local co-occurrence is a candidate only; exact Result dispatch and generated Lean must prove the route.
builtin.verify.verify_builtin_rules.in_fact_builtin.set_membership.verify_in_fact_in_index_union_by_index_witness.02	builtin_uncatalogued	evidence_gap	Codex	shared_adapter_candidate				evidence_gap	Function-local co-occurrence is a candidate only; exact Result dispatch and generated Lean must prove the route.
builtin.verify.verify_builtin_rules.in_fact_builtin.set_membership.verify_in_fact_in_index_union_by_index_witness.03	builtin_uncatalogued	evidence_gap	Codex	shared_adapter_candidate				evidence_gap	Function-local co-occurrence is a candidate only; exact Result dispatch and generated Lean must prove the route.
builtin.verify.verify_builtin_rules.in_fact_builtin.set_membership.verify_in_fact_in_intersect_by_member_of_both_sides	builtin_uncatalogued	evidence_gap	Codex	leaf_theorem_adapter				evidence_gap	Function-local co-occurrence is a candidate only; exact Result dispatch and generated Lean must prove the route.
builtin.verify.verify_builtin_rules.in_fact_builtin.set_membership.verify_in_fact_in_power_set_via_subset	builtin_uncatalogued	evidence_gap	Codex	leaf_theorem_adapter				evidence_gap	Function-local co-occurrence is a candidate only; exact Result dispatch and generated Lean must prove the route.
builtin.verify.verify_builtin_rules.in_fact_builtin.set_membership.verify_in_fact_in_replacement_by_relation_witness.01	builtin_uncatalogued	evidence_gap	Codex	shared_adapter_candidate				evidence_gap	Function-local co-occurrence is a candidate only; exact Result dispatch and generated Lean must prove the route.
builtin.verify.verify_builtin_rules.in_fact_builtin.set_membership.verify_in_fact_in_replacement_by_relation_witness.02	builtin_uncatalogued	evidence_gap	Codex	shared_adapter_candidate				evidence_gap	Function-local co-occurrence is a candidate only; exact Result dispatch and generated Lean must prove the route.
builtin.verify.verify_builtin_rules.in_fact_builtin.set_membership.verify_in_fact_in_set_minus_by_member_and_non_member	builtin_uncatalogued	evidence_gap	Codex	leaf_theorem_adapter				evidence_gap	Function-local co-occurrence is a candidate only; exact Result dispatch and generated Lean must prove the route.
builtin.verify.verify_builtin_rules.in_fact_builtin.set_membership.verify_in_fact_in_union_by_member_of_either_side	builtin_uncatalogued	evidence_gap	Codex	leaf_theorem_adapter				evidence_gap	Function-local co-occurrence is a candidate only; exact Result dispatch and generated Lean must prove the route.
builtin.verify.verify_builtin_rules.in_fact_builtin.set_membership.verify_not_in_fact_not_in_intersect_by_non_member_of_either_side	builtin_uncatalogued	evidence_gap	Codex	leaf_theorem_adapter				evidence_gap	Function-local co-occurrence is a candidate only; exact Result dispatch and generated Lean must prove the route.
builtin.verify.verify_builtin_rules.in_fact_builtin.structured_membership.verify_in_fact_anonymous_fn_signature_matches_fn_set.01	builtin_uncatalogued	evidence_gap	Codex	shared_adapter_candidate				evidence_gap	Function-local co-occurrence is a candidate only; exact Result dispatch and generated Lean must prove the route.
builtin.verify.verify_builtin_rules.in_fact_builtin.structured_membership.verify_in_fact_anonymous_fn_signature_matches_fn_set.02	builtin_uncatalogued	evidence_gap	Codex	shared_adapter_candidate				evidence_gap	Function-local co-occurrence is a candidate only; exact Result dispatch and generated Lean must prove the route.
builtin.verify.verify_builtin_rules.in_fact_builtin.structured_membership.verify_in_fact_anonymous_fn_signature_matches_fn_set_through_equal_sets	builtin_uncatalogued	evidence_gap	Codex	leaf_theorem_adapter				evidence_gap	Function-local co-occurrence is a candidate only; exact Result dispatch and generated Lean must prove the route.
builtin.verify.verify_builtin_rules.in_fact_builtin.structured_membership.verify_in_fact_by_equal_to_one_element_in_list_set	builtin_uncatalogued	evidence_gap	Codex	leaf_theorem_adapter				evidence_gap	Function-local co-occurrence is a candidate only; exact Result dispatch and generated Lean must prove the route.
builtin.verify.verify_builtin_rules.in_fact_builtin.structured_membership.verify_in_fact_by_known_list_set_carrier	builtin_uncatalogued	evidence_gap	Codex	leaf_theorem_adapter				evidence_gap	Function-local co-occurrence is a candidate only; exact Result dispatch and generated Lean must prove the route.
builtin.verify.verify_builtin_rules.in_fact_builtin.structured_membership.verify_in_fact_element_in_fn_set_by_stored_definition.01	builtin_uncatalogued	evidence_gap	Codex	shared_adapter_candidate				evidence_gap	Function-local co-occurrence is a candidate only; exact Result dispatch and generated Lean must prove the route.
builtin.verify.verify_builtin_rules.in_fact_builtin.structured_membership.verify_in_fact_element_in_fn_set_by_stored_definition.02	builtin_uncatalogued	evidence_gap	Codex	shared_adapter_candidate				evidence_gap	Function-local co-occurrence is a candidate only; exact Result dispatch and generated Lean must prove the route.
builtin.verify.verify_builtin_rules.in_fact_builtin.structured_membership.verify_in_fact_finite_seq_literal_application_in_set	builtin_uncatalogued	evidence_gap	Codex	leaf_theorem_adapter				evidence_gap	Function-local co-occurrence is a candidate only; exact Result dispatch and generated Lean must prove the route.
builtin.verify.verify_builtin_rules.in_fact_builtin.structured_membership.verify_in_fact_list_set_in_power_set_defines_membership	builtin_uncatalogued	evidence_gap	Codex	leaf_theorem_adapter				evidence_gap	Function-local co-occurrence is a candidate only; exact Result dispatch and generated Lean must prove the route.
builtin.verify.verify_builtin_rules.in_fact_builtin.structured_membership.verify_in_fact_literal_tuple_projection_in_set.01	builtin_uncatalogued	evidence_gap	Codex	shared_adapter_candidate				evidence_gap	Function-local co-occurrence is a candidate only; exact Result dispatch and generated Lean must prove the route.
builtin.verify.verify_builtin_rules.in_fact_builtin.structured_membership.verify_in_fact_literal_tuple_projection_in_set.02	builtin_uncatalogued	evidence_gap	Codex	shared_adapter_candidate				evidence_gap	Function-local co-occurrence is a candidate only; exact Result dispatch and generated Lean must prove the route.
builtin.verify.verify_builtin_rules.in_fact_builtin.structured_membership.verify_in_fact_obj_at_index_in_standard_set_by_cart_factor_list_set	builtin_uncatalogued	abi_decision	user	blocked_target_abi				abi_decision	Function-local co-occurrence is a candidate only; exact Result dispatch and generated Lean must prove the route.
builtin.verify.verify_builtin_rules.in_fact_builtin.structured_membership.verify_in_fact_set_builder_in_power_set_via_param_subset.01	builtin_uncatalogued	evidence_gap	Codex	shared_adapter_candidate				evidence_gap	Function-local co-occurrence is a candidate only; exact Result dispatch and generated Lean must prove the route.
builtin.verify.verify_builtin_rules.in_fact_builtin.structured_membership.verify_in_fact_set_builder_in_power_set_via_param_subset.02	builtin_uncatalogued	dead_or_duplicate_candidate	Codex	shared_adapter_candidate				dead_or_duplicate_candidate	Function-local co-occurrence is a candidate only; exact Result dispatch and generated Lean must prove the route.
builtin.verify.verify_builtin_rules.in_fact_builtin.structured_membership.verify_in_fact_struct_field_in_definition_carrier	builtin_uncatalogued	evidence_gap	Codex	leaf_theorem_adapter				evidence_gap	Function-local co-occurrence is a candidate only; exact Result dispatch and generated Lean must prove the route.
builtin.verify.verify_builtin_rules.in_fact_builtin.structured_membership.verify_not_in_fact_by_not_equal_to_every_element_in_list_set	builtin_uncatalogued	evidence_gap	Codex	leaf_theorem_adapter				evidence_gap	Function-local co-occurrence is a candidate only; exact Result dispatch and generated Lean must prove the route.
builtin.verify.verify_builtin_rules.indexed_set_family.indexed_family_subset_success	builtin_uncatalogued	evidence_gap	Codex	recursive_result_composition				evidence_gap	Function-local co-occurrence is a candidate only; exact Result dispatch and generated Lean must prove the route.
builtin.verify.verify_builtin_rules.indexed_set_family.verify_index_set_nonempty_premise	builtin_uncatalogued	evidence_gap	Codex	leaf_theorem_adapter				evidence_gap	Function-local co-occurrence is a candidate only; exact Result dispatch and generated Lean must prove the route.
builtin.verify.verify_builtin_rules.mapping_properties_builtin.try_verify_finite_codomain_from_known_surjection	builtin_uncatalogued	evidence_gap	Codex	leaf_theorem_adapter				evidence_gap	Function-local co-occurrence is a candidate only; exact Result dispatch and generated Lean must prove the route.
builtin.verify.verify_builtin_rules.mapping_properties_builtin.try_verify_finite_set_size_codomain_le_domain_from_known_surjection	builtin_uncatalogued	evidence_gap	Codex	leaf_theorem_adapter				evidence_gap	Function-local co-occurrence is a candidate only; exact Result dispatch and generated Lean must prove the route.
builtin.verify.verify_builtin_rules.mapping_properties_builtin.try_verify_finite_set_size_fn_range_from_known_injection	builtin_uncatalogued	evidence_gap	Codex	leaf_theorem_adapter				evidence_gap	Function-local co-occurrence is a candidate only; exact Result dispatch and generated Lean must prove the route.
builtin.verify.verify_builtin_rules.mapping_properties_builtin.try_verify_finite_set_size_from_known_bijection	builtin_uncatalogued	evidence_gap	Codex	leaf_theorem_adapter				evidence_gap	Function-local co-occurrence is a candidate only; exact Result dispatch and generated Lean must prove the route.
builtin.verify.verify_builtin_rules.mapping_properties_builtin.verify_known_or_structurally_finite_set	builtin_uncatalogued	evidence_gap	Codex	leaf_theorem_adapter				evidence_gap	Function-local co-occurrence is a candidate only; exact Result dispatch and generated Lean must prove the route.
builtin.verify.verify_builtin_rules.native_exp_sign_factorial.native_equal_success	builtin_uncatalogued	evidence_gap	Codex	recursive_result_composition				evidence_gap	Function-local co-occurrence is a candidate only; exact Result dispatch and generated Lean must prove the route.
builtin.verify.verify_builtin_rules.native_exp_sign_factorial.try_verify_native_exp_ln_monotonicity.01	builtin_uncatalogued	evidence_gap	Codex	fixed_reflection_adapter				evidence_gap	Function-local co-occurrence is a candidate only; exact Result dispatch and generated Lean must prove the route.
builtin.verify.verify_builtin_rules.native_exp_sign_factorial.try_verify_native_exp_ln_monotonicity.02	builtin_uncatalogued	evidence_gap	Codex	fixed_reflection_adapter				evidence_gap	Function-local co-occurrence is a candidate only; exact Result dispatch and generated Lean must prove the route.
builtin.verify.verify_builtin_rules.native_exp_sign_factorial.try_verify_native_exp_ln_monotonicity.03	builtin_uncatalogued	evidence_gap	Codex	fixed_reflection_adapter				evidence_gap	Function-local co-occurrence is a candidate only; exact Result dispatch and generated Lean must prove the route.
builtin.verify.verify_builtin_rules.native_exp_sign_factorial.try_verify_native_exp_sign_factorial_order	builtin_uncatalogued	evidence_gap	Codex	fixed_reflection_adapter				evidence_gap	Function-local co-occurrence is a candidate only; exact Result dispatch and generated Lean must prove the route.
builtin.verify.verify_builtin_rules.native_exp_sign_factorial.try_verify_native_factorial_monotonicity	builtin_uncatalogued	evidence_gap	Codex	fixed_reflection_adapter				evidence_gap	Function-local co-occurrence is a candidate only; exact Result dispatch and generated Lean must prove the route.
builtin.verify.verify_builtin_rules.native_exp_sign_factorial.try_verify_native_sign_monotonicity	builtin_uncatalogued	evidence_gap	Codex	fixed_reflection_adapter				evidence_gap	Function-local co-occurrence is a candidate only; exact Result dispatch and generated Lean must prove the route.
builtin.verify.verify_builtin_rules.native_exp_sign_factorial.try_verify_native_sign_nonzero_characterization	builtin_uncatalogued	evidence_gap	Codex	fixed_reflection_adapter				evidence_gap	Function-local co-occurrence is a candidate only; exact Result dispatch and generated Lean must prove the route.
builtin.verify.verify_builtin_rules.native_integer_extrema.try_verify_native_lcm_basic_equality	builtin_uncatalogued	evidence_gap	Codex	fixed_reflection_adapter				evidence_gap	Function-local co-occurrence is a candidate only; exact Result dispatch and generated Lean must prove the route.
builtin.verify.verify_builtin_rules.native_integer_extrema.try_verify_native_lcm_gcd_product_equality	builtin_uncatalogued	evidence_gap	Codex	fixed_reflection_adapter				evidence_gap	Function-local co-occurrence is a candidate only; exact Result dispatch and generated Lean must prove the route.
builtin.verify.verify_builtin_rules.native_integer_extrema.try_verify_native_lcm_le_common_positive_multiple	builtin_uncatalogued	evidence_gap	Codex	fixed_reflection_adapter				evidence_gap	Function-local co-occurrence is a candidate only; exact Result dispatch and generated Lean must prove the route.
builtin.verify.verify_builtin_rules.native_integer_extrema.try_verify_native_rounding_algebra_equality.01	builtin_uncatalogued	evidence_gap	Codex	fixed_reflection_adapter				evidence_gap	Function-local co-occurrence is a candidate only; exact Result dispatch and generated Lean must prove the route.
builtin.verify.verify_builtin_rules.native_integer_extrema.try_verify_native_rounding_algebra_equality.02	builtin_uncatalogued	evidence_gap	Codex	fixed_reflection_adapter				evidence_gap	Function-local co-occurrence is a candidate only; exact Result dispatch and generated Lean must prove the route.
builtin.verify.verify_builtin_rules.native_integer_extrema.try_verify_native_rounding_extrema_monotonicity	builtin_uncatalogued	evidence_gap	Codex	fixed_reflection_adapter				evidence_gap	Function-local co-occurrence is a candidate only; exact Result dispatch and generated Lean must prove the route.
builtin.verify.verify_builtin_rules.native_integer_extrema.try_verify_native_rounding_extrema_order	builtin_uncatalogued	evidence_gap	Codex	fixed_reflection_adapter				evidence_gap	Function-local co-occurrence is a candidate only; exact Result dispatch and generated Lean must prove the route.
builtin.verify.verify_builtin_rules.native_integer_extrema.try_verify_native_rounding_integer_equality	builtin_uncatalogued	evidence_gap	Codex	fixed_reflection_adapter				evidence_gap	Function-local co-occurrence is a candidate only; exact Result dispatch and generated Lean must prove the route.
builtin.verify.verify_builtin_rules.non_equational_dispatch.verify_non_equational_atomic_fact_with_builtin_rules_inner	builtin_uncatalogued	mapped_not_kernel_checked	Codex	selected_semantic_child	src/stmt_result_to_lean_compiler/compiler/theorem_compilation/templates.rs:139	Litex.Set		candidate_needs_result_tracer	Function-local co-occurrence is a candidate only; exact Result dispatch and generated Lean must prove the route.
builtin.verify.verify_builtin_rules.not_equal_builtin._verify_not_equal_fact_with_builtin_rules	builtin_uncatalogued	evidence_gap	Codex	selected_semantic_child				evidence_gap	Function-local co-occurrence is a candidate only; exact Result dispatch and generated Lean must prove the route.
builtin.verify.verify_builtin_rules.not_equal_builtin.try_verify_abs_not_equal_zero_from_arg_nonzero	builtin_uncatalogued	evidence_gap	Codex	leaf_theorem_adapter				evidence_gap	Function-local co-occurrence is a candidate only; exact Result dispatch and generated Lean must prove the route.
builtin.verify.verify_builtin_rules.not_equal_builtin.try_verify_add_not_equal_zero_from_operand_not_equal_negation.01	builtin_uncatalogued	evidence_gap	Codex	shared_adapter_candidate				evidence_gap	Function-local co-occurrence is a candidate only; exact Result dispatch and generated Lean must prove the route.
builtin.verify.verify_builtin_rules.not_equal_builtin.try_verify_add_not_equal_zero_from_operand_not_equal_negation.02	builtin_uncatalogued	evidence_gap	Codex	shared_adapter_candidate				evidence_gap	Function-local co-occurrence is a candidate only; exact Result dispatch and generated Lean must prove the route.
builtin.verify.verify_builtin_rules.not_equal_builtin.try_verify_div_not_equal_zero_from_numerator_nonzero	builtin_uncatalogued	evidence_gap	Codex	leaf_theorem_adapter				evidence_gap	Function-local co-occurrence is a candidate only; exact Result dispatch and generated Lean must prove the route.
builtin.verify.verify_builtin_rules.not_equal_builtin.try_verify_intrinsically_positive_native_value_nonzero	builtin_uncatalogued	evidence_gap	Codex	fixed_reflection_adapter				evidence_gap	Function-local co-occurrence is a candidate only; exact Result dispatch and generated Lean must prove the route.
builtin.verify.verify_builtin_rules.not_equal_builtin.try_verify_native_real_constant_nonzero	builtin_uncatalogued	evidence_gap	Codex	fixed_reflection_adapter				evidence_gap	Function-local co-occurrence is a candidate only; exact Result dispatch and generated Lean must prove the route.
builtin.verify.verify_builtin_rules.not_equal_builtin.try_verify_not_equal_empty_set_from_nonempty	builtin_uncatalogued	evidence_gap	Codex	leaf_theorem_adapter				evidence_gap	Function-local co-occurrence is a candidate only; exact Result dispatch and generated Lean must prove the route.
builtin.verify.verify_builtin_rules.not_equal_builtin.try_verify_not_equal_fact_when_zero_and_binary_arithmetic_reduces_by_operand_facts	builtin_uncatalogued	evidence_gap	Codex	leaf_theorem_adapter				evidence_gap	Function-local co-occurrence is a candidate only; exact Result dispatch and generated Lean must prove the route.
builtin.verify.verify_builtin_rules.not_equal_builtin.try_verify_not_equal_from_known_positive_lower_bound	builtin_uncatalogued	evidence_gap	Codex	leaf_theorem_adapter				evidence_gap	Function-local co-occurrence is a candidate only; exact Result dispatch and generated Lean must prove the route.
builtin.verify.verify_builtin_rules.not_equal_builtin.try_verify_not_equal_from_known_strict_order	builtin_uncatalogued	evidence_gap	Codex	leaf_theorem_adapter				evidence_gap	Function-local co-occurrence is a candidate only; exact Result dispatch and generated Lean must prove the route.
builtin.verify.verify_builtin_rules.not_equal_builtin.try_verify_not_equal_from_membership_contradiction	builtin_uncatalogued	evidence_gap	Codex	leaf_theorem_adapter				evidence_gap	Function-local co-occurrence is a candidate only; exact Result dispatch and generated Lean must prove the route.
builtin.verify.verify_builtin_rules.not_equal_builtin.try_verify_not_equal_pow_from_base_nonzero.01	builtin_uncatalogued	evidence_gap	Codex	shared_adapter_candidate				evidence_gap	Function-local co-occurrence is a candidate only; exact Result dispatch and generated Lean must prove the route.
builtin.verify.verify_builtin_rules.not_equal_builtin.try_verify_not_equal_pow_from_base_nonzero.02	builtin_uncatalogued	evidence_gap	Codex	shared_adapter_candidate				evidence_gap	Function-local co-occurrence is a candidate only; exact Result dispatch and generated Lean must prove the route.
builtin.verify.verify_builtin_rules.not_equal_builtin.try_verify_not_equal_zero_from_n_and_one_le	builtin_uncatalogued	evidence_gap	Codex	leaf_theorem_adapter				evidence_gap	Function-local co-occurrence is a candidate only; exact Result dispatch and generated Lean must prove the route.
builtin.verify.verify_builtin_rules.not_equal_builtin.try_verify_operand_not_equal_from_sub_not_equal_zero.01	builtin_uncatalogued	evidence_gap	Codex	shared_adapter_candidate				evidence_gap	Function-local co-occurrence is a candidate only; exact Result dispatch and generated Lean must prove the route.
builtin.verify.verify_builtin_rules.not_equal_builtin.try_verify_operand_not_equal_from_sub_not_equal_zero.02	builtin_uncatalogued	evidence_gap	Codex	shared_adapter_candidate				evidence_gap	Function-local co-occurrence is a candidate only; exact Result dispatch and generated Lean must prove the route.
builtin.verify.verify_builtin_rules.not_equal_builtin.try_verify_operand_not_equal_negation_from_add_not_equal_zero.01	builtin_uncatalogued	evidence_gap	Codex	shared_adapter_candidate				evidence_gap	Function-local co-occurrence is a candidate only; exact Result dispatch and generated Lean must prove the route.
builtin.verify.verify_builtin_rules.not_equal_builtin.try_verify_operand_not_equal_negation_from_add_not_equal_zero.02	builtin_uncatalogued	evidence_gap	Codex	shared_adapter_candidate				evidence_gap	Function-local co-occurrence is a candidate only; exact Result dispatch and generated Lean must prove the route.
builtin.verify.verify_builtin_rules.not_equal_builtin.try_verify_product_nonzero_component_from_known_product	builtin_uncatalogued	evidence_gap	Codex	leaf_theorem_adapter				evidence_gap	Function-local co-occurrence is a candidate only; exact Result dispatch and generated Lean must prove the route.
builtin.verify.verify_builtin_rules.not_equal_builtin.try_verify_sqrt_not_equal_zero_from_positive_arg	builtin_uncatalogued	evidence_gap	Codex	leaf_theorem_adapter				evidence_gap	Function-local co-occurrence is a candidate only; exact Result dispatch and generated Lean must prove the route.
builtin.verify.verify_builtin_rules.not_equal_builtin.try_verify_square_sum_not_equal_zero_from_nonzero_component	builtin_uncatalogued	evidence_gap	Codex	leaf_theorem_adapter				evidence_gap	Function-local co-occurrence is a candidate only; exact Result dispatch and generated Lean must prove the route.
builtin.verify.verify_builtin_rules.not_equal_builtin.try_verify_sub_not_equal_zero_from_operand_not_equal.01	builtin_uncatalogued	evidence_gap	Codex	shared_adapter_candidate				evidence_gap	Function-local co-occurrence is a candidate only; exact Result dispatch and generated Lean must prove the route.
builtin.verify.verify_builtin_rules.not_equal_builtin.try_verify_sub_not_equal_zero_from_operand_not_equal.02	builtin_uncatalogued	evidence_gap	Codex	shared_adapter_candidate				evidence_gap	Function-local co-occurrence is a candidate only; exact Result dispatch and generated Lean must prove the route.
builtin.verify.verify_builtin_rules.number_compare.try_verify_finite_nonempty_set_size_at_least_one	builtin_uncatalogued	evidence_gap	Codex	leaf_theorem_adapter				evidence_gap	Function-local co-occurrence is a candidate only; exact Result dispatch and generated Lean must prove the route.
builtin.verify.verify_builtin_rules.number_compare.try_verify_finite_set_size_nonnegative	builtin_uncatalogued	evidence_gap	Codex	leaf_theorem_adapter				evidence_gap	Function-local co-occurrence is a candidate only; exact Result dispatch and generated Lean must prove the route.
builtin.verify.verify_builtin_rules.number_compare.try_verify_finite_set_size_subset_le.01	builtin_uncatalogued	evidence_gap	Codex	shared_adapter_candidate				evidence_gap	Function-local co-occurrence is a candidate only; exact Result dispatch and generated Lean must prove the route.
builtin.verify.verify_builtin_rules.number_compare.try_verify_finite_set_size_subset_le.02	builtin_uncatalogued	evidence_gap	Codex	shared_adapter_candidate				evidence_gap	Function-local co-occurrence is a candidate only; exact Result dispatch and generated Lean must prove the route.
builtin.verify.verify_builtin_rules.number_compare.try_verify_finite_set_size_union_le_sum	builtin_uncatalogued	evidence_gap	Codex	leaf_theorem_adapter				evidence_gap	Function-local co-occurrence is a candidate only; exact Result dispatch and generated Lean must prove the route.
builtin.verify.verify_builtin_rules.number_compare.try_verify_mod_remainder_bounds	builtin_uncatalogued	evidence_gap	Codex	leaf_theorem_adapter				evidence_gap	Function-local co-occurrence is a candidate only; exact Result dispatch and generated Lean must prove the route.
builtin.verify.verify_builtin_rules.number_compare.try_verify_native_real_constant_positive	builtin_uncatalogued	evidence_gap	Codex	fixed_reflection_adapter				evidence_gap	Function-local co-occurrence is a candidate only; exact Result dispatch and generated Lean must prove the route.
builtin.verify.verify_builtin_rules.number_compare.try_verify_numeric_lower_bound_from_known_lower_bound.01	builtin_uncatalogued	evidence_gap	Codex	shared_adapter_candidate				evidence_gap	Function-local co-occurrence is a candidate only; exact Result dispatch and generated Lean must prove the route.
builtin.verify.verify_builtin_rules.number_compare.try_verify_numeric_lower_bound_from_known_lower_bound.02	builtin_uncatalogued	evidence_gap	Codex	shared_adapter_candidate				evidence_gap	Function-local co-occurrence is a candidate only; exact Result dispatch and generated Lean must prove the route.
builtin.verify.verify_builtin_rules.number_compare.try_verify_numeric_lower_bound_from_known_lower_bound.03	builtin_uncatalogued	evidence_gap	Codex	shared_adapter_candidate				evidence_gap	Function-local co-occurrence is a candidate only; exact Result dispatch and generated Lean must prove the route.
builtin.verify.verify_builtin_rules.number_compare.try_verify_numeric_upper_bound_from_known_upper_bound	builtin_uncatalogued	evidence_gap	Codex	leaf_theorem_adapter				evidence_gap	Function-local co-occurrence is a candidate only; exact Result dispatch and generated Lean must prove the route.
builtin.verify.verify_builtin_rules.number_compare.try_verify_order_nonnegative_from_membership_in_n	builtin_uncatalogued	evidence_gap	Codex	leaf_theorem_adapter				evidence_gap	Function-local co-occurrence is a candidate only; exact Result dispatch and generated Lean must prove the route.
builtin.verify.verify_builtin_rules.number_compare.try_verify_order_one_le_from_membership_in_n_and_nonzero	builtin_uncatalogued	evidence_gap	Codex	leaf_theorem_adapter				evidence_gap	Function-local co-occurrence is a candidate only; exact Result dispatch and generated Lean must prove the route.
builtin.verify.verify_builtin_rules.number_compare.try_verify_order_one_le_from_membership_in_n_pos	builtin_uncatalogued	evidence_gap	Codex	leaf_theorem_adapter				evidence_gap	Function-local co-occurrence is a candidate only; exact Result dispatch and generated Lean must prove the route.
builtin.verify.verify_builtin_rules.number_compare.try_verify_order_one_le_from_membership_in_z_and_positive	builtin_uncatalogued	evidence_gap	Codex	leaf_theorem_adapter				evidence_gap	Function-local co-occurrence is a candidate only; exact Result dispatch and generated Lean must prove the route.
builtin.verify.verify_builtin_rules.number_compare.try_verify_order_opposite_sign_mul_minus_one	builtin_uncatalogued	dead_or_duplicate_candidate	Codex	leaf_theorem_adapter				dead_or_duplicate_candidate	Function-local co-occurrence is a candidate only; exact Result dispatch and generated Lean must prove the route.
builtin.verify.verify_builtin_rules.number_compare.try_verify_sqrt_monotonicity	builtin_uncatalogued	evidence_gap	Codex	leaf_theorem_adapter				evidence_gap	Function-local co-occurrence is a candidate only; exact Result dispatch and generated Lean must prove the route.
builtin.verify.verify_builtin_rules.number_compare.verify_log_order_builtin_rule.01	builtin_uncatalogued	evidence_gap	Codex	shared_adapter_candidate				evidence_gap	Function-local co-occurrence is a candidate only; exact Result dispatch and generated Lean must prove the route.
builtin.verify.verify_builtin_rules.number_compare.verify_log_order_builtin_rule.02	builtin_uncatalogued	evidence_gap	Codex	shared_adapter_candidate				evidence_gap	Function-local co-occurrence is a candidate only; exact Result dispatch and generated Lean must prove the route.
builtin.verify.verify_builtin_rules.number_compare.verify_log_order_builtin_rule.03	builtin_uncatalogued	evidence_gap	Codex	shared_adapter_candidate				evidence_gap	Function-local co-occurrence is a candidate only; exact Result dispatch and generated Lean must prove the route.
builtin.verify.verify_builtin_rules.number_compare.verify_log_order_builtin_rule.04	builtin_uncatalogued	evidence_gap	Codex	shared_adapter_candidate				evidence_gap	Function-local co-occurrence is a candidate only; exact Result dispatch and generated Lean must prove the route.
builtin.verify.verify_builtin_rules.number_compare.verify_negated_order_from_known_equivalent_order.01	builtin_uncatalogued	evidence_gap	Codex	shared_adapter_candidate				evidence_gap	Function-local co-occurrence is a candidate only; exact Result dispatch and generated Lean must prove the route.
builtin.verify.verify_builtin_rules.number_compare.verify_negated_order_from_known_equivalent_order.02	builtin_uncatalogued	evidence_gap	Codex	shared_adapter_candidate				evidence_gap	Function-local co-occurrence is a candidate only; exact Result dispatch and generated Lean must prove the route.
builtin.verify.verify_builtin_rules.number_compare.verify_order_atomic_fact_numeric_builtin_only.01	builtin_uncatalogued	evidence_gap	Codex	selected_semantic_child				evidence_gap	Function-local co-occurrence is a candidate only; exact Result dispatch and generated Lean must prove the route.
builtin.verify.verify_builtin_rules.number_compare.verify_order_atomic_fact_numeric_builtin_only.02	builtin_uncatalogued	evidence_gap	Codex	selected_semantic_child				evidence_gap	Function-local co-occurrence is a candidate only; exact Result dispatch and generated Lean must prove the route.
builtin.verify.verify_builtin_rules.number_compare.verify_order_atomic_fact_numeric_builtin_only.03	builtin_uncatalogued	evidence_gap	Codex	selected_semantic_child				evidence_gap	Function-local co-occurrence is a candidate only; exact Result dispatch and generated Lean must prove the route.
builtin.verify.verify_builtin_rules.number_compare.verify_order_atomic_fact_numeric_builtin_only.04	builtin_uncatalogued	evidence_gap	Codex	selected_semantic_child				evidence_gap	Function-local co-occurrence is a candidate only; exact Result dispatch and generated Lean must prove the route.
builtin.verify.verify_builtin_rules.number_compare.verify_order_atomic_fact_numeric_builtin_only.05	builtin_uncatalogued	evidence_gap	Codex	selected_semantic_child				evidence_gap	Function-local co-occurrence is a candidate only; exact Result dispatch and generated Lean must prove the route.
builtin.verify.verify_builtin_rules.number_compare.verify_order_from_known_negated_complement	builtin_uncatalogued	evidence_gap	Codex	leaf_theorem_adapter				evidence_gap	Function-local co-occurrence is a candidate only; exact Result dispatch and generated Lean must prove the route.
builtin.verify.verify_builtin_rules.number_compare.verify_order_from_known_zero_order_on_sub_builtin_rule.01	builtin_uncatalogued	evidence_gap	Codex	shared_adapter_candidate				evidence_gap	Function-local co-occurrence is a candidate only; exact Result dispatch and generated Lean must prove the route.
builtin.verify.verify_builtin_rules.number_compare.verify_order_from_known_zero_order_on_sub_builtin_rule.02	builtin_uncatalogued	evidence_gap	Codex	shared_adapter_candidate				evidence_gap	Function-local co-occurrence is a candidate only; exact Result dispatch and generated Lean must prove the route.
builtin.verify.verify_builtin_rules.number_compare.verify_order_from_known_zero_order_on_sub_builtin_rule.03	builtin_uncatalogued	evidence_gap	Codex	shared_adapter_candidate				evidence_gap	Function-local co-occurrence is a candidate only; exact Result dispatch and generated Lean must prove the route.
builtin.verify.verify_builtin_rules.number_compare.verify_zero_le_even_integer_pow_builtin_rule	builtin_uncatalogued	evidence_gap	Codex	leaf_theorem_adapter				evidence_gap	Function-local co-occurrence is a candidate only; exact Result dispatch and generated Lean must prove the route.
builtin.verify.verify_builtin_rules.number_compare.verify_zero_le_pow_from_nonnegative_base_positive_integer_exp_builtin_rule	builtin_uncatalogued	evidence_gap	Codex	leaf_theorem_adapter				evidence_gap	Function-local co-occurrence is a candidate only; exact Result dispatch and generated Lean must prove the route.
builtin.verify.verify_builtin_rules.number_compare.verify_zero_le_pow_from_positive_base_real_exp_builtin_rule	builtin_uncatalogued	evidence_gap	Codex	leaf_theorem_adapter				evidence_gap	Function-local co-occurrence is a candidate only; exact Result dispatch and generated Lean must prove the route.
builtin.verify.verify_builtin_rules.number_compare.verify_zero_le_pow_integer_exponent_from_nonneg_base_builtin_rule	builtin_uncatalogued	evidence_gap	Codex	leaf_theorem_adapter				evidence_gap	Function-local co-occurrence is a candidate only; exact Result dispatch and generated Lean must prove the route.
builtin.verify.verify_builtin_rules.number_compare.verify_zero_le_sqrt_from_nonnegative_arg_builtin_rule	builtin_uncatalogued	evidence_gap	Codex	leaf_theorem_adapter				evidence_gap	Function-local co-occurrence is a candidate only; exact Result dispatch and generated Lean must prove the route.
builtin.verify.verify_builtin_rules.number_compare.verify_zero_lt_even_integer_pow_from_base_nonzero_builtin_rule	builtin_uncatalogued	evidence_gap	Codex	leaf_theorem_adapter				evidence_gap	Function-local co-occurrence is a candidate only; exact Result dispatch and generated Lean must prove the route.
builtin.verify.verify_builtin_rules.number_compare.verify_zero_lt_pow_from_positive_base_real_exp_builtin_rule	builtin_uncatalogued	evidence_gap	Codex	leaf_theorem_adapter				evidence_gap	Function-local co-occurrence is a candidate only; exact Result dispatch and generated Lean must prove the route.
builtin.verify.verify_builtin_rules.number_compare.verify_zero_lt_sqrt_from_positive_arg_builtin_rule	builtin_uncatalogued	evidence_gap	Codex	leaf_theorem_adapter				evidence_gap	Function-local co-occurrence is a candidate only; exact Result dispatch and generated Lean must prove the route.
builtin.verify.verify_builtin_rules.order_algebra_builtin.try_abs_le_from_even_power_le	builtin_uncatalogued	evidence_gap	Codex	leaf_theorem_adapter				evidence_gap	Function-local co-occurrence is a candidate only; exact Result dispatch and generated Lean must prove the route.
builtin.verify.verify_builtin_rules.order_algebra_builtin.try_base_le_from_pow_le_same_positive_integer_exponent_nonnegative_base	builtin_uncatalogued	evidence_gap	Codex	leaf_theorem_adapter				evidence_gap	Function-local co-occurrence is a candidate only; exact Result dispatch and generated Lean must prove the route.
builtin.verify.verify_builtin_rules.order_algebra_builtin.try_base_le_from_pow_le_same_positive_real_exponent_positive_base	builtin_uncatalogued	evidence_gap	Codex	leaf_theorem_adapter				evidence_gap	Function-local co-occurrence is a candidate only; exact Result dispatch and generated Lean must prove the route.
builtin.verify.verify_builtin_rules.order_algebra_builtin.try_base_lt_from_pow_lt_same_positive_real_exponent_positive_base	builtin_uncatalogued	evidence_gap	Codex	leaf_theorem_adapter				evidence_gap	Function-local co-occurrence is a candidate only; exact Result dispatch and generated Lean must prove the route.
builtin.verify.verify_builtin_rules.order_algebra_builtin.try_less_algebra.01	builtin_uncatalogued	evidence_gap	Codex	shared_adapter_candidate				evidence_gap	Function-local co-occurrence is a candidate only; exact Result dispatch and generated Lean must prove the route.
builtin.verify.verify_builtin_rules.order_algebra_builtin.try_less_algebra.02	builtin_uncatalogued	evidence_gap	Codex	shared_adapter_candidate				evidence_gap	Function-local co-occurrence is a candidate only; exact Result dispatch and generated Lean must prove the route.
builtin.verify.verify_builtin_rules.order_algebra_builtin.try_less_algebra.03	builtin_uncatalogued	evidence_gap	Codex	shared_adapter_candidate				evidence_gap	Function-local co-occurrence is a candidate only; exact Result dispatch and generated Lean must prove the route.
builtin.verify.verify_builtin_rules.order_algebra_builtin.try_less_algebra.05	builtin_uncatalogued	evidence_gap	Codex	shared_adapter_candidate				evidence_gap	Function-local co-occurrence is a candidate only; exact Result dispatch and generated Lean must prove the route.
builtin.verify.verify_builtin_rules.order_algebra_builtin.try_less_algebra.06	builtin_uncatalogued	evidence_gap	Codex	shared_adapter_candidate				evidence_gap	Function-local co-occurrence is a candidate only; exact Result dispatch and generated Lean must prove the route.
builtin.verify.verify_builtin_rules.order_algebra_builtin.try_less_algebra.07	builtin_uncatalogued	evidence_gap	Codex	shared_adapter_candidate				evidence_gap	Function-local co-occurrence is a candidate only; exact Result dispatch and generated Lean must prove the route.
builtin.verify.verify_builtin_rules.order_algebra_builtin.try_less_algebra.08	builtin_uncatalogued	evidence_gap	Codex	shared_adapter_candidate				evidence_gap	Function-local co-occurrence is a candidate only; exact Result dispatch and generated Lean must prove the route.
builtin.verify.verify_builtin_rules.order_algebra_builtin.try_less_algebra.09	builtin_uncatalogued	evidence_gap	Codex	shared_adapter_candidate				evidence_gap	Function-local co-occurrence is a candidate only; exact Result dispatch and generated Lean must prove the route.
builtin.verify.verify_builtin_rules.order_algebra_builtin.try_less_algebra.10	builtin_uncatalogued	evidence_gap	Codex	shared_adapter_candidate				evidence_gap	Function-local co-occurrence is a candidate only; exact Result dispatch and generated Lean must prove the route.
builtin.verify.verify_builtin_rules.order_algebra_builtin.try_less_algebra.11	builtin_uncatalogued	evidence_gap	Codex	shared_adapter_candidate				evidence_gap	Function-local co-occurrence is a candidate only; exact Result dispatch and generated Lean must prove the route.
builtin.verify.verify_builtin_rules.order_algebra_builtin.try_less_algebra.12	builtin_uncatalogued	evidence_gap	Codex	shared_adapter_candidate				evidence_gap	Function-local co-occurrence is a candidate only; exact Result dispatch and generated Lean must prove the route.
builtin.verify.verify_builtin_rules.order_algebra_builtin.try_less_algebra.13	builtin_uncatalogued	dead_or_duplicate_candidate	Codex	shared_adapter_candidate				dead_or_duplicate_candidate	Function-local co-occurrence is a candidate only; exact Result dispatch and generated Lean must prove the route.
builtin.verify.verify_builtin_rules.order_algebra_builtin.try_less_algebra.14	builtin_uncatalogued	evidence_gap	Codex	shared_adapter_candidate				evidence_gap	Function-local co-occurrence is a candidate only; exact Result dispatch and generated Lean must prove the route.
builtin.verify.verify_builtin_rules.order_algebra_builtin.try_less_algebra.15	builtin_uncatalogued	evidence_gap	Codex	shared_adapter_candidate				evidence_gap	Function-local co-occurrence is a candidate only; exact Result dispatch and generated Lean must prove the route.
builtin.verify.verify_builtin_rules.order_algebra_builtin.try_less_equal_algebra.01	builtin_uncatalogued	evidence_gap	Codex	shared_adapter_candidate				evidence_gap	Function-local co-occurrence is a candidate only; exact Result dispatch and generated Lean must prove the route.
builtin.verify.verify_builtin_rules.order_algebra_builtin.try_less_equal_algebra.02	builtin_uncatalogued	evidence_gap	Codex	shared_adapter_candidate				evidence_gap	Function-local co-occurrence is a candidate only; exact Result dispatch and generated Lean must prove the route.
builtin.verify.verify_builtin_rules.order_algebra_builtin.try_less_equal_algebra.03	builtin_uncatalogued	dead_or_duplicate_candidate	Codex	shared_adapter_candidate				dead_or_duplicate_candidate	Function-local co-occurrence is a candidate only; exact Result dispatch and generated Lean must prove the route.
builtin.verify.verify_builtin_rules.order_algebra_builtin.try_less_equal_algebra.04	builtin_uncatalogued	evidence_gap	Codex	shared_adapter_candidate				evidence_gap	Function-local co-occurrence is a candidate only; exact Result dispatch and generated Lean must prove the route.
builtin.verify.verify_builtin_rules.order_algebra_builtin.try_less_equal_algebra.05	builtin_uncatalogued	evidence_gap	Codex	shared_adapter_candidate				evidence_gap	Function-local co-occurrence is a candidate only; exact Result dispatch and generated Lean must prove the route.
builtin.verify.verify_builtin_rules.order_algebra_builtin.try_less_equal_algebra.06	builtin_uncatalogued	evidence_gap	Codex	shared_adapter_candidate				evidence_gap	Function-local co-occurrence is a candidate only; exact Result dispatch and generated Lean must prove the route.
builtin.verify.verify_builtin_rules.order_algebra_builtin.try_less_equal_algebra.07	builtin_uncatalogued	evidence_gap	Codex	shared_adapter_candidate				evidence_gap	Function-local co-occurrence is a candidate only; exact Result dispatch and generated Lean must prove the route.
builtin.verify.verify_builtin_rules.order_algebra_builtin.try_less_equal_algebra.08	builtin_uncatalogued	evidence_gap	Codex	shared_adapter_candidate				evidence_gap	Function-local co-occurrence is a candidate only; exact Result dispatch and generated Lean must prove the route.
builtin.verify.verify_builtin_rules.order_algebra_builtin.try_less_equal_algebra.09	builtin_uncatalogued	evidence_gap	Codex	shared_adapter_candidate				evidence_gap	Function-local co-occurrence is a candidate only; exact Result dispatch and generated Lean must prove the route.
builtin.verify.verify_builtin_rules.order_algebra_builtin.try_less_equal_algebra.10	builtin_uncatalogued	dead_or_duplicate_candidate	Codex	shared_adapter_candidate				dead_or_duplicate_candidate	Function-local co-occurrence is a candidate only; exact Result dispatch and generated Lean must prove the route.
builtin.verify.verify_builtin_rules.order_algebra_builtin.try_less_equal_finite_set_sum_pointwise_on_same_set	builtin_uncatalogued	evidence_gap	Codex	leaf_theorem_adapter				evidence_gap	Function-local co-occurrence is a candidate only; exact Result dispatch and generated Lean must prove the route.
builtin.verify.verify_builtin_rules.order_algebra_builtin.try_less_equal_finite_set_summand_nonnegative_sum	builtin_uncatalogued	evidence_gap	Codex	leaf_theorem_adapter				evidence_gap	Function-local co-occurrence is a candidate only; exact Result dispatch and generated Lean must prove the route.
builtin.verify.verify_builtin_rules.order_algebra_builtin.try_less_equal_from_positive_denominator_bound	builtin_uncatalogued	evidence_gap	Codex	leaf_theorem_adapter				evidence_gap	Function-local co-occurrence is a candidate only; exact Result dispatch and generated Lean must prove the route.
builtin.verify.verify_builtin_rules.order_algebra_builtin.try_less_equal_from_positive_division_product_bound	builtin_uncatalogued	evidence_gap	Codex	leaf_theorem_adapter				evidence_gap	Function-local co-occurrence is a candidate only; exact Result dispatch and generated Lean must prove the route.
builtin.verify.verify_builtin_rules.order_algebra_builtin.try_mul_le_componentwise_nonnegative_factors	builtin_uncatalogued	evidence_gap	Codex	leaf_theorem_adapter				evidence_gap	Function-local co-occurrence is a candidate only; exact Result dispatch and generated Lean must prove the route.
builtin.verify.verify_builtin_rules.order_algebra_builtin.try_mul_le_shared_left	builtin_uncatalogued	dead_or_duplicate_candidate	Codex	leaf_theorem_adapter				dead_or_duplicate_candidate	Function-local co-occurrence is a candidate only; exact Result dispatch and generated Lean must prove the route.
builtin.verify.verify_builtin_rules.order_algebra_builtin.try_mul_le_zero_by_weak_signs	builtin_uncatalogued	evidence_gap	Codex	leaf_theorem_adapter				evidence_gap	Function-local co-occurrence is a candidate only; exact Result dispatch and generated Lean must prove the route.
builtin.verify.verify_builtin_rules.order_algebra_builtin.try_mul_lt_shared_left	builtin_uncatalogued	dead_or_duplicate_candidate	Codex	leaf_theorem_adapter				dead_or_duplicate_candidate	Function-local co-occurrence is a candidate only; exact Result dispatch and generated Lean must prove the route.
builtin.verify.verify_builtin_rules.order_algebra_builtin.try_mul_lt_zero_by_signs	builtin_uncatalogued	evidence_gap	Codex	leaf_theorem_adapter				evidence_gap	Function-local co-occurrence is a candidate only; exact Result dispatch and generated Lean must prove the route.
builtin.verify.verify_builtin_rules.order_algebra_builtin.try_pow_le_even_exponent_from_abs_le	builtin_uncatalogued	evidence_gap	Codex	leaf_theorem_adapter				evidence_gap	Function-local co-occurrence is a candidate only; exact Result dispatch and generated Lean must prove the route.
builtin.verify.verify_builtin_rules.order_algebra_builtin.try_pow_le_same_negative_integer_exponent_positive_base_reverses_order	builtin_uncatalogued	evidence_gap	Codex	leaf_theorem_adapter				evidence_gap	Function-local co-occurrence is a candidate only; exact Result dispatch and generated Lean must prove the route.
builtin.verify.verify_builtin_rules.order_algebra_builtin.try_pow_le_same_positive_integer_exponent_nonnegative_base	builtin_uncatalogued	evidence_gap	Codex	leaf_theorem_adapter				evidence_gap	Function-local co-occurrence is a candidate only; exact Result dispatch and generated Lean must prove the route.
builtin.verify.verify_builtin_rules.order_algebra_builtin.try_pow_le_same_positive_odd_integer_exponent	builtin_uncatalogued	evidence_gap	Codex	leaf_theorem_adapter				evidence_gap	Function-local co-occurrence is a candidate only; exact Result dispatch and generated Lean must prove the route.
builtin.verify.verify_builtin_rules.order_algebra_builtin.try_pow_le_zero_odd_exponent_from_nonpositive_base	builtin_uncatalogued	evidence_gap	Codex	leaf_theorem_adapter				evidence_gap	Function-local co-occurrence is a candidate only; exact Result dispatch and generated Lean must prove the route.
builtin.verify.verify_builtin_rules.order_algebra_builtin.try_pow_lt_even_exponent_from_abs_lt	builtin_uncatalogued	evidence_gap	Codex	leaf_theorem_adapter				evidence_gap	Function-local co-occurrence is a candidate only; exact Result dispatch and generated Lean must prove the route.
builtin.verify.verify_builtin_rules.order_algebra_builtin.try_pow_lt_same_positive_integer_exponent_nonnegative_base	builtin_uncatalogued	evidence_gap	Codex	leaf_theorem_adapter				evidence_gap	Function-local co-occurrence is a candidate only; exact Result dispatch and generated Lean must prove the route.
builtin.verify.verify_builtin_rules.order_algebra_builtin.try_pow_lt_same_positive_odd_integer_exponent	builtin_uncatalogued	evidence_gap	Codex	leaf_theorem_adapter				evidence_gap	Function-local co-occurrence is a candidate only; exact Result dispatch and generated Lean must prove the route.
builtin.verify.verify_builtin_rules.order_algebra_builtin.try_pow_lt_same_positive_real_exponent_positive_base	builtin_uncatalogued	evidence_gap	Codex	leaf_theorem_adapter				evidence_gap	Function-local co-occurrence is a candidate only; exact Result dispatch and generated Lean must prove the route.
builtin.verify.verify_builtin_rules.order_algebra_builtin.try_pow_lt_zero_odd_exponent_from_negative_base	builtin_uncatalogued	evidence_gap	Codex	leaf_theorem_adapter				evidence_gap	Function-local co-occurrence is a candidate only; exact Result dispatch and generated Lean must prove the route.
builtin.verify.verify_builtin_rules.order_algebra_builtin.try_zero_le_mul_by_weak_signs	builtin_uncatalogued	evidence_gap	Codex	leaf_theorem_adapter				evidence_gap	Function-local co-occurrence is a candidate only; exact Result dispatch and generated Lean must prove the route.
builtin.verify.verify_builtin_rules.order_algebra_builtin.try_zero_lt_mul_by_signs	builtin_uncatalogued	evidence_gap	Codex	leaf_theorem_adapter				evidence_gap	Function-local co-occurrence is a candidate only; exact Result dispatch and generated Lean must prove the route.
builtin.verify.verify_builtin_rules.order_semantics_builtin.try_verify_finite_set_extrema_order_builtin_rule.01	builtin_uncatalogued	evidence_gap	Codex	shared_adapter_candidate				evidence_gap	Function-local co-occurrence is a candidate only; exact Result dispatch and generated Lean must prove the route.
builtin.verify.verify_builtin_rules.order_semantics_builtin.try_verify_finite_set_extrema_order_builtin_rule.02	builtin_uncatalogued	evidence_gap	Codex	shared_adapter_candidate				evidence_gap	Function-local co-occurrence is a candidate only; exact Result dispatch and generated Lean must prove the route.
builtin.verify.verify_builtin_rules.order_semantics_builtin.try_verify_finite_set_extrema_order_builtin_rule.03	builtin_uncatalogued	evidence_gap	Codex	shared_adapter_candidate				evidence_gap	Function-local co-occurrence is a candidate only; exact Result dispatch and generated Lean must prove the route.
builtin.verify.verify_builtin_rules.order_semantics_builtin.try_verify_finite_set_extrema_order_builtin_rule.04	builtin_uncatalogued	evidence_gap	Codex	shared_adapter_candidate				evidence_gap	Function-local co-occurrence is a candidate only; exact Result dispatch and generated Lean must prove the route.
builtin.verify.verify_builtin_rules.order_semantics_builtin.try_verify_integer_discrete_split_or_builtin_rule	builtin_uncatalogued	evidence_gap	Codex	leaf_theorem_adapter				evidence_gap	Function-local co-occurrence is a candidate only; exact Result dispatch and generated Lean must prove the route.
builtin.verify.verify_builtin_rules.order_semantics_builtin.try_verify_integer_singleton_interval_equality_builtin_rule.01	builtin_uncatalogued	evidence_gap	Codex	shared_adapter_candidate				evidence_gap	Function-local co-occurrence is a candidate only; exact Result dispatch and generated Lean must prove the route.
builtin.verify.verify_builtin_rules.order_semantics_builtin.try_verify_integer_singleton_interval_equality_builtin_rule.02	builtin_uncatalogued	evidence_gap	Codex	shared_adapter_candidate				evidence_gap	Function-local co-occurrence is a candidate only; exact Result dispatch and generated Lean must prove the route.
builtin.verify.verify_builtin_rules.order_semantics_builtin.try_verify_integer_successor_predecessor_builtin_rule.01	builtin_uncatalogued	evidence_gap	Codex	recursive_result_composition				evidence_gap	Function-local co-occurrence is a candidate only; exact Result dispatch and generated Lean must prove the route.
builtin.verify.verify_builtin_rules.order_semantics_builtin.try_verify_integer_successor_predecessor_builtin_rule.02	builtin_uncatalogued	evidence_gap	Codex	recursive_result_composition				evidence_gap	Function-local co-occurrence is a candidate only; exact Result dispatch and generated Lean must prove the route.
builtin.verify.verify_builtin_rules.order_semantics_builtin.try_verify_integer_successor_predecessor_builtin_rule.03	builtin_uncatalogued	evidence_gap	Codex	recursive_result_composition				evidence_gap	Function-local co-occurrence is a candidate only; exact Result dispatch and generated Lean must prove the route.
builtin.verify.verify_builtin_rules.order_semantics_builtin.try_verify_integer_successor_predecessor_builtin_rule.04	builtin_uncatalogued	evidence_gap	Codex	recursive_result_composition				evidence_gap	Function-local co-occurrence is a candidate only; exact Result dispatch and generated Lean must prove the route.
builtin.verify.verify_builtin_rules.order_semantics_builtin.try_verify_positive_even_integer_greater_than_one	builtin_uncatalogued	evidence_gap	Codex	leaf_theorem_adapter				evidence_gap	Function-local co-occurrence is a candidate only; exact Result dispatch and generated Lean must prove the route.
builtin.verify.verify_builtin_rules.order_semantics_builtin.verify_known_or_concrete_finite_set_membership	builtin_uncatalogued	evidence_gap	Codex	leaf_theorem_adapter				evidence_gap	Function-local co-occurrence is a candidate only; exact Result dispatch and generated Lean must prove the route.
builtin.verify.verify_builtin_rules.set_relation_duality.verify_subset_fact_with_builtin_rules.01	builtin_uncatalogued	evidence_gap	Codex	selected_semantic_child				evidence_gap	Function-local co-occurrence is a candidate only; exact Result dispatch and generated Lean must prove the route.
builtin.verify.verify_builtin_rules.set_relation_duality.verify_subset_fact_with_builtin_rules.02	builtin_uncatalogued	evidence_gap	Codex	selected_semantic_child				evidence_gap	Function-local co-occurrence is a candidate only; exact Result dispatch and generated Lean must prove the route.
builtin.verify.verify_builtin_rules.set_relation_duality.verify_subset_fact_with_builtin_rules.03	builtin_uncatalogued	evidence_gap	Codex	selected_semantic_child				evidence_gap	Function-local co-occurrence is a candidate only; exact Result dispatch and generated Lean must prove the route.
builtin.verify.verify_builtin_rules.set_relation_duality.verify_subset_fact_with_builtin_rules.04	builtin_uncatalogued	evidence_gap	Codex	selected_semantic_child				evidence_gap	Function-local co-occurrence is a candidate only; exact Result dispatch and generated Lean must prove the route.
builtin.verify.verify_builtin_rules.set_relation_duality.verify_subset_fact_with_builtin_rules.05	builtin_uncatalogued	evidence_gap	Codex	selected_semantic_child				evidence_gap	Function-local co-occurrence is a candidate only; exact Result dispatch and generated Lean must prove the route.
builtin.verify.verify_builtin_rules.set_relation_duality.verify_subset_fact_with_builtin_rules.06	builtin_uncatalogued	evidence_gap	Codex	selected_semantic_child				evidence_gap	Function-local co-occurrence is a candidate only; exact Result dispatch and generated Lean must prove the route.
builtin.verify.verify_builtin_rules.set_relation_duality.verify_subset_fact_with_builtin_rules.07	builtin_uncatalogued	evidence_gap	Codex	selected_semantic_child				evidence_gap	Function-local co-occurrence is a candidate only; exact Result dispatch and generated Lean must prove the route.
builtin.verify.verify_builtin_rules.set_relation_duality.verify_subset_fact_with_builtin_rules.08	builtin_uncatalogued	dead_or_duplicate_candidate	Codex	selected_semantic_child				dead_or_duplicate_candidate	Function-local co-occurrence is a candidate only; exact Result dispatch and generated Lean must prove the route.
builtin.verify.verify_builtin_rules.set_relation_duality.verify_subset_fact_with_builtin_rules.09	builtin_uncatalogued	dead_or_duplicate_candidate	Codex	selected_semantic_child				dead_or_duplicate_candidate	Function-local co-occurrence is a candidate only; exact Result dispatch and generated Lean must prove the route.
builtin.verify.verify_builtin_rules.set_relation_duality.verify_subset_fact_with_builtin_rules.10	builtin_uncatalogued	dead_or_duplicate_candidate	Codex	selected_semantic_child				dead_or_duplicate_candidate	Function-local co-occurrence is a candidate only; exact Result dispatch and generated Lean must prove the route.
builtin.verify.verify_builtin_rules.set_relation_duality.verify_superset_fact_with_builtin_rules	builtin_uncatalogued	evidence_gap	Codex	selected_semantic_child				evidence_gap	Function-local co-occurrence is a candidate only; exact Result dispatch and generated Lean must prove the route.
builtin.verify.verify_builtin_rules.trigonometry.pythagorean_core_result	builtin_uncatalogued	evidence_gap	Codex	recursive_result_composition				evidence_gap	Function-local co-occurrence is a candidate only; exact Result dispatch and generated Lean must prove the route.
builtin.verify.verify_builtin_rules.trigonometry.trig_core_dependency_results	builtin_uncatalogued	evidence_gap	Codex	recursive_result_composition				evidence_gap	Function-local co-occurrence is a candidate only; exact Result dispatch and generated Lean must prove the route.
builtin.verify.verify_builtin_rules.trigonometry.try_trig_quotient_definition	builtin_uncatalogued	evidence_gap	Codex	leaf_theorem_adapter				evidence_gap	Function-local co-occurrence is a candidate only; exact Result dispatch and generated Lean must prove the route.
builtin.verify.verify_builtin_rules.trigonometry.try_verify_arcsin_inverse_equality.01	builtin_uncatalogued	evidence_gap	Codex	shared_adapter_candidate				evidence_gap	Function-local co-occurrence is a candidate only; exact Result dispatch and generated Lean must prove the route.
builtin.verify.verify_builtin_rules.trigonometry.try_verify_arcsin_inverse_equality.02	builtin_uncatalogued	evidence_gap	Codex	shared_adapter_candidate				evidence_gap	Function-local co-occurrence is a candidate only; exact Result dispatch and generated Lean must prove the route.
builtin.verify.verify_builtin_rules.trigonometry.try_verify_arcsin_inverse_equality.03	builtin_uncatalogued	evidence_gap	Codex	shared_adapter_candidate				evidence_gap	Function-local co-occurrence is a candidate only; exact Result dispatch and generated Lean must prove the route.
builtin.verify.verify_builtin_rules.trigonometry.try_verify_arcsin_inverse_equality.04	builtin_uncatalogued	evidence_gap	Codex	shared_adapter_candidate				evidence_gap	Function-local co-occurrence is a candidate only; exact Result dispatch and generated Lean must prove the route.
builtin.verify.verify_builtin_rules.trigonometry.try_verify_arcsin_principal_range	builtin_uncatalogued	evidence_gap	Codex	leaf_theorem_adapter				evidence_gap	Function-local co-occurrence is a candidate only; exact Result dispatch and generated Lean must prove the route.
builtin.verify.verify_builtin_rules.trigonometry.try_verify_trigonometric_equality	builtin_uncatalogued	evidence_gap	Codex	leaf_theorem_adapter				evidence_gap	Function-local co-occurrence is a candidate only; exact Result dispatch and generated Lean must prove the route.
builtin.verify.verify_builtin_rules.trigonometry.try_verify_trigonometric_interval_order	builtin_uncatalogued	evidence_gap	Codex	leaf_theorem_adapter				evidence_gap	Function-local co-occurrence is a candidate only; exact Result dispatch and generated Lean must prove the route.
builtin.verify.verify_builtin_rules.trigonometry.try_verify_trigonometric_not_equal.01	builtin_uncatalogued	evidence_gap	Codex	shared_adapter_candidate				evidence_gap	Function-local co-occurrence is a candidate only; exact Result dispatch and generated Lean must prove the route.
builtin.verify.verify_builtin_rules.trigonometry.try_verify_trigonometric_not_equal.02	builtin_uncatalogued	evidence_gap	Codex	shared_adapter_candidate				evidence_gap	Function-local co-occurrence is a candidate only; exact Result dispatch and generated Lean must prove the route.
builtin.verify.verify_builtin_rules.trigonometry.try_verify_trigonometric_not_equal.03	builtin_uncatalogued	evidence_gap	Codex	shared_adapter_candidate				evidence_gap	Function-local co-occurrence is a candidate only; exact Result dispatch and generated Lean must prove the route.
builtin.verify.verify_builtin_rules.trigonometry.try_verify_trigonometric_not_equal.04	builtin_uncatalogued	evidence_gap	Codex	shared_adapter_candidate				evidence_gap	Function-local co-occurrence is a candidate only; exact Result dispatch and generated Lean must prove the route.
builtin.verify.verify_builtin_rules.trigonometry.try_verify_trigonometric_order_bound.01	builtin_uncatalogued	evidence_gap	Codex	shared_adapter_candidate				evidence_gap	Function-local co-occurrence is a candidate only; exact Result dispatch and generated Lean must prove the route.
builtin.verify.verify_builtin_rules.trigonometry.try_verify_trigonometric_order_bound.02	builtin_uncatalogued	evidence_gap	Codex	shared_adapter_candidate				evidence_gap	Function-local co-occurrence is a candidate only; exact Result dispatch and generated Lean must prove the route.
builtin.verify.verify_builtin_rules.type_predicates_builtin._verify_is_cart_fact_with_builtin_rules	builtin_uncatalogued	evidence_gap	Codex	selected_semantic_child				evidence_gap	Function-local co-occurrence is a candidate only; exact Result dispatch and generated Lean must prove the route.
builtin.verify.verify_builtin_rules.type_predicates_builtin._verify_is_finite_set_fact_with_builtin_rules.01	builtin_uncatalogued	evidence_gap	Codex	selected_semantic_child				evidence_gap	Function-local co-occurrence is a candidate only; exact Result dispatch and generated Lean must prove the route.
builtin.verify.verify_builtin_rules.type_predicates_builtin._verify_is_finite_set_fact_with_builtin_rules.02	builtin_uncatalogued	evidence_gap	Codex	selected_semantic_child				evidence_gap	Function-local co-occurrence is a candidate only; exact Result dispatch and generated Lean must prove the route.
builtin.verify.verify_builtin_rules.type_predicates_builtin._verify_is_finite_set_fact_with_builtin_rules.03	builtin_uncatalogued	evidence_gap	Codex	selected_semantic_child				evidence_gap	Function-local co-occurrence is a candidate only; exact Result dispatch and generated Lean must prove the route.
builtin.verify.verify_builtin_rules.type_predicates_builtin._verify_is_finite_set_fact_with_builtin_rules.04	builtin_uncatalogued	evidence_gap	Codex	selected_semantic_child				evidence_gap	Function-local co-occurrence is a candidate only; exact Result dispatch and generated Lean must prove the route.
builtin.verify.verify_builtin_rules.type_predicates_builtin._verify_is_finite_set_fact_with_builtin_rules.05	builtin_uncatalogued	evidence_gap	Codex	selected_semantic_child				evidence_gap	Function-local co-occurrence is a candidate only; exact Result dispatch and generated Lean must prove the route.
builtin.verify.verify_builtin_rules.type_predicates_builtin._verify_is_finite_set_fact_with_builtin_rules.06	builtin_uncatalogued	evidence_gap	Codex	selected_semantic_child				evidence_gap	Function-local co-occurrence is a candidate only; exact Result dispatch and generated Lean must prove the route.
builtin.verify.verify_builtin_rules.type_predicates_builtin._verify_is_nonempty_set_fact_with_builtin_rules.01	builtin_uncatalogued	evidence_gap	Codex	selected_semantic_child				evidence_gap	Function-local co-occurrence is a candidate only; exact Result dispatch and generated Lean must prove the route.
builtin.verify.verify_builtin_rules.type_predicates_builtin._verify_is_nonempty_set_fact_with_builtin_rules.02	builtin_uncatalogued	evidence_gap	Codex	selected_semantic_child				evidence_gap	Function-local co-occurrence is a candidate only; exact Result dispatch and generated Lean must prove the route.
builtin.verify.verify_builtin_rules.type_predicates_builtin._verify_is_nonempty_set_fact_with_builtin_rules.03	builtin_uncatalogued	evidence_gap	Codex	selected_semantic_child				evidence_gap	Function-local co-occurrence is a candidate only; exact Result dispatch and generated Lean must prove the route.
builtin.verify.verify_builtin_rules.type_predicates_builtin._verify_is_nonempty_set_fact_with_builtin_rules.04	builtin_uncatalogued	evidence_gap	Codex	selected_semantic_child				evidence_gap	Function-local co-occurrence is a candidate only; exact Result dispatch and generated Lean must prove the route.
builtin.verify.verify_builtin_rules.type_predicates_builtin._verify_is_nonempty_set_fact_with_builtin_rules.05	builtin_uncatalogued	evidence_gap	Codex	selected_semantic_child				evidence_gap	Function-local co-occurrence is a candidate only; exact Result dispatch and generated Lean must prove the route.
builtin.verify.verify_builtin_rules.type_predicates_builtin._verify_is_nonempty_set_fact_with_builtin_rules.06	builtin_uncatalogued	evidence_gap	Codex	selected_semantic_child				evidence_gap	Function-local co-occurrence is a candidate only; exact Result dispatch and generated Lean must prove the route.
builtin.verify.verify_builtin_rules.type_predicates_builtin._verify_is_nonempty_set_fact_with_builtin_rules.07	builtin_uncatalogued	evidence_gap	Codex	selected_semantic_child				evidence_gap	Function-local co-occurrence is a candidate only; exact Result dispatch and generated Lean must prove the route.
builtin.verify.verify_builtin_rules.type_predicates_builtin._verify_is_nonempty_set_fact_with_builtin_rules.08	builtin_uncatalogued	evidence_gap	Codex	selected_semantic_child				evidence_gap	Function-local co-occurrence is a candidate only; exact Result dispatch and generated Lean must prove the route.
builtin.verify.verify_builtin_rules.type_predicates_builtin._verify_is_nonempty_set_fact_with_builtin_rules.09	builtin_uncatalogued	evidence_gap	Codex	selected_semantic_child				evidence_gap	Function-local co-occurrence is a candidate only; exact Result dispatch and generated Lean must prove the route.
builtin.verify.verify_builtin_rules.type_predicates_builtin._verify_is_nonempty_set_fact_with_builtin_rules.10	builtin_uncatalogued	evidence_gap	Codex	selected_semantic_child				evidence_gap	Function-local co-occurrence is a candidate only; exact Result dispatch and generated Lean must prove the route.
builtin.verify.verify_builtin_rules.type_predicates_builtin._verify_is_nonempty_set_fact_with_builtin_rules.11	builtin_uncatalogued	evidence_gap	Codex	selected_semantic_child				evidence_gap	Function-local co-occurrence is a candidate only; exact Result dispatch and generated Lean must prove the route.
builtin.verify.verify_builtin_rules.type_predicates_builtin._verify_is_nonempty_set_fact_with_builtin_rules.12	builtin_uncatalogued	evidence_gap	Codex	selected_semantic_child				evidence_gap	Function-local co-occurrence is a candidate only; exact Result dispatch and generated Lean must prove the route.
builtin.verify.verify_builtin_rules.type_predicates_builtin._verify_is_nonempty_set_fact_with_builtin_rules.13	builtin_uncatalogued	evidence_gap	Codex	selected_semantic_child				evidence_gap	Function-local co-occurrence is a candidate only; exact Result dispatch and generated Lean must prove the route.
builtin.verify.verify_builtin_rules.type_predicates_builtin._verify_is_nonempty_set_fact_with_builtin_rules.14	builtin_uncatalogued	evidence_gap	Codex	selected_semantic_child				evidence_gap	Function-local co-occurrence is a candidate only; exact Result dispatch and generated Lean must prove the route.
builtin.verify.verify_builtin_rules.type_predicates_builtin._verify_is_nonempty_set_fact_with_builtin_rules.15	builtin_uncatalogued	evidence_gap	Codex	selected_semantic_child				evidence_gap	Function-local co-occurrence is a candidate only; exact Result dispatch and generated Lean must prove the route.
builtin.verify.verify_builtin_rules.type_predicates_builtin._verify_is_nonempty_set_fact_with_builtin_rules.16	builtin_uncatalogued	evidence_gap	Codex	selected_semantic_child				evidence_gap	Function-local co-occurrence is a candidate only; exact Result dispatch and generated Lean must prove the route.
builtin.verify.verify_builtin_rules.type_predicates_builtin._verify_is_tuple_fact_with_builtin_rules	builtin_uncatalogued	evidence_gap	Codex	selected_semantic_child				evidence_gap	Function-local co-occurrence is a candidate only; exact Result dispatch and generated Lean must prove the route.
builtin.verify.verify_builtin_rules.type_predicates_builtin._verify_not_is_nonempty_set_fact_with_builtin_rules.01	builtin_uncatalogued	evidence_gap	Codex	selected_semantic_child				evidence_gap	Function-local co-occurrence is a candidate only; exact Result dispatch and generated Lean must prove the route.
builtin.verify.verify_builtin_rules.type_predicates_builtin._verify_not_is_nonempty_set_fact_with_builtin_rules.02	builtin_uncatalogued	evidence_gap	Codex	selected_semantic_child				evidence_gap	Function-local co-occurrence is a candidate only; exact Result dispatch and generated Lean must prove the route.
builtin.verify.verify_builtin_rules.type_predicates_builtin._verify_not_is_nonempty_set_fact_with_builtin_rules.03	builtin_uncatalogued	evidence_gap	Codex	selected_semantic_child				evidence_gap	Function-local co-occurrence is a candidate only; exact Result dispatch and generated Lean must prove the route.
builtin.verify.verify_builtin_rules.type_predicates_builtin._verify_not_is_nonempty_set_fact_with_builtin_rules.04	builtin_uncatalogued	evidence_gap	Codex	selected_semantic_child				evidence_gap	Function-local co-occurrence is a candidate only; exact Result dispatch and generated Lean must prove the route.
builtin.verify.verify_builtin_rules.type_predicates_builtin._verify_not_is_nonempty_set_fact_with_builtin_rules.05	builtin_uncatalogued	evidence_gap	Codex	selected_semantic_child				evidence_gap	Function-local co-occurrence is a candidate only; exact Result dispatch and generated Lean must prove the route.
builtin.verify.verify_builtin_rules.type_predicates_builtin.try_verify_nonempty_finite_set_from_positive_finite_set_size	builtin_uncatalogued	evidence_gap	Codex	leaf_theorem_adapter				evidence_gap	Function-local co-occurrence is a candidate only; exact Result dispatch and generated Lean must prove the route.
builtin.verify.verify_builtin_rules.type_predicates_builtin.verify_general_cart_nonempty_by_choice_explicit	builtin_uncatalogued	abi_decision	user	blocked_target_abi				abi_decision	Function-local co-occurrence is a candidate only; exact Result dispatch and generated Lean must prove the route.
builtin.verify.verify_builtin_strategies.equality.verify_extremum_equality_with_builtin_strategy	builtin_uncatalogued	evidence_gap	Codex	selected_semantic_child				evidence_gap	Function-local co-occurrence is a candidate only; exact Result dispatch and generated Lean must prove the route.
builtin.verify.verify_builtin_strategies.equality.verify_finite_set_product_pointwise_equality_with_builtin_strategy	builtin_uncatalogued	evidence_gap	Codex	selected_semantic_child				evidence_gap	Function-local co-occurrence is a candidate only; exact Result dispatch and generated Lean must prove the route.
builtin.verify.verify_builtin_strategies.equality.verify_mod_congruence_with_builtin_strategy	builtin_uncatalogued	evidence_gap	Codex	selected_semantic_child				evidence_gap	Function-local co-occurrence is a candidate only; exact Result dispatch and generated Lean must prove the route.
builtin.verify.verify_builtin_strategies.nonzero.verify_nonzero_product_with_builtin_strategy	builtin_uncatalogued	evidence_gap	Codex	selected_semantic_child				evidence_gap	Function-local co-occurrence is a candidate only; exact Result dispatch and generated Lean must prove the route.
builtin.verify.verify_builtin_strategies.numeric_carrier.verify_numeric_carrier_with_builtin_strategy.01	builtin_uncatalogued	evidence_gap	Codex	selected_semantic_child				evidence_gap	Function-local co-occurrence is a candidate only; exact Result dispatch and generated Lean must prove the route.
builtin.verify.verify_builtin_strategies.numeric_carrier.verify_numeric_carrier_with_builtin_strategy.02	builtin_uncatalogued	evidence_gap	Codex	selected_semantic_child				evidence_gap	Function-local co-occurrence is a candidate only; exact Result dispatch and generated Lean must prove the route.
builtin.verify.verify_builtin_strategies.numeric_carrier.verify_numeric_carrier_with_builtin_strategy.03	builtin_uncatalogued	evidence_gap	Codex	selected_semantic_child				evidence_gap	Function-local co-occurrence is a candidate only; exact Result dispatch and generated Lean must prove the route.
builtin.verify.verify_builtin_strategies.numeric_carrier.verify_positive_natural_carrier_strategy	builtin_uncatalogued	evidence_gap	Codex	selected_semantic_child				evidence_gap	Function-local co-occurrence is a candidate only; exact Result dispatch and generated Lean must prove the route.
builtin.verify.verify_builtin_strategies.numeric_sign.verify_additive_sign_with_builtin_strategy.01	builtin_uncatalogued	evidence_gap	Codex	selected_semantic_child				evidence_gap	Function-local co-occurrence is a candidate only; exact Result dispatch and generated Lean must prove the route.
builtin.verify.verify_builtin_strategies.numeric_sign.verify_additive_sign_with_builtin_strategy.02	builtin_uncatalogued	evidence_gap	Codex	selected_semantic_child				evidence_gap	Function-local co-occurrence is a candidate only; exact Result dispatch and generated Lean must prove the route.
builtin.verify.verify_builtin_strategies.numeric_sign.verify_additive_sign_with_builtin_strategy.03	builtin_uncatalogued	evidence_gap	Codex	selected_semantic_child				evidence_gap	Function-local co-occurrence is a candidate only; exact Result dispatch and generated Lean must prove the route.
builtin.verify.verify_builtin_strategies.numeric_sign.verify_additive_sign_with_builtin_strategy.04	builtin_uncatalogued	evidence_gap	Codex	selected_semantic_child				evidence_gap	Function-local co-occurrence is a candidate only; exact Result dispatch and generated Lean must prove the route.
builtin.verify.verify_builtin_strategies.set_membership.verify_one_layer_set_builder_membership_with_builtin_strategy_once	builtin_uncatalogued	evidence_gap	Codex	selected_semantic_child				evidence_gap	Function-local co-occurrence is a candidate only; exact Result dispatch and generated Lean must prove the route.
builtin.verify.verify_builtin_strategies.set_membership.verify_set_membership_with_builtin_strategy	builtin_uncatalogued	evidence_gap	Codex	selected_semantic_child				evidence_gap	Function-local co-occurrence is a candidate only; exact Result dispatch and generated Lean must prove the route.
builtin.verify.verify_builtin_strategies.set_membership.verify_subset_with_builtin_strategy	builtin_uncatalogued	evidence_gap	Codex	selected_semantic_child				evidence_gap	Function-local co-occurrence is a candidate only; exact Result dispatch and generated Lean must prove the route.
builtin.verify.verify_builtin_strategies.type_predicates.verify_is_finite_set_with_builtin_strategy	builtin_uncatalogued	evidence_gap	Codex	selected_semantic_child				evidence_gap	Function-local co-occurrence is a candidate only; exact Result dispatch and generated Lean must prove the route.
builtin.verify.verify_builtin_strategies.type_predicates.verify_is_nonempty_set_with_builtin_strategy.01	builtin_uncatalogued	evidence_gap	Codex	selected_semantic_child				evidence_gap	Function-local co-occurrence is a candidate only; exact Result dispatch and generated Lean must prove the route.
builtin.verify.verify_builtin_strategies.type_predicates.verify_is_nonempty_set_with_builtin_strategy.02	builtin_uncatalogued	evidence_gap	Codex	selected_semantic_child				evidence_gap	Function-local co-occurrence is a candidate only; exact Result dispatch and generated Lean must prove the route.
builtin.verify.verify_builtin_strategies.type_predicates.verify_is_nonempty_set_with_builtin_strategy.03	builtin_uncatalogued	evidence_gap	Codex	selected_semantic_child				evidence_gap	Function-local co-occurrence is a candidate only; exact Result dispatch and generated Lean must prove the route.
builtin.verify.verify_builtin_strategies.type_predicates.verify_is_nonempty_set_with_builtin_strategy.04	builtin_uncatalogued	evidence_gap	Codex	selected_semantic_child				evidence_gap	Function-local co-occurrence is a candidate only; exact Result dispatch and generated Lean must prove the route.
builtin.verify.verify_builtin_strategies.type_predicates.verify_is_nonempty_set_with_builtin_strategy.05	builtin_uncatalogued	evidence_gap	Codex	selected_semantic_child				evidence_gap	Function-local co-occurrence is a candidate only; exact Result dispatch and generated Lean must prove the route.
builtin.verify.verify_builtin_strategies.type_predicates.verify_nonempty_constructor_strategy	builtin_uncatalogued	evidence_gap	Codex	selected_semantic_child				evidence_gap	Function-local co-occurrence is a candidate only; exact Result dispatch and generated Lean must prove the route.
