priority_band	axis	source_id	occurrence_role	status	owner	positive_tracer_obligation	negative_boundary	next_gate
P0_blocked_user_decision	builtin_typed	matrix.expression_membership		abi_decision	user	required: smallest .lit source whose Result selects stable ID matrix.expression_membership	reject matrix.expression_membership emission until its target ABI and eliminators are frozen	freeze the Lean representation contract before compiling matrix.expression_membership
P0_blocked_user_decision	builtin_typed	set.set_minus_infinite_of_infinite_finite		abi_decision	user	required: smallest .lit source whose Result selects stable ID set.set_minus_infinite_of_infinite_finite	reject set.set_minus_infinite_of_infinite_finite emission until its target ABI and eliminators are frozen	freeze the Lean representation contract before compiling set.set_minus_infinite_of_infinite_finite
P0_blocked_user_decision	builtin_uncatalogued	builtin.verify.atomic.function_membership.verify_indexed_value_in_definition_return_set_via_cart_projection		abi_decision	user	required: smallest .lit source whose Result selects stable ID builtin.verify.atomic.function_membership.verify_indexed_value_in_definition_return_set_via_cart_projection	reject builtin.verify.atomic.function_membership.verify_indexed_value_in_definition_return_set_via_cart_projection emission until its target ABI and eliminators are frozen	freeze the Lean representation contract before compiling builtin.verify.atomic.function_membership.verify_indexed_value_in_definition_return_set_via_cart_projection
P0_blocked_user_decision	builtin_uncatalogued	builtin.verify.verify_builtin_rules.equality_dispatch.try_verify_symbolic_tuple_equality_from_coordinates		abi_decision	user	required: smallest .lit source whose Result selects stable ID builtin.verify.verify_builtin_rules.equality_dispatch.try_verify_symbolic_tuple_equality_from_coordinates	reject builtin.verify.verify_builtin_rules.equality_dispatch.try_verify_symbolic_tuple_equality_from_coordinates emission until its target ABI and eliminators are frozen	freeze the Lean representation contract before compiling builtin.verify.verify_builtin_rules.equality_dispatch.try_verify_symbolic_tuple_equality_from_coordinates
P0_blocked_user_decision	builtin_uncatalogued	builtin.verify.verify_builtin_rules.equality_dispatch.try_verify_tuple_equality_from_dim_and_projections		abi_decision	user	required: smallest .lit source whose Result selects stable ID builtin.verify.verify_builtin_rules.equality_dispatch.try_verify_tuple_equality_from_dim_and_projections	reject builtin.verify.verify_builtin_rules.equality_dispatch.try_verify_tuple_equality_from_dim_and_projections emission until its target ABI and eliminators are frozen	freeze the Lean representation contract before compiling builtin.verify.verify_builtin_rules.equality_dispatch.try_verify_tuple_equality_from_dim_and_projections
P0_blocked_user_decision	builtin_uncatalogued	builtin.verify.verify_builtin_rules.equality_dispatch.try_verify_tuple_reconstruction_from_known_cart_membership		abi_decision	user	required: smallest .lit source whose Result selects stable ID builtin.verify.verify_builtin_rules.equality_dispatch.try_verify_tuple_reconstruction_from_known_cart_membership	reject builtin.verify.verify_builtin_rules.equality_dispatch.try_verify_tuple_reconstruction_from_known_cart_membership emission until its target ABI and eliminators are frozen	freeze the Lean representation contract before compiling builtin.verify.verify_builtin_rules.equality_dispatch.try_verify_tuple_reconstruction_from_known_cart_membership
P0_blocked_user_decision	builtin_uncatalogued	builtin.verify.verify_builtin_rules.in_fact_builtin.cart_membership.try_verify_in_fact_by_symbolic_cart		abi_decision	user	required: smallest .lit source whose Result selects stable ID builtin.verify.verify_builtin_rules.in_fact_builtin.cart_membership.try_verify_in_fact_by_symbolic_cart	reject builtin.verify.verify_builtin_rules.in_fact_builtin.cart_membership.try_verify_in_fact_by_symbolic_cart emission until its target ABI and eliminators are frozen	freeze the Lean representation contract before compiling builtin.verify.verify_builtin_rules.in_fact_builtin.cart_membership.try_verify_in_fact_by_symbolic_cart
P0_blocked_user_decision	builtin_uncatalogued	builtin.verify.verify_builtin_rules.in_fact_builtin.set_membership.verify_in_fact_in_general_cart_by_defining_facts		abi_decision	user	required: smallest .lit source whose Result selects stable ID builtin.verify.verify_builtin_rules.in_fact_builtin.set_membership.verify_in_fact_in_general_cart_by_defining_facts	reject builtin.verify.verify_builtin_rules.in_fact_builtin.set_membership.verify_in_fact_in_general_cart_by_defining_facts emission until its target ABI and eliminators are frozen	freeze the Lean representation contract before compiling builtin.verify.verify_builtin_rules.in_fact_builtin.set_membership.verify_in_fact_in_general_cart_by_defining_facts
P0_blocked_user_decision	builtin_uncatalogued	builtin.verify.verify_builtin_rules.in_fact_builtin.structured_membership.verify_in_fact_obj_at_index_in_standard_set_by_cart_factor_list_set		abi_decision	user	required: smallest .lit source whose Result selects stable ID builtin.verify.verify_builtin_rules.in_fact_builtin.structured_membership.verify_in_fact_obj_at_index_in_standard_set_by_cart_factor_list_set	reject builtin.verify.verify_builtin_rules.in_fact_builtin.structured_membership.verify_in_fact_obj_at_index_in_standard_set_by_cart_factor_list_set emission until its target ABI and eliminators are frozen	freeze the Lean representation contract before compiling builtin.verify.verify_builtin_rules.in_fact_builtin.structured_membership.verify_in_fact_obj_at_index_in_standard_set_by_cart_factor_list_set
P0_blocked_user_decision	builtin_uncatalogued	builtin.verify.verify_builtin_rules.type_predicates_builtin.verify_general_cart_nonempty_by_choice_explicit		abi_decision	user	required: smallest .lit source whose Result selects stable ID builtin.verify.verify_builtin_rules.type_predicates_builtin.verify_general_cart_nonempty_by_choice_explicit	reject builtin.verify.verify_builtin_rules.type_predicates_builtin.verify_general_cart_nonempty_by_choice_explicit emission until its target ABI and eliminators are frozen	freeze the Lean representation contract before compiling builtin.verify.verify_builtin_rules.type_predicates_builtin.verify_general_cart_nonempty_by_choice_explicit
P0_blocked_user_decision	object	Obj::IndexIntersect	binder	abi_decision	user	required: smallest .lit source whose completed Result contains Obj::IndexIntersect in its binder role	reject Obj::IndexIntersect emission until its target ABI and eliminators are frozen	freeze the Lean representation contract before compiling Obj::IndexIntersect
P0_blocked_user_decision	object	Obj::IndexIntersect	definition_value	abi_decision	user	required: smallest .lit source whose completed Result contains Obj::IndexIntersect in its definition_value role	reject Obj::IndexIntersect emission until its target ABI and eliminators are frozen	freeze the Lean representation contract before compiling Obj::IndexIntersect
P0_blocked_user_decision	object	Obj::IndexIntersect	function_domain_or_codomain	abi_decision	user	required: smallest .lit source whose completed Result contains Obj::IndexIntersect in its function_domain_or_codomain role	reject Obj::IndexIntersect emission until its target ABI and eliminators are frozen	freeze the Lean representation contract before compiling Obj::IndexIntersect
P0_blocked_user_decision	object	Obj::IndexIntersect	target_set	abi_decision	user	required: smallest .lit source whose completed Result contains Obj::IndexIntersect in its target_set role	reject Obj::IndexIntersect emission until its target ABI and eliminators are frozen	freeze the Lean representation contract before compiling Obj::IndexIntersect
P0_blocked_user_decision	object	Obj::IndexIntersect	term	abi_decision	user	required: smallest .lit source whose completed Result contains Obj::IndexIntersect in its term role	reject Obj::IndexIntersect emission until its target ABI and eliminators are frozen	freeze the Lean representation contract before compiling Obj::IndexIntersect
P0_blocked_user_decision	object	Obj::IndexIntersect	well_definedness	abi_decision	user	required: smallest .lit source whose completed Result contains Obj::IndexIntersect in its well_definedness role	reject Obj::IndexIntersect emission until its target ABI and eliminators are frozen	freeze the Lean representation contract before compiling Obj::IndexIntersect
P0_blocked_user_decision	object	Obj::IndexUnion	binder	abi_decision	user	required: smallest .lit source whose completed Result contains Obj::IndexUnion in its binder role	reject Obj::IndexUnion emission until its target ABI and eliminators are frozen	freeze the Lean representation contract before compiling Obj::IndexUnion
P0_blocked_user_decision	object	Obj::IndexUnion	definition_value	abi_decision	user	required: smallest .lit source whose completed Result contains Obj::IndexUnion in its definition_value role	reject Obj::IndexUnion emission until its target ABI and eliminators are frozen	freeze the Lean representation contract before compiling Obj::IndexUnion
P0_blocked_user_decision	object	Obj::IndexUnion	function_domain_or_codomain	abi_decision	user	required: smallest .lit source whose completed Result contains Obj::IndexUnion in its function_domain_or_codomain role	reject Obj::IndexUnion emission until its target ABI and eliminators are frozen	freeze the Lean representation contract before compiling Obj::IndexUnion
P0_blocked_user_decision	object	Obj::IndexUnion	target_set	abi_decision	user	required: smallest .lit source whose completed Result contains Obj::IndexUnion in its target_set role	reject Obj::IndexUnion emission until its target ABI and eliminators are frozen	freeze the Lean representation contract before compiling Obj::IndexUnion
P0_blocked_user_decision	object	Obj::IndexUnion	term	abi_decision	user	required: smallest .lit source whose completed Result contains Obj::IndexUnion in its term role	reject Obj::IndexUnion emission until its target ABI and eliminators are frozen	freeze the Lean representation contract before compiling Obj::IndexUnion
P0_blocked_user_decision	object	Obj::IndexUnion	well_definedness	abi_decision	user	required: smallest .lit source whose completed Result contains Obj::IndexUnion in its well_definedness role	reject Obj::IndexUnion emission until its target ABI and eliminators are frozen	freeze the Lean representation contract before compiling Obj::IndexUnion
P0_blocked_user_decision	object	Obj::MatrixAdd	binder	abi_decision	user	required: smallest .lit source whose completed Result contains Obj::MatrixAdd in its binder role	reject Obj::MatrixAdd emission until its target ABI and eliminators are frozen	freeze the Lean representation contract before compiling Obj::MatrixAdd
P0_blocked_user_decision	object	Obj::MatrixAdd	definition_value	abi_decision	user	required: smallest .lit source whose completed Result contains Obj::MatrixAdd in its definition_value role	reject Obj::MatrixAdd emission until its target ABI and eliminators are frozen	freeze the Lean representation contract before compiling Obj::MatrixAdd
P0_blocked_user_decision	object	Obj::MatrixAdd	function_domain_or_codomain	abi_decision	user	required: smallest .lit source whose completed Result contains Obj::MatrixAdd in its function_domain_or_codomain role	reject Obj::MatrixAdd emission until its target ABI and eliminators are frozen	freeze the Lean representation contract before compiling Obj::MatrixAdd
P0_blocked_user_decision	object	Obj::MatrixAdd	target_set	abi_decision	user	required: smallest .lit source whose completed Result contains Obj::MatrixAdd in its target_set role	reject Obj::MatrixAdd emission until its target ABI and eliminators are frozen	freeze the Lean representation contract before compiling Obj::MatrixAdd
P0_blocked_user_decision	object	Obj::MatrixAdd	term	abi_decision	user	required: smallest .lit source whose completed Result contains Obj::MatrixAdd in its term role	reject Obj::MatrixAdd emission until its target ABI and eliminators are frozen	freeze the Lean representation contract before compiling Obj::MatrixAdd
P0_blocked_user_decision	object	Obj::MatrixAdd	well_definedness	abi_decision	user	required: smallest .lit source whose completed Result contains Obj::MatrixAdd in its well_definedness role	reject Obj::MatrixAdd emission until its target ABI and eliminators are frozen	freeze the Lean representation contract before compiling Obj::MatrixAdd
P0_blocked_user_decision	object	Obj::MatrixListObj	binder	abi_decision	user	required: smallest .lit source whose completed Result contains Obj::MatrixListObj in its binder role	reject Obj::MatrixListObj emission until its target ABI and eliminators are frozen	freeze the Lean representation contract before compiling Obj::MatrixListObj
P0_blocked_user_decision	object	Obj::MatrixListObj	definition_value	abi_decision	user	required: smallest .lit source whose completed Result contains Obj::MatrixListObj in its definition_value role	reject Obj::MatrixListObj emission until its target ABI and eliminators are frozen	freeze the Lean representation contract before compiling Obj::MatrixListObj
P0_blocked_user_decision	object	Obj::MatrixListObj	function_domain_or_codomain	abi_decision	user	required: smallest .lit source whose completed Result contains Obj::MatrixListObj in its function_domain_or_codomain role	reject Obj::MatrixListObj emission until its target ABI and eliminators are frozen	freeze the Lean representation contract before compiling Obj::MatrixListObj
P0_blocked_user_decision	object	Obj::MatrixListObj	target_set	abi_decision	user	required: smallest .lit source whose completed Result contains Obj::MatrixListObj in its target_set role	reject Obj::MatrixListObj emission until its target ABI and eliminators are frozen	freeze the Lean representation contract before compiling Obj::MatrixListObj
P0_blocked_user_decision	object	Obj::MatrixListObj	term	abi_decision	user	required: smallest .lit source whose completed Result contains Obj::MatrixListObj in its term role	reject Obj::MatrixListObj emission until its target ABI and eliminators are frozen	freeze the Lean representation contract before compiling Obj::MatrixListObj
P0_blocked_user_decision	object	Obj::MatrixListObj	well_definedness	abi_decision	user	required: smallest .lit source whose completed Result contains Obj::MatrixListObj in its well_definedness role	reject Obj::MatrixListObj emission until its target ABI and eliminators are frozen	freeze the Lean representation contract before compiling Obj::MatrixListObj
P0_blocked_user_decision	object	Obj::MatrixMul	binder	abi_decision	user	required: smallest .lit source whose completed Result contains Obj::MatrixMul in its binder role	reject Obj::MatrixMul emission until its target ABI and eliminators are frozen	freeze the Lean representation contract before compiling Obj::MatrixMul
P0_blocked_user_decision	object	Obj::MatrixMul	definition_value	abi_decision	user	required: smallest .lit source whose completed Result contains Obj::MatrixMul in its definition_value role	reject Obj::MatrixMul emission until its target ABI and eliminators are frozen	freeze the Lean representation contract before compiling Obj::MatrixMul
P0_blocked_user_decision	object	Obj::MatrixMul	function_domain_or_codomain	abi_decision	user	required: smallest .lit source whose completed Result contains Obj::MatrixMul in its function_domain_or_codomain role	reject Obj::MatrixMul emission until its target ABI and eliminators are frozen	freeze the Lean representation contract before compiling Obj::MatrixMul
P0_blocked_user_decision	object	Obj::MatrixMul	target_set	abi_decision	user	required: smallest .lit source whose completed Result contains Obj::MatrixMul in its target_set role	reject Obj::MatrixMul emission until its target ABI and eliminators are frozen	freeze the Lean representation contract before compiling Obj::MatrixMul
P0_blocked_user_decision	object	Obj::MatrixMul	term	abi_decision	user	required: smallest .lit source whose completed Result contains Obj::MatrixMul in its term role	reject Obj::MatrixMul emission until its target ABI and eliminators are frozen	freeze the Lean representation contract before compiling Obj::MatrixMul
P0_blocked_user_decision	object	Obj::MatrixMul	well_definedness	abi_decision	user	required: smallest .lit source whose completed Result contains Obj::MatrixMul in its well_definedness role	reject Obj::MatrixMul emission until its target ABI and eliminators are frozen	freeze the Lean representation contract before compiling Obj::MatrixMul
P0_blocked_user_decision	object	Obj::MatrixPow	binder	abi_decision	user	required: smallest .lit source whose completed Result contains Obj::MatrixPow in its binder role	reject Obj::MatrixPow emission until its target ABI and eliminators are frozen	freeze the Lean representation contract before compiling Obj::MatrixPow
P0_blocked_user_decision	object	Obj::MatrixPow	definition_value	abi_decision	user	required: smallest .lit source whose completed Result contains Obj::MatrixPow in its definition_value role	reject Obj::MatrixPow emission until its target ABI and eliminators are frozen	freeze the Lean representation contract before compiling Obj::MatrixPow
P0_blocked_user_decision	object	Obj::MatrixPow	function_domain_or_codomain	abi_decision	user	required: smallest .lit source whose completed Result contains Obj::MatrixPow in its function_domain_or_codomain role	reject Obj::MatrixPow emission until its target ABI and eliminators are frozen	freeze the Lean representation contract before compiling Obj::MatrixPow
P0_blocked_user_decision	object	Obj::MatrixPow	target_set	abi_decision	user	required: smallest .lit source whose completed Result contains Obj::MatrixPow in its target_set role	reject Obj::MatrixPow emission until its target ABI and eliminators are frozen	freeze the Lean representation contract before compiling Obj::MatrixPow
P0_blocked_user_decision	object	Obj::MatrixPow	term	abi_decision	user	required: smallest .lit source whose completed Result contains Obj::MatrixPow in its term role	reject Obj::MatrixPow emission until its target ABI and eliminators are frozen	freeze the Lean representation contract before compiling Obj::MatrixPow
P0_blocked_user_decision	object	Obj::MatrixPow	well_definedness	abi_decision	user	required: smallest .lit source whose completed Result contains Obj::MatrixPow in its well_definedness role	reject Obj::MatrixPow emission until its target ABI and eliminators are frozen	freeze the Lean representation contract before compiling Obj::MatrixPow
P0_blocked_user_decision	object	Obj::MatrixScalarMul	binder	abi_decision	user	required: smallest .lit source whose completed Result contains Obj::MatrixScalarMul in its binder role	reject Obj::MatrixScalarMul emission until its target ABI and eliminators are frozen	freeze the Lean representation contract before compiling Obj::MatrixScalarMul
P0_blocked_user_decision	object	Obj::MatrixScalarMul	definition_value	abi_decision	user	required: smallest .lit source whose completed Result contains Obj::MatrixScalarMul in its definition_value role	reject Obj::MatrixScalarMul emission until its target ABI and eliminators are frozen	freeze the Lean representation contract before compiling Obj::MatrixScalarMul
P0_blocked_user_decision	object	Obj::MatrixScalarMul	function_domain_or_codomain	abi_decision	user	required: smallest .lit source whose completed Result contains Obj::MatrixScalarMul in its function_domain_or_codomain role	reject Obj::MatrixScalarMul emission until its target ABI and eliminators are frozen	freeze the Lean representation contract before compiling Obj::MatrixScalarMul
P0_blocked_user_decision	object	Obj::MatrixScalarMul	target_set	abi_decision	user	required: smallest .lit source whose completed Result contains Obj::MatrixScalarMul in its target_set role	reject Obj::MatrixScalarMul emission until its target ABI and eliminators are frozen	freeze the Lean representation contract before compiling Obj::MatrixScalarMul
P0_blocked_user_decision	object	Obj::MatrixScalarMul	term	abi_decision	user	required: smallest .lit source whose completed Result contains Obj::MatrixScalarMul in its term role	reject Obj::MatrixScalarMul emission until its target ABI and eliminators are frozen	freeze the Lean representation contract before compiling Obj::MatrixScalarMul
P0_blocked_user_decision	object	Obj::MatrixScalarMul	well_definedness	abi_decision	user	required: smallest .lit source whose completed Result contains Obj::MatrixScalarMul in its well_definedness role	reject Obj::MatrixScalarMul emission until its target ABI and eliminators are frozen	freeze the Lean representation contract before compiling Obj::MatrixScalarMul
P0_blocked_user_decision	object	Obj::MatrixSub	binder	abi_decision	user	required: smallest .lit source whose completed Result contains Obj::MatrixSub in its binder role	reject Obj::MatrixSub emission until its target ABI and eliminators are frozen	freeze the Lean representation contract before compiling Obj::MatrixSub
P0_blocked_user_decision	object	Obj::MatrixSub	definition_value	abi_decision	user	required: smallest .lit source whose completed Result contains Obj::MatrixSub in its definition_value role	reject Obj::MatrixSub emission until its target ABI and eliminators are frozen	freeze the Lean representation contract before compiling Obj::MatrixSub
P0_blocked_user_decision	object	Obj::MatrixSub	function_domain_or_codomain	abi_decision	user	required: smallest .lit source whose completed Result contains Obj::MatrixSub in its function_domain_or_codomain role	reject Obj::MatrixSub emission until its target ABI and eliminators are frozen	freeze the Lean representation contract before compiling Obj::MatrixSub
P0_blocked_user_decision	object	Obj::MatrixSub	target_set	abi_decision	user	required: smallest .lit source whose completed Result contains Obj::MatrixSub in its target_set role	reject Obj::MatrixSub emission until its target ABI and eliminators are frozen	freeze the Lean representation contract before compiling Obj::MatrixSub
P0_blocked_user_decision	object	Obj::MatrixSub	term	abi_decision	user	required: smallest .lit source whose completed Result contains Obj::MatrixSub in its term role	reject Obj::MatrixSub emission until its target ABI and eliminators are frozen	freeze the Lean representation contract before compiling Obj::MatrixSub
P0_blocked_user_decision	object	Obj::MatrixSub	well_definedness	abi_decision	user	required: smallest .lit source whose completed Result contains Obj::MatrixSub in its well_definedness role	reject Obj::MatrixSub emission until its target ABI and eliminators are frozen	freeze the Lean representation contract before compiling Obj::MatrixSub
P1_genuine_compiler_gap	atomic_fact	AtomicFact::FnEqualFact		compiler_gap	Codex	required: smallest .lit source whose completed Result contains AtomicFact::FnEqualFact	return an explicit incomplete/error result for AtomicFact::FnEqualFact; never accept partial Lean	add one positive Result-driven tracer and direct compiler consumer for AtomicFact::FnEqualFact
P1_genuine_compiler_gap	atomic_fact	AtomicFact::FnEqualInFact		compiler_gap	Codex	required: smallest .lit source whose completed Result contains AtomicFact::FnEqualInFact	return an explicit incomplete/error result for AtomicFact::FnEqualInFact; never accept partial Lean	add one positive Result-driven tracer and direct compiler consumer for AtomicFact::FnEqualInFact
P1_genuine_compiler_gap	atomic_fact	AtomicFact::IsCartFact		compiler_gap	Codex	required: smallest .lit source whose completed Result contains AtomicFact::IsCartFact	return an explicit incomplete/error result for AtomicFact::IsCartFact; never accept partial Lean	add one positive Result-driven tracer and direct compiler consumer for AtomicFact::IsCartFact
P1_genuine_compiler_gap	builtin_typed	set.subset_transitivity		compiler_gap	Codex	required: smallest .lit source whose Result selects stable ID set.subset_transitivity	return an explicit incomplete/error result for set.subset_transitivity; never accept partial Lean	add one positive Result-driven tracer and direct compiler consumer for set.subset_transitivity
P1_genuine_compiler_gap	fact	Fact::ForallFactWithIff		compiler_gap	Codex	required: smallest .lit source whose completed Result contains Fact::ForallFactWithIff	return an explicit incomplete/error result for Fact::ForallFactWithIff; never accept partial Lean	add one positive Result-driven tracer and direct compiler consumer for Fact::ForallFactWithIff
P1_genuine_compiler_gap	fact	Fact::NotForall		compiler_gap	Codex	required: smallest .lit source whose completed Result contains Fact::NotForall	return an explicit incomplete/error result for Fact::NotForall; never accept partial Lean	add one positive Result-driven tracer and direct compiler consumer for Fact::NotForall
P1_genuine_compiler_gap	fact_proof	SuccessFactProofResult::DefinitionReduction		compiler_gap	Codex	required: smallest .lit source whose completed Result contains SuccessFactProofResult::DefinitionReduction	return an explicit incomplete/error result for SuccessFactProofResult::DefinitionReduction; never accept partial Lean	add one positive Result-driven tracer and direct compiler consumer for SuccessFactProofResult::DefinitionReduction
P1_genuine_compiler_gap	object	Obj::CartDim	binder	compiler_gap	Codex	required: smallest .lit source whose completed Result contains Obj::CartDim in its binder role	return an explicit incomplete/error result for Obj::CartDim; never accept partial Lean	add one positive Result-driven tracer and direct compiler consumer for Obj::CartDim
P1_genuine_compiler_gap	object	Obj::CartDim	definition_value	compiler_gap	Codex	required: smallest .lit source whose completed Result contains Obj::CartDim in its definition_value role	return an explicit incomplete/error result for Obj::CartDim; never accept partial Lean	add one positive Result-driven tracer and direct compiler consumer for Obj::CartDim
P1_genuine_compiler_gap	object	Obj::CartDim	function_domain_or_codomain	compiler_gap	Codex	required: smallest .lit source whose completed Result contains Obj::CartDim in its function_domain_or_codomain role	return an explicit incomplete/error result for Obj::CartDim; never accept partial Lean	add one positive Result-driven tracer and direct compiler consumer for Obj::CartDim
P1_genuine_compiler_gap	object	Obj::CartDim	target_set	compiler_gap	Codex	required: smallest .lit source whose completed Result contains Obj::CartDim in its target_set role	return an explicit incomplete/error result for Obj::CartDim; never accept partial Lean	add one positive Result-driven tracer and direct compiler consumer for Obj::CartDim
P1_genuine_compiler_gap	object	Obj::CartDim	term	compiler_gap	Codex	required: smallest .lit source whose completed Result contains Obj::CartDim in its term role	return an explicit incomplete/error result for Obj::CartDim; never accept partial Lean	add one positive Result-driven tracer and direct compiler consumer for Obj::CartDim
P1_genuine_compiler_gap	object	Obj::CartDim	well_definedness	compiler_gap	Codex	required: smallest .lit source whose completed Result contains Obj::CartDim in its well_definedness role	return an explicit incomplete/error result for Obj::CartDim; never accept partial Lean	add one positive Result-driven tracer and direct compiler consumer for Obj::CartDim
P1_genuine_compiler_gap	object	Obj::FiniteSetMax	binder	compiler_gap	Codex	required: smallest .lit source whose completed Result contains Obj::FiniteSetMax in its binder role	return an explicit incomplete/error result for Obj::FiniteSetMax; never accept partial Lean	add one positive Result-driven tracer and direct compiler consumer for Obj::FiniteSetMax
P1_genuine_compiler_gap	object	Obj::FiniteSetMax	definition_value	compiler_gap	Codex	required: smallest .lit source whose completed Result contains Obj::FiniteSetMax in its definition_value role	return an explicit incomplete/error result for Obj::FiniteSetMax; never accept partial Lean	add one positive Result-driven tracer and direct compiler consumer for Obj::FiniteSetMax
P1_genuine_compiler_gap	object	Obj::FiniteSetMax	function_domain_or_codomain	compiler_gap	Codex	required: smallest .lit source whose completed Result contains Obj::FiniteSetMax in its function_domain_or_codomain role	return an explicit incomplete/error result for Obj::FiniteSetMax; never accept partial Lean	add one positive Result-driven tracer and direct compiler consumer for Obj::FiniteSetMax
P1_genuine_compiler_gap	object	Obj::FiniteSetMax	target_set	compiler_gap	Codex	required: smallest .lit source whose completed Result contains Obj::FiniteSetMax in its target_set role	return an explicit incomplete/error result for Obj::FiniteSetMax; never accept partial Lean	add one positive Result-driven tracer and direct compiler consumer for Obj::FiniteSetMax
P1_genuine_compiler_gap	object	Obj::FiniteSetMax	term	compiler_gap	Codex	required: smallest .lit source whose completed Result contains Obj::FiniteSetMax in its term role	return an explicit incomplete/error result for Obj::FiniteSetMax; never accept partial Lean	add one positive Result-driven tracer and direct compiler consumer for Obj::FiniteSetMax
P1_genuine_compiler_gap	object	Obj::FiniteSetMax	well_definedness	compiler_gap	Codex	required: smallest .lit source whose completed Result contains Obj::FiniteSetMax in its well_definedness role	return an explicit incomplete/error result for Obj::FiniteSetMax; never accept partial Lean	add one positive Result-driven tracer and direct compiler consumer for Obj::FiniteSetMax
P1_genuine_compiler_gap	object	Obj::FiniteSetMin	binder	compiler_gap	Codex	required: smallest .lit source whose completed Result contains Obj::FiniteSetMin in its binder role	return an explicit incomplete/error result for Obj::FiniteSetMin; never accept partial Lean	add one positive Result-driven tracer and direct compiler consumer for Obj::FiniteSetMin
P1_genuine_compiler_gap	object	Obj::FiniteSetMin	definition_value	compiler_gap	Codex	required: smallest .lit source whose completed Result contains Obj::FiniteSetMin in its definition_value role	return an explicit incomplete/error result for Obj::FiniteSetMin; never accept partial Lean	add one positive Result-driven tracer and direct compiler consumer for Obj::FiniteSetMin
P1_genuine_compiler_gap	object	Obj::FiniteSetMin	function_domain_or_codomain	compiler_gap	Codex	required: smallest .lit source whose completed Result contains Obj::FiniteSetMin in its function_domain_or_codomain role	return an explicit incomplete/error result for Obj::FiniteSetMin; never accept partial Lean	add one positive Result-driven tracer and direct compiler consumer for Obj::FiniteSetMin
P1_genuine_compiler_gap	object	Obj::FiniteSetMin	target_set	compiler_gap	Codex	required: smallest .lit source whose completed Result contains Obj::FiniteSetMin in its target_set role	return an explicit incomplete/error result for Obj::FiniteSetMin; never accept partial Lean	add one positive Result-driven tracer and direct compiler consumer for Obj::FiniteSetMin
P1_genuine_compiler_gap	object	Obj::FiniteSetMin	term	compiler_gap	Codex	required: smallest .lit source whose completed Result contains Obj::FiniteSetMin in its term role	return an explicit incomplete/error result for Obj::FiniteSetMin; never accept partial Lean	add one positive Result-driven tracer and direct compiler consumer for Obj::FiniteSetMin
P1_genuine_compiler_gap	object	Obj::FiniteSetMin	well_definedness	compiler_gap	Codex	required: smallest .lit source whose completed Result contains Obj::FiniteSetMin in its well_definedness role	return an explicit incomplete/error result for Obj::FiniteSetMin; never accept partial Lean	add one positive Result-driven tracer and direct compiler consumer for Obj::FiniteSetMin
P1_genuine_compiler_gap	object	Obj::FiniteSetSize	binder	compiler_gap	Codex	required: smallest .lit source whose completed Result contains Obj::FiniteSetSize in its binder role	return an explicit incomplete/error result for Obj::FiniteSetSize; never accept partial Lean	add one positive Result-driven tracer and direct compiler consumer for Obj::FiniteSetSize
P1_genuine_compiler_gap	object	Obj::FiniteSetSize	definition_value	compiler_gap	Codex	required: smallest .lit source whose completed Result contains Obj::FiniteSetSize in its definition_value role	return an explicit incomplete/error result for Obj::FiniteSetSize; never accept partial Lean	add one positive Result-driven tracer and direct compiler consumer for Obj::FiniteSetSize
P1_genuine_compiler_gap	object	Obj::FiniteSetSize	function_domain_or_codomain	compiler_gap	Codex	required: smallest .lit source whose completed Result contains Obj::FiniteSetSize in its function_domain_or_codomain role	return an explicit incomplete/error result for Obj::FiniteSetSize; never accept partial Lean	add one positive Result-driven tracer and direct compiler consumer for Obj::FiniteSetSize
P1_genuine_compiler_gap	object	Obj::FiniteSetSize	target_set	compiler_gap	Codex	required: smallest .lit source whose completed Result contains Obj::FiniteSetSize in its target_set role	return an explicit incomplete/error result for Obj::FiniteSetSize; never accept partial Lean	add one positive Result-driven tracer and direct compiler consumer for Obj::FiniteSetSize
P1_genuine_compiler_gap	object	Obj::FiniteSetSize	term	compiler_gap	Codex	required: smallest .lit source whose completed Result contains Obj::FiniteSetSize in its term role	return an explicit incomplete/error result for Obj::FiniteSetSize; never accept partial Lean	add one positive Result-driven tracer and direct compiler consumer for Obj::FiniteSetSize
P1_genuine_compiler_gap	object	Obj::FiniteSetSize	well_definedness	compiler_gap	Codex	required: smallest .lit source whose completed Result contains Obj::FiniteSetSize in its well_definedness role	return an explicit incomplete/error result for Obj::FiniteSetSize; never accept partial Lean	add one positive Result-driven tracer and direct compiler consumer for Obj::FiniteSetSize
P1_genuine_compiler_gap	object	Obj::ObjAsStructInstanceWithFieldAccess	binder	compiler_gap	Codex	required: smallest .lit source whose completed Result contains Obj::ObjAsStructInstanceWithFieldAccess in its binder role	return an explicit incomplete/error result for Obj::ObjAsStructInstanceWithFieldAccess; never accept partial Lean	add one positive Result-driven tracer and direct compiler consumer for Obj::ObjAsStructInstanceWithFieldAccess
P1_genuine_compiler_gap	object	Obj::ObjAsStructInstanceWithFieldAccess	definition_value	compiler_gap	Codex	required: smallest .lit source whose completed Result contains Obj::ObjAsStructInstanceWithFieldAccess in its definition_value role	return an explicit incomplete/error result for Obj::ObjAsStructInstanceWithFieldAccess; never accept partial Lean	add one positive Result-driven tracer and direct compiler consumer for Obj::ObjAsStructInstanceWithFieldAccess
P1_genuine_compiler_gap	object	Obj::ObjAsStructInstanceWithFieldAccess	function_domain_or_codomain	compiler_gap	Codex	required: smallest .lit source whose completed Result contains Obj::ObjAsStructInstanceWithFieldAccess in its function_domain_or_codomain role	return an explicit incomplete/error result for Obj::ObjAsStructInstanceWithFieldAccess; never accept partial Lean	add one positive Result-driven tracer and direct compiler consumer for Obj::ObjAsStructInstanceWithFieldAccess
P1_genuine_compiler_gap	object	Obj::ObjAsStructInstanceWithFieldAccess	target_set	compiler_gap	Codex	required: smallest .lit source whose completed Result contains Obj::ObjAsStructInstanceWithFieldAccess in its target_set role	return an explicit incomplete/error result for Obj::ObjAsStructInstanceWithFieldAccess; never accept partial Lean	add one positive Result-driven tracer and direct compiler consumer for Obj::ObjAsStructInstanceWithFieldAccess
P1_genuine_compiler_gap	object	Obj::ObjAsStructInstanceWithFieldAccess	term	compiler_gap	Codex	required: smallest .lit source whose completed Result contains Obj::ObjAsStructInstanceWithFieldAccess in its term role	return an explicit incomplete/error result for Obj::ObjAsStructInstanceWithFieldAccess; never accept partial Lean	add one positive Result-driven tracer and direct compiler consumer for Obj::ObjAsStructInstanceWithFieldAccess
P1_genuine_compiler_gap	object	Obj::ObjAsStructInstanceWithFieldAccess	well_definedness	compiler_gap	Codex	required: smallest .lit source whose completed Result contains Obj::ObjAsStructInstanceWithFieldAccess in its well_definedness role	return an explicit incomplete/error result for Obj::ObjAsStructInstanceWithFieldAccess; never accept partial Lean	add one positive Result-driven tracer and direct compiler consumer for Obj::ObjAsStructInstanceWithFieldAccess
P1_genuine_compiler_gap	object	Obj::Proj	binder	compiler_gap	Codex	required: smallest .lit source whose completed Result contains Obj::Proj in its binder role	return an explicit incomplete/error result for Obj::Proj; never accept partial Lean	add one positive Result-driven tracer and direct compiler consumer for Obj::Proj
P1_genuine_compiler_gap	object	Obj::Proj	definition_value	compiler_gap	Codex	required: smallest .lit source whose completed Result contains Obj::Proj in its definition_value role	return an explicit incomplete/error result for Obj::Proj; never accept partial Lean	add one positive Result-driven tracer and direct compiler consumer for Obj::Proj
P1_genuine_compiler_gap	object	Obj::Proj	function_domain_or_codomain	compiler_gap	Codex	required: smallest .lit source whose completed Result contains Obj::Proj in its function_domain_or_codomain role	return an explicit incomplete/error result for Obj::Proj; never accept partial Lean	add one positive Result-driven tracer and direct compiler consumer for Obj::Proj
P1_genuine_compiler_gap	object	Obj::Proj	target_set	compiler_gap	Codex	required: smallest .lit source whose completed Result contains Obj::Proj in its target_set role	return an explicit incomplete/error result for Obj::Proj; never accept partial Lean	add one positive Result-driven tracer and direct compiler consumer for Obj::Proj
P1_genuine_compiler_gap	object	Obj::Proj	term	compiler_gap	Codex	required: smallest .lit source whose completed Result contains Obj::Proj in its term role	return an explicit incomplete/error result for Obj::Proj; never accept partial Lean	add one positive Result-driven tracer and direct compiler consumer for Obj::Proj
P1_genuine_compiler_gap	object	Obj::Proj	well_definedness	compiler_gap	Codex	required: smallest .lit source whose completed Result contains Obj::Proj in its well_definedness role	return an explicit incomplete/error result for Obj::Proj; never accept partial Lean	add one positive Result-driven tracer and direct compiler consumer for Obj::Proj
P1_genuine_compiler_gap	object	Obj::Quot	binder	compiler_gap	Codex	required: smallest .lit source whose completed Result contains Obj::Quot in its binder role	return an explicit incomplete/error result for Obj::Quot; never accept partial Lean	add one positive Result-driven tracer and direct compiler consumer for Obj::Quot
P1_genuine_compiler_gap	object	Obj::Quot	definition_value	compiler_gap	Codex	required: smallest .lit source whose completed Result contains Obj::Quot in its definition_value role	return an explicit incomplete/error result for Obj::Quot; never accept partial Lean	add one positive Result-driven tracer and direct compiler consumer for Obj::Quot
P1_genuine_compiler_gap	object	Obj::Quot	function_domain_or_codomain	compiler_gap	Codex	required: smallest .lit source whose completed Result contains Obj::Quot in its function_domain_or_codomain role	return an explicit incomplete/error result for Obj::Quot; never accept partial Lean	add one positive Result-driven tracer and direct compiler consumer for Obj::Quot
P1_genuine_compiler_gap	object	Obj::Quot	target_set	compiler_gap	Codex	required: smallest .lit source whose completed Result contains Obj::Quot in its target_set role	return an explicit incomplete/error result for Obj::Quot; never accept partial Lean	add one positive Result-driven tracer and direct compiler consumer for Obj::Quot
P1_genuine_compiler_gap	object	Obj::Quot	term	compiler_gap	Codex	required: smallest .lit source whose completed Result contains Obj::Quot in its term role	return an explicit incomplete/error result for Obj::Quot; never accept partial Lean	add one positive Result-driven tracer and direct compiler consumer for Obj::Quot
P1_genuine_compiler_gap	object	Obj::Quot	well_definedness	compiler_gap	Codex	required: smallest .lit source whose completed Result contains Obj::Quot in its well_definedness role	return an explicit incomplete/error result for Obj::Quot; never accept partial Lean	add one positive Result-driven tracer and direct compiler consumer for Obj::Quot
P1_genuine_compiler_gap	object	Obj::Replacement	binder	compiler_gap	Codex	required: smallest .lit source whose completed Result contains Obj::Replacement in its binder role	return an explicit incomplete/error result for Obj::Replacement; never accept partial Lean	add one positive Result-driven tracer and direct compiler consumer for Obj::Replacement
P1_genuine_compiler_gap	object	Obj::Replacement	definition_value	compiler_gap	Codex	required: smallest .lit source whose completed Result contains Obj::Replacement in its definition_value role	return an explicit incomplete/error result for Obj::Replacement; never accept partial Lean	add one positive Result-driven tracer and direct compiler consumer for Obj::Replacement
P1_genuine_compiler_gap	object	Obj::Replacement	function_domain_or_codomain	compiler_gap	Codex	required: smallest .lit source whose completed Result contains Obj::Replacement in its function_domain_or_codomain role	return an explicit incomplete/error result for Obj::Replacement; never accept partial Lean	add one positive Result-driven tracer and direct compiler consumer for Obj::Replacement
P1_genuine_compiler_gap	object	Obj::Replacement	target_set	compiler_gap	Codex	required: smallest .lit source whose completed Result contains Obj::Replacement in its target_set role	return an explicit incomplete/error result for Obj::Replacement; never accept partial Lean	add one positive Result-driven tracer and direct compiler consumer for Obj::Replacement
P1_genuine_compiler_gap	object	Obj::Replacement	term	compiler_gap	Codex	required: smallest .lit source whose completed Result contains Obj::Replacement in its term role	return an explicit incomplete/error result for Obj::Replacement; never accept partial Lean	add one positive Result-driven tracer and direct compiler consumer for Obj::Replacement
P1_genuine_compiler_gap	object	Obj::Replacement	well_definedness	compiler_gap	Codex	required: smallest .lit source whose completed Result contains Obj::Replacement in its well_definedness role	return an explicit incomplete/error result for Obj::Replacement; never accept partial Lean	add one positive Result-driven tracer and direct compiler consumer for Obj::Replacement
P1_genuine_compiler_gap	object_atom	AtomObj::IdentifierWithMod		compiler_gap	Codex	required: smallest .lit source whose completed Result contains AtomObj::IdentifierWithMod	return an explicit incomplete/error result for AtomObj::IdentifierWithMod; never accept partial Lean	add one positive Result-driven tracer and direct compiler consumer for AtomObj::IdentifierWithMod
P1_genuine_compiler_gap	well_definedness_result	SuccessVerifyTemplateDomainResult		compiler_gap	Codex	required: smallest .lit source whose completed Result contains SuccessVerifyTemplateDomainResult	return an explicit incomplete/error result for SuccessVerifyTemplateDomainResult; never accept partial Lean	add one positive Result-driven tracer and direct compiler consumer for SuccessVerifyTemplateDomainResult
P1_genuine_compiler_gap	well_definedness_result	SuccessVerifyTemplateHeaderArgumentResult		compiler_gap	Codex	required: smallest .lit source whose completed Result contains SuccessVerifyTemplateHeaderArgumentResult	return an explicit incomplete/error result for SuccessVerifyTemplateHeaderArgumentResult; never accept partial Lean	add one positive Result-driven tracer and direct compiler consumer for SuccessVerifyTemplateHeaderArgumentResult
P2_result_evidence_gap	builtin_typed	nonzero.div		evidence_gap	Codex	required: smallest .lit source whose Result selects stable ID nonzero.div	reject nonzero.div when target, ordered children, FactIds, bindings, or scope evidence is absent	inspect the exact producer Result and replace generic evidence for nonzero.div
P2_result_evidence_gap	builtin_typed	nonzero.mul		evidence_gap	Codex	required: smallest .lit source whose Result selects stable ID nonzero.mul	reject nonzero.mul when target, ordered children, FactIds, bindings, or scope evidence is absent	inspect the exact producer Result and replace generic evidence for nonzero.mul
P2_result_evidence_gap	builtin_typed	not_equal.from_strict_order		evidence_gap	Codex	required: smallest .lit source whose Result selects stable ID not_equal.from_strict_order	reject not_equal.from_strict_order when target, ordered children, FactIds, bindings, or scope evidence is absent	inspect the exact producer Result and replace generic evidence for not_equal.from_strict_order
P2_result_evidence_gap	builtin_uncatalogued	builtin.execute.explicit_verify.theorem_application.exec_builtin_thm_stmt_impl		evidence_gap	Codex	required: smallest .lit source whose Result selects stable ID builtin.execute.explicit_verify.theorem_application.exec_builtin_thm_stmt_impl	reject builtin.execute.explicit_verify.theorem_application.exec_builtin_thm_stmt_impl when target, ordered children, FactIds, bindings, or scope evidence is absent	inspect the exact producer Result and replace generic evidence for builtin.execute.explicit_verify.theorem_application.exec_builtin_thm_stmt_impl
P2_result_evidence_gap	builtin_uncatalogued	builtin.verify.atomic.definition.verify_choice_function_for_fact_by_definition		evidence_gap	Codex	required: smallest .lit source whose Result selects stable ID builtin.verify.atomic.definition.verify_choice_function_for_fact_by_definition	reject builtin.verify.atomic.definition.verify_choice_function_for_fact_by_definition when target, ordered children, FactIds, bindings, or scope evidence is absent	inspect the exact producer Result and replace generic evidence for builtin.verify.atomic.definition.verify_choice_function_for_fact_by_definition
P2_result_evidence_gap	builtin_uncatalogued	builtin.verify.atomic.definition.verify_coprime_fact_by_definition		evidence_gap	Codex	required: smallest .lit source whose Result selects stable ID builtin.verify.atomic.definition.verify_coprime_fact_by_definition	reject builtin.verify.atomic.definition.verify_coprime_fact_by_definition when target, ordered children, FactIds, bindings, or scope evidence is absent	inspect the exact producer Result and replace generic evidence for builtin.verify.atomic.definition.verify_coprime_fact_by_definition
P2_result_evidence_gap	builtin_uncatalogued	builtin.verify.atomic.definition.verify_dvd_fact_by_definition		evidence_gap	Codex	required: smallest .lit source whose Result selects stable ID builtin.verify.atomic.definition.verify_dvd_fact_by_definition	reject builtin.verify.atomic.definition.verify_dvd_fact_by_definition when target, ordered children, FactIds, bindings, or scope evidence is absent	inspect the exact producer Result and replace generic evidence for builtin.verify.atomic.definition.verify_dvd_fact_by_definition
P2_result_evidence_gap	builtin_uncatalogued	builtin.verify.atomic.definition.verify_prime_fact_by_definition		evidence_gap	Codex	required: smallest .lit source whose Result selects stable ID builtin.verify.atomic.definition.verify_prime_fact_by_definition	reject builtin.verify.atomic.definition.verify_prime_fact_by_definition when target, ordered children, FactIds, bindings, or scope evidence is absent	inspect the exact producer Result and replace generic evidence for builtin.verify.atomic.definition.verify_prime_fact_by_definition
P2_result_evidence_gap	builtin_uncatalogued	builtin.verify.atomic.definition.verify_subset_fact_by_membership_forall_definition		evidence_gap	Codex	required: smallest .lit source whose Result selects stable ID builtin.verify.atomic.definition.verify_subset_fact_by_membership_forall_definition	reject builtin.verify.atomic.definition.verify_subset_fact_by_membership_forall_definition when target, ordered children, FactIds, bindings, or scope evidence is absent	inspect the exact producer Result and replace generic evidence for builtin.verify.atomic.definition.verify_subset_fact_by_membership_forall_definition
P2_result_evidence_gap	builtin_uncatalogued	builtin.verify.atomic.definition.verify_superset_fact_by_membership_forall_definition		evidence_gap	Codex	required: smallest .lit source whose Result selects stable ID builtin.verify.atomic.definition.verify_superset_fact_by_membership_forall_definition	reject builtin.verify.atomic.definition.verify_superset_fact_by_membership_forall_definition when target, ordered children, FactIds, bindings, or scope evidence is absent	inspect the exact producer Result and replace generic evidence for builtin.verify.atomic.definition.verify_superset_fact_by_membership_forall_definition
P2_result_evidence_gap	builtin_uncatalogued	builtin.verify.atomic.function_membership.verify_value_in_definition_return_set		evidence_gap	Codex	required: smallest .lit source whose Result selects stable ID builtin.verify.atomic.function_membership.verify_value_in_definition_return_set	reject builtin.verify.atomic.function_membership.verify_value_in_definition_return_set when target, ordered children, FactIds, bindings, or scope evidence is absent	inspect the exact producer Result and replace generic evidence for builtin.verify.atomic.function_membership.verify_value_in_definition_return_set
P2_result_evidence_gap	builtin_uncatalogued	builtin.verify.atomic.function_properties.verify_builtin_function_property_by_definition		evidence_gap	Codex	required: smallest .lit source whose Result selects stable ID builtin.verify.atomic.function_properties.verify_builtin_function_property_by_definition	reject builtin.verify.atomic.function_properties.verify_builtin_function_property_by_definition when target, ordered children, FactIds, bindings, or scope evidence is absent	inspect the exact producer Result and replace generic evidence for builtin.verify.atomic.function_properties.verify_builtin_function_property_by_definition
P2_result_evidence_gap	builtin_uncatalogued	builtin.verify.atomic.set_relations.verify_builtin_proper_set_relation_by_definition		evidence_gap	Codex	required: smallest .lit source whose Result selects stable ID builtin.verify.atomic.set_relations.verify_builtin_proper_set_relation_by_definition	reject builtin.verify.atomic.set_relations.verify_builtin_proper_set_relation_by_definition when target, ordered children, FactIds, bindings, or scope evidence is absent	inspect the exact producer Result and replace generic evidence for builtin.verify.atomic.set_relations.verify_builtin_proper_set_relation_by_definition
P2_result_evidence_gap	builtin_uncatalogued	builtin.verify.atomic.set_relations.verify_builtin_proper_set_relation_from_quantifier_free_premise		evidence_gap	Codex	required: smallest .lit source whose Result selects stable ID builtin.verify.atomic.set_relations.verify_builtin_proper_set_relation_from_quantifier_free_premise	reject builtin.verify.atomic.set_relations.verify_builtin_proper_set_relation_from_quantifier_free_premise when target, ordered children, FactIds, bindings, or scope evidence is absent	inspect the exact producer Result and replace generic evidence for builtin.verify.atomic.set_relations.verify_builtin_proper_set_relation_from_quantifier_free_premise
P2_result_evidence_gap	builtin_uncatalogued	builtin.verify.composite.disjunction.try_verify_component_nonzero_or_from_known_square_sum_not_equal_zero		evidence_gap	Codex	required: smallest .lit source whose Result selects stable ID builtin.verify.composite.disjunction.try_verify_component_nonzero_or_from_known_square_sum_not_equal_zero	reject builtin.verify.composite.disjunction.try_verify_component_nonzero_or_from_known_square_sum_not_equal_zero when target, ordered children, FactIds, bindings, or scope evidence is absent	inspect the exact producer Result and replace generic evidence for builtin.verify.composite.disjunction.try_verify_component_nonzero_or_from_known_square_sum_not_equal_zero
P2_result_evidence_gap	builtin_uncatalogued	builtin.verify.composite.disjunction.try_verify_integer_successor_tail_or_from_lower_bound		evidence_gap	Codex	required: smallest .lit source whose Result selects stable ID builtin.verify.composite.disjunction.try_verify_integer_successor_tail_or_from_lower_bound	reject builtin.verify.composite.disjunction.try_verify_integer_successor_tail_or_from_lower_bound when target, ordered children, FactIds, bindings, or scope evidence is absent	inspect the exact producer Result and replace generic evidence for builtin.verify.composite.disjunction.try_verify_integer_successor_tail_or_from_lower_bound
P2_result_evidence_gap	builtin_uncatalogued	builtin.verify.composite.disjunction.try_verify_or_by_classical_implication		evidence_gap	Codex	required: smallest .lit source whose Result selects stable ID builtin.verify.composite.disjunction.try_verify_or_by_classical_implication	reject builtin.verify.composite.disjunction.try_verify_or_by_classical_implication when target, ordered children, FactIds, bindings, or scope evidence is absent	inspect the exact producer Result and replace generic evidence for builtin.verify.composite.disjunction.try_verify_or_by_classical_implication
P2_result_evidence_gap	builtin_uncatalogued	builtin.verify.composite.disjunction.try_verify_zero_product_or		evidence_gap	Codex	required: smallest .lit source whose Result selects stable ID builtin.verify.composite.disjunction.try_verify_zero_product_or	reject builtin.verify.composite.disjunction.try_verify_zero_product_or when target, ordered children, FactIds, bindings, or scope evidence is absent	inspect the exact producer Result and replace generic evidence for builtin.verify.composite.disjunction.try_verify_zero_product_or
P2_result_evidence_gap	builtin_uncatalogued	builtin.verify.composite.disjunction.verify_or_fact.01		evidence_gap	Codex	required: smallest .lit source whose Result selects stable ID builtin.verify.composite.disjunction.verify_or_fact.01	reject builtin.verify.composite.disjunction.verify_or_fact.01 when target, ordered children, FactIds, bindings, or scope evidence is absent	inspect the exact producer Result and replace generic evidence for builtin.verify.composite.disjunction.verify_or_fact.01
P2_result_evidence_gap	builtin_uncatalogued	builtin.verify.composite.disjunction.verify_or_fact.02		evidence_gap	Codex	required: smallest .lit source whose Result selects stable ID builtin.verify.composite.disjunction.verify_or_fact.02	reject builtin.verify.composite.disjunction.verify_or_fact.02 when target, ordered children, FactIds, bindings, or scope evidence is absent	inspect the exact producer Result and replace generic evidence for builtin.verify.composite.disjunction.verify_or_fact.02
P2_result_evidence_gap	builtin_uncatalogued	builtin.verify.composite.disjunction.verify_or_fact.03		evidence_gap	Codex	required: smallest .lit source whose Result selects stable ID builtin.verify.composite.disjunction.verify_or_fact.03	reject builtin.verify.composite.disjunction.verify_or_fact.03 when target, ordered children, FactIds, bindings, or scope evidence is absent	inspect the exact producer Result and replace generic evidence for builtin.verify.composite.disjunction.verify_or_fact.03
P2_result_evidence_gap	builtin_uncatalogued	builtin.verify.composite.disjunction.verify_or_fact.04		evidence_gap	Codex	required: smallest .lit source whose Result selects stable ID builtin.verify.composite.disjunction.verify_or_fact.04	reject builtin.verify.composite.disjunction.verify_or_fact.04 when target, ordered children, FactIds, bindings, or scope evidence is absent	inspect the exact producer Result and replace generic evidence for builtin.verify.composite.disjunction.verify_or_fact.04
P2_result_evidence_gap	builtin_uncatalogued	builtin.verify.composite.disjunction.verify_or_fact.05		evidence_gap	Codex	required: smallest .lit source whose Result selects stable ID builtin.verify.composite.disjunction.verify_or_fact.05	reject builtin.verify.composite.disjunction.verify_or_fact.05 when target, ordered children, FactIds, bindings, or scope evidence is absent	inspect the exact producer Result and replace generic evidence for builtin.verify.composite.disjunction.verify_or_fact.05
P2_result_evidence_gap	builtin_uncatalogued	builtin.verify.composite.disjunction.verify_or_fact.06		evidence_gap	Codex	required: smallest .lit source whose Result selects stable ID builtin.verify.composite.disjunction.verify_or_fact.06	reject builtin.verify.composite.disjunction.verify_or_fact.06 when target, ordered children, FactIds, bindings, or scope evidence is absent	inspect the exact producer Result and replace generic evidence for builtin.verify.composite.disjunction.verify_or_fact.06
P2_result_evidence_gap	builtin_uncatalogued	builtin.verify.equality.core.verify_equal_fact		evidence_gap	Codex	required: smallest .lit source whose Result selects stable ID builtin.verify.equality.core.verify_equal_fact	reject builtin.verify.equality.core.verify_equal_fact when target, ordered children, FactIds, bindings, or scope evidence is absent	inspect the exact producer Result and replace generic evidence for builtin.verify.equality.core.verify_equal_fact
P2_result_evidence_gap	builtin_uncatalogued	builtin.verify.equality.core.verify_equal_fact_by_builtin_rules_and_known_equalities.01		evidence_gap	Codex	required: smallest .lit source whose Result selects stable ID builtin.verify.equality.core.verify_equal_fact_by_builtin_rules_and_known_equalities.01	reject builtin.verify.equality.core.verify_equal_fact_by_builtin_rules_and_known_equalities.01 when target, ordered children, FactIds, bindings, or scope evidence is absent	inspect the exact producer Result and replace generic evidence for builtin.verify.equality.core.verify_equal_fact_by_builtin_rules_and_known_equalities.01
P2_result_evidence_gap	builtin_uncatalogued	builtin.verify.equality.core.verify_equal_fact_by_builtin_rules_and_known_equalities.02		evidence_gap	Codex	required: smallest .lit source whose Result selects stable ID builtin.verify.equality.core.verify_equal_fact_by_builtin_rules_and_known_equalities.02	reject builtin.verify.equality.core.verify_equal_fact_by_builtin_rules_and_known_equalities.02 when target, ordered children, FactIds, bindings, or scope evidence is absent	inspect the exact producer Result and replace generic evidence for builtin.verify.equality.core.verify_equal_fact_by_builtin_rules_and_known_equalities.02
P2_result_evidence_gap	builtin_uncatalogued	builtin.verify.equality.core.verify_equal_fact_by_direct_evaluation		evidence_gap	Codex	required: smallest .lit source whose Result selects stable ID builtin.verify.equality.core.verify_equal_fact_by_direct_evaluation	reject builtin.verify.equality.core.verify_equal_fact_by_direct_evaluation when target, ordered children, FactIds, bindings, or scope evidence is absent	inspect the exact producer Result and replace generic evidence for builtin.verify.equality.core.verify_equal_fact_by_direct_evaluation
P2_result_evidence_gap	builtin_uncatalogued	builtin.verify.equality.core.verify_equal_fact_by_known_equality_then_direct_evaluation		evidence_gap	Codex	required: smallest .lit source whose Result selects stable ID builtin.verify.equality.core.verify_equal_fact_by_known_equality_then_direct_evaluation	reject builtin.verify.equality.core.verify_equal_fact_by_known_equality_then_direct_evaluation when target, ordered children, FactIds, bindings, or scope evidence is absent	inspect the exact producer Result and replace generic evidence for builtin.verify.equality.core.verify_equal_fact_by_known_equality_then_direct_evaluation
P2_result_evidence_gap	builtin_uncatalogued	builtin.verify.equality.core.verify_equal_fact_with_zero_premise_verification		evidence_gap	Codex	required: smallest .lit source whose Result selects stable ID builtin.verify.equality.core.verify_equal_fact_with_zero_premise_verification	reject builtin.verify.equality.core.verify_equal_fact_with_zero_premise_verification when target, ordered children, FactIds, bindings, or scope evidence is absent	inspect the exact producer Result and replace generic evidence for builtin.verify.equality.core.verify_equal_fact_with_zero_premise_verification
P2_result_evidence_gap	builtin_uncatalogued	builtin.verify.equality.function.verify_fn_equal_fact_with_builtin_rules.01		evidence_gap	Codex	required: smallest .lit source whose Result selects stable ID builtin.verify.equality.function.verify_fn_equal_fact_with_builtin_rules.01	reject builtin.verify.equality.function.verify_fn_equal_fact_with_builtin_rules.01 when target, ordered children, FactIds, bindings, or scope evidence is absent	inspect the exact producer Result and replace generic evidence for builtin.verify.equality.function.verify_fn_equal_fact_with_builtin_rules.01
P2_result_evidence_gap	builtin_uncatalogued	builtin.verify.equality.function.verify_fn_equal_fact_with_builtin_rules.02		evidence_gap	Codex	required: smallest .lit source whose Result selects stable ID builtin.verify.equality.function.verify_fn_equal_fact_with_builtin_rules.02	reject builtin.verify.equality.function.verify_fn_equal_fact_with_builtin_rules.02 when target, ordered children, FactIds, bindings, or scope evidence is absent	inspect the exact producer Result and replace generic evidence for builtin.verify.equality.function.verify_fn_equal_fact_with_builtin_rules.02
P2_result_evidence_gap	builtin_uncatalogued	builtin.verify.equality.function.verify_fn_equal_in_fact_with_builtin_rules		evidence_gap	Codex	required: smallest .lit source whose Result selects stable ID builtin.verify.equality.function.verify_fn_equal_in_fact_with_builtin_rules	reject builtin.verify.equality.function.verify_fn_equal_in_fact_with_builtin_rules when target, ordered children, FactIds, bindings, or scope evidence is absent	inspect the exact producer Result and replace generic evidence for builtin.verify.equality.function.verify_fn_equal_in_fact_with_builtin_rules
P2_result_evidence_gap	builtin_uncatalogued	builtin.verify.equality.function_set.fn_set_equality_verified_by_builtin_rules_result		evidence_gap	Codex	required: smallest .lit source whose Result selects stable ID builtin.verify.equality.function_set.fn_set_equality_verified_by_builtin_rules_result	reject builtin.verify.equality.function_set.fn_set_equality_verified_by_builtin_rules_result when target, ordered children, FactIds, bindings, or scope evidence is absent	inspect the exact producer Result and replace generic evidence for builtin.verify.equality.function_set.fn_set_equality_verified_by_builtin_rules_result
P2_result_evidence_gap	builtin_uncatalogued	builtin.verify.equality.patterns.factual_equal_success_by_builtin_reason_with_subgoals		evidence_gap	Codex	required: smallest .lit source whose Result selects stable ID builtin.verify.equality.patterns.factual_equal_success_by_builtin_reason_with_subgoals	reject builtin.verify.equality.patterns.factual_equal_success_by_builtin_reason_with_subgoals when target, ordered children, FactIds, bindings, or scope evidence is absent	inspect the exact producer Result and replace generic evidence for builtin.verify.equality.patterns.factual_equal_success_by_builtin_reason_with_subgoals
P2_result_evidence_gap	builtin_uncatalogued	builtin.verify.quantified.existential.verify_exist_fact.01		evidence_gap	Codex	required: smallest .lit source whose Result selects stable ID builtin.verify.quantified.existential.verify_exist_fact.01	reject builtin.verify.quantified.existential.verify_exist_fact.01 when target, ordered children, FactIds, bindings, or scope evidence is absent	inspect the exact producer Result and replace generic evidence for builtin.verify.quantified.existential.verify_exist_fact.01
P2_result_evidence_gap	builtin_uncatalogued	builtin.verify.quantified.existential.verify_exist_fact.02		evidence_gap	Codex	required: smallest .lit source whose Result selects stable ID builtin.verify.quantified.existential.verify_exist_fact.02	reject builtin.verify.quantified.existential.verify_exist_fact.02 when target, ordered children, FactIds, bindings, or scope evidence is absent	inspect the exact producer Result and replace generic evidence for builtin.verify.quantified.existential.verify_exist_fact.02
P2_result_evidence_gap	builtin_uncatalogued	builtin.verify.quantified.existential.verify_exist_fact.03		evidence_gap	Codex	required: smallest .lit source whose Result selects stable ID builtin.verify.quantified.existential.verify_exist_fact.03	reject builtin.verify.quantified.existential.verify_exist_fact.03 when target, ordered children, FactIds, bindings, or scope evidence is absent	inspect the exact producer Result and replace generic evidence for builtin.verify.quantified.existential.verify_exist_fact.03
P2_result_evidence_gap	builtin_uncatalogued	builtin.verify.quantified.existential.verify_exist_fact.04		evidence_gap	Codex	required: smallest .lit source whose Result selects stable ID builtin.verify.quantified.existential.verify_exist_fact.04	reject builtin.verify.quantified.existential.verify_exist_fact.04 when target, ordered children, FactIds, bindings, or scope evidence is absent	inspect the exact producer Result and replace generic evidence for builtin.verify.quantified.existential.verify_exist_fact.04
P2_result_evidence_gap	builtin_uncatalogued	builtin.verify.quantified.existential.verify_exist_fact.05		evidence_gap	Codex	required: smallest .lit source whose Result selects stable ID builtin.verify.quantified.existential.verify_exist_fact.05	reject builtin.verify.quantified.existential.verify_exist_fact.05 when target, ordered children, FactIds, bindings, or scope evidence is absent	inspect the exact producer Result and replace generic evidence for builtin.verify.quantified.existential.verify_exist_fact.05
P2_result_evidence_gap	builtin_uncatalogued	builtin.verify.quantified.existential.verify_exist_fact.06		evidence_gap	Codex	required: smallest .lit source whose Result selects stable ID builtin.verify.quantified.existential.verify_exist_fact.06	reject builtin.verify.quantified.existential.verify_exist_fact.06 when target, ordered children, FactIds, bindings, or scope evidence is absent	inspect the exact producer Result and replace generic evidence for builtin.verify.quantified.existential.verify_exist_fact.06
P2_result_evidence_gap	builtin_uncatalogued	builtin.verify.quantified.existential.verify_exist_fact.07		evidence_gap	Codex	required: smallest .lit source whose Result selects stable ID builtin.verify.quantified.existential.verify_exist_fact.07	reject builtin.verify.quantified.existential.verify_exist_fact.07 when target, ordered children, FactIds, bindings, or scope evidence is absent	inspect the exact producer Result and replace generic evidence for builtin.verify.quantified.existential.verify_exist_fact.07
P2_result_evidence_gap	builtin_uncatalogued	builtin.verify.quantified.existential.verify_exist_fact.08		evidence_gap	Codex	required: smallest .lit source whose Result selects stable ID builtin.verify.quantified.existential.verify_exist_fact.08	reject builtin.verify.quantified.existential.verify_exist_fact.08 when target, ordered children, FactIds, bindings, or scope evidence is absent	inspect the exact producer Result and replace generic evidence for builtin.verify.quantified.existential.verify_exist_fact.08
P2_result_evidence_gap	builtin_uncatalogued	builtin.verify.quantified.existential.verify_exist_fact.09		evidence_gap	Codex	required: smallest .lit source whose Result selects stable ID builtin.verify.quantified.existential.verify_exist_fact.09	reject builtin.verify.quantified.existential.verify_exist_fact.09 when target, ordered children, FactIds, bindings, or scope evidence is absent	inspect the exact producer Result and replace generic evidence for builtin.verify.quantified.existential.verify_exist_fact.09
P2_result_evidence_gap	builtin_uncatalogued	builtin.verify.quantified.existential.verify_exist_fact.10		evidence_gap	Codex	required: smallest .lit source whose Result selects stable ID builtin.verify.quantified.existential.verify_exist_fact.10	reject builtin.verify.quantified.existential.verify_exist_fact.10 when target, ordered children, FactIds, bindings, or scope evidence is absent	inspect the exact producer Result and replace generic evidence for builtin.verify.quantified.existential.verify_exist_fact.10
P2_result_evidence_gap	builtin_uncatalogued	builtin.verify.quantified.existential.verify_finite_nonempty_natural_set_has_maximum		evidence_gap	Codex	required: smallest .lit source whose Result selects stable ID builtin.verify.quantified.existential.verify_finite_nonempty_natural_set_has_maximum	reject builtin.verify.quantified.existential.verify_finite_nonempty_natural_set_has_maximum when target, ordered children, FactIds, bindings, or scope evidence is absent	inspect the exact producer Result and replace generic evidence for builtin.verify.quantified.existential.verify_finite_nonempty_natural_set_has_maximum
P2_result_evidence_gap	builtin_uncatalogued	builtin.verify.quantified.universal.verify_forall_fact		evidence_gap	Codex	required: smallest .lit source whose Result selects stable ID builtin.verify.quantified.universal.verify_forall_fact	reject builtin.verify.quantified.universal.verify_forall_fact when target, ordered children, FactIds, bindings, or scope evidence is absent	inspect the exact producer Result and replace generic evidence for builtin.verify.quantified.universal.verify_forall_fact
P2_result_evidence_gap	builtin_uncatalogued	builtin.verify.quantified.universal_iff.verify_forall_fact_with_iff		evidence_gap	Codex	required: smallest .lit source whose Result selects stable ID builtin.verify.quantified.universal_iff.verify_forall_fact_with_iff	reject builtin.verify.quantified.universal_iff.verify_forall_fact_with_iff when target, ordered children, FactIds, bindings, or scope evidence is absent	inspect the exact producer Result and replace generic evidence for builtin.verify.quantified.universal_iff.verify_forall_fact_with_iff
P2_result_evidence_gap	builtin_uncatalogued	builtin.verify.support.helper.verify_and_fact_restricted_known_builtin		evidence_gap	Codex	required: smallest .lit source whose Result selects stable ID builtin.verify.support.helper.verify_and_fact_restricted_known_builtin	reject builtin.verify.support.helper.verify_and_fact_restricted_known_builtin when target, ordered children, FactIds, bindings, or scope evidence is absent	inspect the exact producer Result and replace generic evidence for builtin.verify.support.helper.verify_and_fact_restricted_known_builtin
P2_result_evidence_gap	builtin_uncatalogued	builtin.verify.support.helper.verify_or_fact_restricted_known_builtin		evidence_gap	Codex	required: smallest .lit source whose Result selects stable ID builtin.verify.support.helper.verify_or_fact_restricted_known_builtin	reject builtin.verify.support.helper.verify_or_fact_restricted_known_builtin when target, ordered children, FactIds, bindings, or scope evidence is absent	inspect the exact producer Result and replace generic evidence for builtin.verify.support.helper.verify_or_fact_restricted_known_builtin
P2_result_evidence_gap	builtin_uncatalogued	builtin.verify.verify_builtin_rules.abs_order_builtin.try_verify_abs_finite_set_sum_triangle		evidence_gap	Codex	required: smallest .lit source whose Result selects stable ID builtin.verify.verify_builtin_rules.abs_order_builtin.try_verify_abs_finite_set_sum_triangle	reject builtin.verify.verify_builtin_rules.abs_order_builtin.try_verify_abs_finite_set_sum_triangle when target, ordered children, FactIds, bindings, or scope evidence is absent	inspect the exact producer Result and replace generic evidence for builtin.verify.verify_builtin_rules.abs_order_builtin.try_verify_abs_finite_set_sum_triangle
P2_result_evidence_gap	builtin_uncatalogued	builtin.verify.verify_builtin_rules.abs_order_builtin.try_verify_abs_finite_sum_triangle		evidence_gap	Codex	required: smallest .lit source whose Result selects stable ID builtin.verify.verify_builtin_rules.abs_order_builtin.try_verify_abs_finite_sum_triangle	reject builtin.verify.verify_builtin_rules.abs_order_builtin.try_verify_abs_finite_sum_triangle when target, ordered children, FactIds, bindings, or scope evidence is absent	inspect the exact producer Result and replace generic evidence for builtin.verify.verify_builtin_rules.abs_order_builtin.try_verify_abs_finite_sum_triangle
P2_result_evidence_gap	builtin_uncatalogued	builtin.verify.verify_builtin_rules.abs_order_builtin.try_verify_abs_lower_bound_from_abs_compare.01		evidence_gap	Codex	required: smallest .lit source whose Result selects stable ID builtin.verify.verify_builtin_rules.abs_order_builtin.try_verify_abs_lower_bound_from_abs_compare.01	reject builtin.verify.verify_builtin_rules.abs_order_builtin.try_verify_abs_lower_bound_from_abs_compare.01 when target, ordered children, FactIds, bindings, or scope evidence is absent	inspect the exact producer Result and replace generic evidence for builtin.verify.verify_builtin_rules.abs_order_builtin.try_verify_abs_lower_bound_from_abs_compare.01
P2_result_evidence_gap	builtin_uncatalogued	builtin.verify.verify_builtin_rules.abs_order_builtin.try_verify_abs_lower_bound_from_abs_compare.02		evidence_gap	Codex	required: smallest .lit source whose Result selects stable ID builtin.verify.verify_builtin_rules.abs_order_builtin.try_verify_abs_lower_bound_from_abs_compare.02	reject builtin.verify.verify_builtin_rules.abs_order_builtin.try_verify_abs_lower_bound_from_abs_compare.02 when target, ordered children, FactIds, bindings, or scope evidence is absent	inspect the exact producer Result and replace generic evidence for builtin.verify.verify_builtin_rules.abs_order_builtin.try_verify_abs_lower_bound_from_abs_compare.02
P2_result_evidence_gap	builtin_uncatalogued	builtin.verify.verify_builtin_rules.abs_order_builtin.try_verify_abs_lower_bound_from_abs_compare.03		evidence_gap	Codex	required: smallest .lit source whose Result selects stable ID builtin.verify.verify_builtin_rules.abs_order_builtin.try_verify_abs_lower_bound_from_abs_compare.03	reject builtin.verify.verify_builtin_rules.abs_order_builtin.try_verify_abs_lower_bound_from_abs_compare.03 when target, ordered children, FactIds, bindings, or scope evidence is absent	inspect the exact producer Result and replace generic evidence for builtin.verify.verify_builtin_rules.abs_order_builtin.try_verify_abs_lower_bound_from_abs_compare.03
P2_result_evidence_gap	builtin_uncatalogued	builtin.verify.verify_builtin_rules.abs_order_builtin.try_verify_abs_lower_bound_from_abs_compare.04		evidence_gap	Codex	required: smallest .lit source whose Result selects stable ID builtin.verify.verify_builtin_rules.abs_order_builtin.try_verify_abs_lower_bound_from_abs_compare.04	reject builtin.verify.verify_builtin_rules.abs_order_builtin.try_verify_abs_lower_bound_from_abs_compare.04 when target, ordered children, FactIds, bindings, or scope evidence is absent	inspect the exact producer Result and replace generic evidence for builtin.verify.verify_builtin_rules.abs_order_builtin.try_verify_abs_lower_bound_from_abs_compare.04
P2_result_evidence_gap	builtin_uncatalogued	builtin.verify.verify_builtin_rules.abs_order_builtin.try_verify_abs_lower_bound_from_abs_compare.05		evidence_gap	Codex	required: smallest .lit source whose Result selects stable ID builtin.verify.verify_builtin_rules.abs_order_builtin.try_verify_abs_lower_bound_from_abs_compare.05	reject builtin.verify.verify_builtin_rules.abs_order_builtin.try_verify_abs_lower_bound_from_abs_compare.05 when target, ordered children, FactIds, bindings, or scope evidence is absent	inspect the exact producer Result and replace generic evidence for builtin.verify.verify_builtin_rules.abs_order_builtin.try_verify_abs_lower_bound_from_abs_compare.05
P2_result_evidence_gap	builtin_uncatalogued	builtin.verify.verify_builtin_rules.abs_order_builtin.try_verify_abs_lower_bound_from_abs_compare.06		evidence_gap	Codex	required: smallest .lit source whose Result selects stable ID builtin.verify.verify_builtin_rules.abs_order_builtin.try_verify_abs_lower_bound_from_abs_compare.06	reject builtin.verify.verify_builtin_rules.abs_order_builtin.try_verify_abs_lower_bound_from_abs_compare.06 when target, ordered children, FactIds, bindings, or scope evidence is absent	inspect the exact producer Result and replace generic evidence for builtin.verify.verify_builtin_rules.abs_order_builtin.try_verify_abs_lower_bound_from_abs_compare.06
P2_result_evidence_gap	builtin_uncatalogued	builtin.verify.verify_builtin_rules.abs_order_builtin.try_verify_abs_lower_bound_from_abs_compare.07		evidence_gap	Codex	required: smallest .lit source whose Result selects stable ID builtin.verify.verify_builtin_rules.abs_order_builtin.try_verify_abs_lower_bound_from_abs_compare.07	reject builtin.verify.verify_builtin_rules.abs_order_builtin.try_verify_abs_lower_bound_from_abs_compare.07 when target, ordered children, FactIds, bindings, or scope evidence is absent	inspect the exact producer Result and replace generic evidence for builtin.verify.verify_builtin_rules.abs_order_builtin.try_verify_abs_lower_bound_from_abs_compare.07
P2_result_evidence_gap	builtin_uncatalogued	builtin.verify.verify_builtin_rules.complex_builtin.complex_equality_result_with_steps		evidence_gap	Codex	required: smallest .lit source whose Result selects stable ID builtin.verify.verify_builtin_rules.complex_builtin.complex_equality_result_with_steps	reject builtin.verify.verify_builtin_rules.complex_builtin.complex_equality_result_with_steps when target, ordered children, FactIds, bindings, or scope evidence is absent	inspect the exact producer Result and replace generic evidence for builtin.verify.verify_builtin_rules.complex_builtin.complex_equality_result_with_steps
P2_result_evidence_gap	builtin_uncatalogued	builtin.verify.verify_builtin_rules.complex_builtin.complex_order_result		evidence_gap	Codex	required: smallest .lit source whose Result selects stable ID builtin.verify.verify_builtin_rules.complex_builtin.complex_order_result	reject builtin.verify.verify_builtin_rules.complex_builtin.complex_order_result when target, ordered children, FactIds, bindings, or scope evidence is absent	inspect the exact producer Result and replace generic evidence for builtin.verify.verify_builtin_rules.complex_builtin.complex_order_result
P2_result_evidence_gap	builtin_uncatalogued	builtin.verify.verify_builtin_rules.complex_builtin.try_verify_native_complex_abs_nonzero		evidence_gap	Codex	required: smallest .lit source whose Result selects stable ID builtin.verify.verify_builtin_rules.complex_builtin.try_verify_native_complex_abs_nonzero	reject builtin.verify.verify_builtin_rules.complex_builtin.try_verify_native_complex_abs_nonzero when target, ordered children, FactIds, bindings, or scope evidence is absent	inspect the exact producer Result and replace generic evidence for builtin.verify.verify_builtin_rules.complex_builtin.try_verify_native_complex_abs_nonzero
P2_result_evidence_gap	builtin_uncatalogued	builtin.verify.verify_builtin_rules.complex_builtin.try_verify_native_i_nonzero		evidence_gap	Codex	required: smallest .lit source whose Result selects stable ID builtin.verify.verify_builtin_rules.complex_builtin.try_verify_native_i_nonzero	reject builtin.verify.verify_builtin_rules.complex_builtin.try_verify_native_i_nonzero when target, ordered children, FactIds, bindings, or scope evidence is absent	inspect the exact producer Result and replace generic evidence for builtin.verify.verify_builtin_rules.complex_builtin.try_verify_native_i_nonzero
P2_result_evidence_gap	builtin_uncatalogued	builtin.verify.verify_builtin_rules.equality_dispatch.set_equality_success		evidence_gap	Codex	required: smallest .lit source whose Result selects stable ID builtin.verify.verify_builtin_rules.equality_dispatch.set_equality_success	reject builtin.verify.verify_builtin_rules.equality_dispatch.set_equality_success when target, ordered children, FactIds, bindings, or scope evidence is absent	inspect the exact producer Result and replace generic evidence for builtin.verify.verify_builtin_rules.equality_dispatch.set_equality_success
P2_result_evidence_gap	builtin_uncatalogued	builtin.verify.verify_builtin_rules.equality_dispatch.try_verify_cart_equality_from_dim_and_projections.01		evidence_gap	Codex	required: smallest .lit source whose Result selects stable ID builtin.verify.verify_builtin_rules.equality_dispatch.try_verify_cart_equality_from_dim_and_projections.01	reject builtin.verify.verify_builtin_rules.equality_dispatch.try_verify_cart_equality_from_dim_and_projections.01 when target, ordered children, FactIds, bindings, or scope evidence is absent	inspect the exact producer Result and replace generic evidence for builtin.verify.verify_builtin_rules.equality_dispatch.try_verify_cart_equality_from_dim_and_projections.01
P2_result_evidence_gap	builtin_uncatalogued	builtin.verify.verify_builtin_rules.equality_dispatch.try_verify_cart_equality_from_dim_and_projections.02		evidence_gap	Codex	required: smallest .lit source whose Result selects stable ID builtin.verify.verify_builtin_rules.equality_dispatch.try_verify_cart_equality_from_dim_and_projections.02	reject builtin.verify.verify_builtin_rules.equality_dispatch.try_verify_cart_equality_from_dim_and_projections.02 when target, ordered children, FactIds, bindings, or scope evidence is absent	inspect the exact producer Result and replace generic evidence for builtin.verify.verify_builtin_rules.equality_dispatch.try_verify_cart_equality_from_dim_and_projections.02
P2_result_evidence_gap	builtin_uncatalogued	builtin.verify.verify_builtin_rules.equality_dispatch.try_verify_division_from_known_product		evidence_gap	Codex	required: smallest .lit source whose Result selects stable ID builtin.verify.verify_builtin_rules.equality_dispatch.try_verify_division_from_known_product	reject builtin.verify.verify_builtin_rules.equality_dispatch.try_verify_division_from_known_product when target, ordered children, FactIds, bindings, or scope evidence is absent	inspect the exact producer Result and replace generic evidence for builtin.verify.verify_builtin_rules.equality_dispatch.try_verify_division_from_known_product
P2_result_evidence_gap	builtin_uncatalogued	builtin.verify.verify_builtin_rules.equality_dispatch.try_verify_empty_finite_set_from_size_zero		evidence_gap	Codex	required: smallest .lit source whose Result selects stable ID builtin.verify.verify_builtin_rules.equality_dispatch.try_verify_empty_finite_set_from_size_zero	reject builtin.verify.verify_builtin_rules.equality_dispatch.try_verify_empty_finite_set_from_size_zero when target, ordered children, FactIds, bindings, or scope evidence is absent	inspect the exact producer Result and replace generic evidence for builtin.verify.verify_builtin_rules.equality_dispatch.try_verify_empty_finite_set_from_size_zero
P2_result_evidence_gap	builtin_uncatalogued	builtin.verify.verify_builtin_rules.equality_dispatch.try_verify_empty_set_equality_from_not_nonempty.01		evidence_gap	Codex	required: smallest .lit source whose Result selects stable ID builtin.verify.verify_builtin_rules.equality_dispatch.try_verify_empty_set_equality_from_not_nonempty.01	reject builtin.verify.verify_builtin_rules.equality_dispatch.try_verify_empty_set_equality_from_not_nonempty.01 when target, ordered children, FactIds, bindings, or scope evidence is absent	inspect the exact producer Result and replace generic evidence for builtin.verify.verify_builtin_rules.equality_dispatch.try_verify_empty_set_equality_from_not_nonempty.01
P2_result_evidence_gap	builtin_uncatalogued	builtin.verify.verify_builtin_rules.equality_dispatch.try_verify_empty_set_equality_from_not_nonempty.02		evidence_gap	Codex	required: smallest .lit source whose Result selects stable ID builtin.verify.verify_builtin_rules.equality_dispatch.try_verify_empty_set_equality_from_not_nonempty.02	reject builtin.verify.verify_builtin_rules.equality_dispatch.try_verify_empty_set_equality_from_not_nonempty.02 when target, ordered children, FactIds, bindings, or scope evidence is absent	inspect the exact producer Result and replace generic evidence for builtin.verify.verify_builtin_rules.equality_dispatch.try_verify_empty_set_equality_from_not_nonempty.02
P2_result_evidence_gap	builtin_uncatalogued	builtin.verify.verify_builtin_rules.equality_dispatch.try_verify_equality_from_two_sided_weak_order.01		evidence_gap	Codex	required: smallest .lit source whose Result selects stable ID builtin.verify.verify_builtin_rules.equality_dispatch.try_verify_equality_from_two_sided_weak_order.01	reject builtin.verify.verify_builtin_rules.equality_dispatch.try_verify_equality_from_two_sided_weak_order.01 when target, ordered children, FactIds, bindings, or scope evidence is absent	inspect the exact producer Result and replace generic evidence for builtin.verify.verify_builtin_rules.equality_dispatch.try_verify_equality_from_two_sided_weak_order.01
P2_result_evidence_gap	builtin_uncatalogued	builtin.verify.verify_builtin_rules.equality_dispatch.try_verify_equality_from_two_sided_weak_order.02		evidence_gap	Codex	required: smallest .lit source whose Result selects stable ID builtin.verify.verify_builtin_rules.equality_dispatch.try_verify_equality_from_two_sided_weak_order.02	reject builtin.verify.verify_builtin_rules.equality_dispatch.try_verify_equality_from_two_sided_weak_order.02 when target, ordered children, FactIds, bindings, or scope evidence is absent	inspect the exact producer Result and replace generic evidence for builtin.verify.verify_builtin_rules.equality_dispatch.try_verify_equality_from_two_sided_weak_order.02
P2_result_evidence_gap	builtin_uncatalogued	builtin.verify.verify_builtin_rules.equality_dispatch.try_verify_finite_set_size_integer_range_equality		evidence_gap	Codex	required: smallest .lit source whose Result selects stable ID builtin.verify.verify_builtin_rules.equality_dispatch.try_verify_finite_set_size_integer_range_equality	reject builtin.verify.verify_builtin_rules.equality_dispatch.try_verify_finite_set_size_integer_range_equality when target, ordered children, FactIds, bindings, or scope evidence is absent	inspect the exact producer Result and replace generic evidence for builtin.verify.verify_builtin_rules.equality_dispatch.try_verify_finite_set_size_integer_range_equality
P2_result_evidence_gap	builtin_uncatalogued	builtin.verify.verify_builtin_rules.equality_dispatch.try_verify_finite_set_size_partition_equality		evidence_gap	Codex	required: smallest .lit source whose Result selects stable ID builtin.verify.verify_builtin_rules.equality_dispatch.try_verify_finite_set_size_partition_equality	reject builtin.verify.verify_builtin_rules.equality_dispatch.try_verify_finite_set_size_partition_equality when target, ordered children, FactIds, bindings, or scope evidence is absent	inspect the exact producer Result and replace generic evidence for builtin.verify.verify_builtin_rules.equality_dispatch.try_verify_finite_set_size_partition_equality
P2_result_evidence_gap	builtin_uncatalogued	builtin.verify.verify_builtin_rules.equality_dispatch.try_verify_finite_set_size_set_minus_equality		evidence_gap	Codex	required: smallest .lit source whose Result selects stable ID builtin.verify.verify_builtin_rules.equality_dispatch.try_verify_finite_set_size_set_minus_equality	reject builtin.verify.verify_builtin_rules.equality_dispatch.try_verify_finite_set_size_set_minus_equality when target, ordered children, FactIds, bindings, or scope evidence is absent	inspect the exact producer Result and replace generic evidence for builtin.verify.verify_builtin_rules.equality_dispatch.try_verify_finite_set_size_set_minus_equality
P2_result_evidence_gap	builtin_uncatalogued	builtin.verify.verify_builtin_rules.equality_dispatch.try_verify_finite_set_size_set_minus_of_subset_equality		evidence_gap	Codex	required: smallest .lit source whose Result selects stable ID builtin.verify.verify_builtin_rules.equality_dispatch.try_verify_finite_set_size_set_minus_of_subset_equality	reject builtin.verify.verify_builtin_rules.equality_dispatch.try_verify_finite_set_size_set_minus_of_subset_equality when target, ordered children, FactIds, bindings, or scope evidence is absent	inspect the exact producer Result and replace generic evidence for builtin.verify.verify_builtin_rules.equality_dispatch.try_verify_finite_set_size_set_minus_of_subset_equality
P2_result_evidence_gap	builtin_uncatalogued	builtin.verify.verify_builtin_rules.equality_dispatch.try_verify_finite_set_size_union_equality		evidence_gap	Codex	required: smallest .lit source whose Result selects stable ID builtin.verify.verify_builtin_rules.equality_dispatch.try_verify_finite_set_size_union_equality	reject builtin.verify.verify_builtin_rules.equality_dispatch.try_verify_finite_set_size_union_equality when target, ordered children, FactIds, bindings, or scope evidence is absent	inspect the exact producer Result and replace generic evidence for builtin.verify.verify_builtin_rules.equality_dispatch.try_verify_finite_set_size_union_equality
P2_result_evidence_gap	builtin_uncatalogued	builtin.verify.verify_builtin_rules.equality_dispatch.try_verify_indexed_set_family_equalities		evidence_gap	Codex	required: smallest .lit source whose Result selects stable ID builtin.verify.verify_builtin_rules.equality_dispatch.try_verify_indexed_set_family_equalities	reject builtin.verify.verify_builtin_rules.equality_dispatch.try_verify_indexed_set_family_equalities when target, ordered children, FactIds, bindings, or scope evidence is absent	inspect the exact producer Result and replace generic evidence for builtin.verify.verify_builtin_rules.equality_dispatch.try_verify_indexed_set_family_equalities
P2_result_evidence_gap	builtin_uncatalogued	builtin.verify.verify_builtin_rules.equality_dispatch.try_verify_literal_set_intersection_filter		evidence_gap	Codex	required: smallest .lit source whose Result selects stable ID builtin.verify.verify_builtin_rules.equality_dispatch.try_verify_literal_set_intersection_filter	reject builtin.verify.verify_builtin_rules.equality_dispatch.try_verify_literal_set_intersection_filter when target, ordered children, FactIds, bindings, or scope evidence is absent	inspect the exact producer Result and replace generic evidence for builtin.verify.verify_builtin_rules.equality_dispatch.try_verify_literal_set_intersection_filter
P2_result_evidence_gap	builtin_uncatalogued	builtin.verify.verify_builtin_rules.equality_dispatch.try_verify_one_subtraction_from_known_addition.01		evidence_gap	Codex	required: smallest .lit source whose Result selects stable ID builtin.verify.verify_builtin_rules.equality_dispatch.try_verify_one_subtraction_from_known_addition.01	reject builtin.verify.verify_builtin_rules.equality_dispatch.try_verify_one_subtraction_from_known_addition.01 when target, ordered children, FactIds, bindings, or scope evidence is absent	inspect the exact producer Result and replace generic evidence for builtin.verify.verify_builtin_rules.equality_dispatch.try_verify_one_subtraction_from_known_addition.01
P2_result_evidence_gap	builtin_uncatalogued	builtin.verify.verify_builtin_rules.equality_dispatch.try_verify_one_subtraction_from_known_addition.02		evidence_gap	Codex	required: smallest .lit source whose Result selects stable ID builtin.verify.verify_builtin_rules.equality_dispatch.try_verify_one_subtraction_from_known_addition.02	reject builtin.verify.verify_builtin_rules.equality_dispatch.try_verify_one_subtraction_from_known_addition.02 when target, ordered children, FactIds, bindings, or scope evidence is absent	inspect the exact producer Result and replace generic evidence for builtin.verify.verify_builtin_rules.equality_dispatch.try_verify_one_subtraction_from_known_addition.02
P2_result_evidence_gap	builtin_uncatalogued	builtin.verify.verify_builtin_rules.equality_dispatch.try_verify_one_subtraction_from_known_addition.03		evidence_gap	Codex	required: smallest .lit source whose Result selects stable ID builtin.verify.verify_builtin_rules.equality_dispatch.try_verify_one_subtraction_from_known_addition.03	reject builtin.verify.verify_builtin_rules.equality_dispatch.try_verify_one_subtraction_from_known_addition.03 when target, ordered children, FactIds, bindings, or scope evidence is absent	inspect the exact producer Result and replace generic evidence for builtin.verify.verify_builtin_rules.equality_dispatch.try_verify_one_subtraction_from_known_addition.03
P2_result_evidence_gap	builtin_uncatalogued	builtin.verify.verify_builtin_rules.equality_dispatch.try_verify_power_set_finite_set_size_equality		evidence_gap	Codex	required: smallest .lit source whose Result selects stable ID builtin.verify.verify_builtin_rules.equality_dispatch.try_verify_power_set_finite_set_size_equality	reject builtin.verify.verify_builtin_rules.equality_dispatch.try_verify_power_set_finite_set_size_equality when target, ordered children, FactIds, bindings, or scope evidence is absent	inspect the exact producer Result and replace generic evidence for builtin.verify.verify_builtin_rules.equality_dispatch.try_verify_power_set_finite_set_size_equality
P2_result_evidence_gap	builtin_uncatalogued	builtin.verify.verify_builtin_rules.equality_dispatch.try_verify_product_from_known_division_candidate		evidence_gap	Codex	required: smallest .lit source whose Result selects stable ID builtin.verify.verify_builtin_rules.equality_dispatch.try_verify_product_from_known_division_candidate	reject builtin.verify.verify_builtin_rules.equality_dispatch.try_verify_product_from_known_division_candidate when target, ordered children, FactIds, bindings, or scope evidence is absent	inspect the exact producer Result and replace generic evidence for builtin.verify.verify_builtin_rules.equality_dispatch.try_verify_product_from_known_division_candidate
P2_result_evidence_gap	builtin_uncatalogued	builtin.verify.verify_builtin_rules.equality_numeric.elementary.decomposition_parts		evidence_gap	Codex	required: smallest .lit source whose Result selects stable ID builtin.verify.verify_builtin_rules.equality_numeric.elementary.decomposition_parts	reject builtin.verify.verify_builtin_rules.equality_numeric.elementary.decomposition_parts when target, ordered children, FactIds, bindings, or scope evidence is absent	inspect the exact producer Result and replace generic evidence for builtin.verify.verify_builtin_rules.equality_numeric.elementary.decomposition_parts
P2_result_evidence_gap	builtin_uncatalogued	builtin.verify.verify_builtin_rules.equality_numeric.elementary.try_verify_mod_dividend_minus_remainder_equals_zero		evidence_gap	Codex	required: smallest .lit source whose Result selects stable ID builtin.verify.verify_builtin_rules.equality_numeric.elementary.try_verify_mod_dividend_minus_remainder_equals_zero	reject builtin.verify.verify_builtin_rules.equality_numeric.elementary.try_verify_mod_dividend_minus_remainder_equals_zero when target, ordered children, FactIds, bindings, or scope evidence is absent	inspect the exact producer Result and replace generic evidence for builtin.verify.verify_builtin_rules.equality_numeric.elementary.try_verify_mod_dividend_minus_remainder_equals_zero
P2_result_evidence_gap	builtin_uncatalogued	builtin.verify.verify_builtin_rules.equality_numeric.elementary.try_verify_mod_eq_remainder_from_euclidean_division.01		evidence_gap	Codex	required: smallest .lit source whose Result selects stable ID builtin.verify.verify_builtin_rules.equality_numeric.elementary.try_verify_mod_eq_remainder_from_euclidean_division.01	reject builtin.verify.verify_builtin_rules.equality_numeric.elementary.try_verify_mod_eq_remainder_from_euclidean_division.01 when target, ordered children, FactIds, bindings, or scope evidence is absent	inspect the exact producer Result and replace generic evidence for builtin.verify.verify_builtin_rules.equality_numeric.elementary.try_verify_mod_eq_remainder_from_euclidean_division.01
P2_result_evidence_gap	builtin_uncatalogued	builtin.verify.verify_builtin_rules.equality_numeric.elementary.try_verify_mod_eq_remainder_from_euclidean_division.02		evidence_gap	Codex	required: smallest .lit source whose Result selects stable ID builtin.verify.verify_builtin_rules.equality_numeric.elementary.try_verify_mod_eq_remainder_from_euclidean_division.02	reject builtin.verify.verify_builtin_rules.equality_numeric.elementary.try_verify_mod_eq_remainder_from_euclidean_division.02 when target, ordered children, FactIds, bindings, or scope evidence is absent	inspect the exact producer Result and replace generic evidence for builtin.verify.verify_builtin_rules.equality_numeric.elementary.try_verify_mod_eq_remainder_from_euclidean_division.02
P2_result_evidence_gap	builtin_uncatalogued	builtin.verify.verify_builtin_rules.equality_numeric.elementary.try_verify_one_mod_equals_one_for_modulus_at_least_two		evidence_gap	Codex	required: smallest .lit source whose Result selects stable ID builtin.verify.verify_builtin_rules.equality_numeric.elementary.try_verify_one_mod_equals_one_for_modulus_at_least_two	reject builtin.verify.verify_builtin_rules.equality_numeric.elementary.try_verify_one_mod_equals_one_for_modulus_at_least_two when target, ordered children, FactIds, bindings, or scope evidence is absent	inspect the exact producer Result and replace generic evidence for builtin.verify.verify_builtin_rules.equality_numeric.elementary.try_verify_one_mod_equals_one_for_modulus_at_least_two
P2_result_evidence_gap	builtin_uncatalogued	builtin.verify.verify_builtin_rules.equality_numeric.elementary.try_verify_zero_equals_product_implies_other_factor_zero.01		evidence_gap	Codex	required: smallest .lit source whose Result selects stable ID builtin.verify.verify_builtin_rules.equality_numeric.elementary.try_verify_zero_equals_product_implies_other_factor_zero.01	reject builtin.verify.verify_builtin_rules.equality_numeric.elementary.try_verify_zero_equals_product_implies_other_factor_zero.01 when target, ordered children, FactIds, bindings, or scope evidence is absent	inspect the exact producer Result and replace generic evidence for builtin.verify.verify_builtin_rules.equality_numeric.elementary.try_verify_zero_equals_product_implies_other_factor_zero.01
P2_result_evidence_gap	builtin_uncatalogued	builtin.verify.verify_builtin_rules.equality_numeric.elementary.try_verify_zero_equals_product_implies_other_factor_zero.02		evidence_gap	Codex	required: smallest .lit source whose Result selects stable ID builtin.verify.verify_builtin_rules.equality_numeric.elementary.try_verify_zero_equals_product_implies_other_factor_zero.02	reject builtin.verify.verify_builtin_rules.equality_numeric.elementary.try_verify_zero_equals_product_implies_other_factor_zero.02 when target, ordered children, FactIds, bindings, or scope evidence is absent	inspect the exact producer Result and replace generic evidence for builtin.verify.verify_builtin_rules.equality_numeric.elementary.try_verify_zero_equals_product_implies_other_factor_zero.02
P2_result_evidence_gap	builtin_uncatalogued	builtin.verify.verify_builtin_rules.equality_numeric.elementary.try_verify_zero_equals_product_implies_other_factor_zero.03		evidence_gap	Codex	required: smallest .lit source whose Result selects stable ID builtin.verify.verify_builtin_rules.equality_numeric.elementary.try_verify_zero_equals_product_implies_other_factor_zero.03	reject builtin.verify.verify_builtin_rules.equality_numeric.elementary.try_verify_zero_equals_product_implies_other_factor_zero.03 when target, ordered children, FactIds, bindings, or scope evidence is absent	inspect the exact producer Result and replace generic evidence for builtin.verify.verify_builtin_rules.equality_numeric.elementary.try_verify_zero_equals_product_implies_other_factor_zero.03
P2_result_evidence_gap	builtin_uncatalogued	builtin.verify.verify_builtin_rules.equality_numeric.finite_set_product.try_verify_finite_set_product_pointwise_equality		evidence_gap	Codex	required: smallest .lit source whose Result selects stable ID builtin.verify.verify_builtin_rules.equality_numeric.finite_set_product.try_verify_finite_set_product_pointwise_equality	reject builtin.verify.verify_builtin_rules.equality_numeric.finite_set_product.try_verify_finite_set_product_pointwise_equality when target, ordered children, FactIds, bindings, or scope evidence is absent	inspect the exact producer Result and replace generic evidence for builtin.verify.verify_builtin_rules.equality_numeric.finite_set_product.try_verify_finite_set_product_pointwise_equality
P2_result_evidence_gap	builtin_uncatalogued	builtin.verify.verify_builtin_rules.equality_numeric.finite_set_sum.try_verify_finite_set_sum_substitution		evidence_gap	Codex	required: smallest .lit source whose Result selects stable ID builtin.verify.verify_builtin_rules.equality_numeric.finite_set_sum.try_verify_finite_set_sum_substitution	reject builtin.verify.verify_builtin_rules.equality_numeric.finite_set_sum.try_verify_finite_set_sum_substitution when target, ordered children, FactIds, bindings, or scope evidence is absent	inspect the exact producer Result and replace generic evidence for builtin.verify.verify_builtin_rules.equality_numeric.finite_set_sum.try_verify_finite_set_sum_substitution
P2_result_evidence_gap	builtin_uncatalogued	builtin.verify.verify_builtin_rules.equality_numeric.logarithms.try_verify_pow_equals_by_known_log_inverse		evidence_gap	Codex	required: smallest .lit source whose Result selects stable ID builtin.verify.verify_builtin_rules.equality_numeric.logarithms.try_verify_pow_equals_by_known_log_inverse	reject builtin.verify.verify_builtin_rules.equality_numeric.logarithms.try_verify_pow_equals_by_known_log_inverse when target, ordered children, FactIds, bindings, or scope evidence is absent	inspect the exact producer Result and replace generic evidence for builtin.verify.verify_builtin_rules.equality_numeric.logarithms.try_verify_pow_equals_by_known_log_inverse
P2_result_evidence_gap	builtin_uncatalogued	builtin.verify.verify_builtin_rules.equality_numeric.power_identities.try_verify_minus_one_odd_natural_power		evidence_gap	Codex	required: smallest .lit source whose Result selects stable ID builtin.verify.verify_builtin_rules.equality_numeric.power_identities.try_verify_minus_one_odd_natural_power	reject builtin.verify.verify_builtin_rules.equality_numeric.power_identities.try_verify_minus_one_odd_natural_power when target, ordered children, FactIds, bindings, or scope evidence is absent	inspect the exact producer Result and replace generic evidence for builtin.verify.verify_builtin_rules.equality_numeric.power_identities.try_verify_minus_one_odd_natural_power
P2_result_evidence_gap	builtin_uncatalogued	builtin.verify.verify_builtin_rules.equality_numeric.power_identities.try_verify_zero_pow_positive_exponent_identity		evidence_gap	Codex	required: smallest .lit source whose Result selects stable ID builtin.verify.verify_builtin_rules.equality_numeric.power_identities.try_verify_zero_pow_positive_exponent_identity	reject builtin.verify.verify_builtin_rules.equality_numeric.power_identities.try_verify_zero_pow_positive_exponent_identity when target, ordered children, FactIds, bindings, or scope evidence is absent	inspect the exact producer Result and replace generic evidence for builtin.verify.verify_builtin_rules.equality_numeric.power_identities.try_verify_zero_pow_positive_exponent_identity
P2_result_evidence_gap	builtin_uncatalogued	builtin.verify.verify_builtin_rules.equality_numeric.square_root.try_verify_sqrt_of_square_identity		evidence_gap	Codex	required: smallest .lit source whose Result selects stable ID builtin.verify.verify_builtin_rules.equality_numeric.square_root.try_verify_sqrt_of_square_identity	reject builtin.verify.verify_builtin_rules.equality_numeric.square_root.try_verify_sqrt_of_square_identity when target, ordered children, FactIds, bindings, or scope evidence is absent	inspect the exact producer Result and replace generic evidence for builtin.verify.verify_builtin_rules.equality_numeric.square_root.try_verify_sqrt_of_square_identity
P2_result_evidence_gap	builtin_uncatalogued	builtin.verify.verify_builtin_rules.equality_numeric.square_root.try_verify_sqrt_product_identity		evidence_gap	Codex	required: smallest .lit source whose Result selects stable ID builtin.verify.verify_builtin_rules.equality_numeric.square_root.try_verify_sqrt_product_identity	reject builtin.verify.verify_builtin_rules.equality_numeric.square_root.try_verify_sqrt_product_identity when target, ordered children, FactIds, bindings, or scope evidence is absent	inspect the exact producer Result and replace generic evidence for builtin.verify.verify_builtin_rules.equality_numeric.square_root.try_verify_sqrt_product_identity
P2_result_evidence_gap	builtin_uncatalogued	builtin.verify.verify_builtin_rules.equality_numeric.square_root.try_verify_sqrt_quotient_identity		evidence_gap	Codex	required: smallest .lit source whose Result selects stable ID builtin.verify.verify_builtin_rules.equality_numeric.square_root.try_verify_sqrt_quotient_identity	reject builtin.verify.verify_builtin_rules.equality_numeric.square_root.try_verify_sqrt_quotient_identity when target, ordered children, FactIds, bindings, or scope evidence is absent	inspect the exact producer Result and replace generic evidence for builtin.verify.verify_builtin_rules.equality_numeric.square_root.try_verify_sqrt_quotient_identity
P2_result_evidence_gap	builtin_uncatalogued	builtin.verify.verify_builtin_rules.equality_numeric.square_root.try_verify_sqrt_square_identity		evidence_gap	Codex	required: smallest .lit source whose Result selects stable ID builtin.verify.verify_builtin_rules.equality_numeric.square_root.try_verify_sqrt_square_identity	reject builtin.verify.verify_builtin_rules.equality_numeric.square_root.try_verify_sqrt_square_identity when target, ordered children, FactIds, bindings, or scope evidence is absent	inspect the exact producer Result and replace generic evidence for builtin.verify.verify_builtin_rules.equality_numeric.square_root.try_verify_sqrt_square_identity
P2_result_evidence_gap	builtin_uncatalogued	builtin.verify.verify_builtin_rules.equality_numeric.square_root.try_verify_sqrt_zero_one_identity		evidence_gap	Codex	required: smallest .lit source whose Result selects stable ID builtin.verify.verify_builtin_rules.equality_numeric.square_root.try_verify_sqrt_zero_one_identity	reject builtin.verify.verify_builtin_rules.equality_numeric.square_root.try_verify_sqrt_zero_one_identity when target, ordered children, FactIds, bindings, or scope evidence is absent	inspect the exact producer Result and replace generic evidence for builtin.verify.verify_builtin_rules.equality_numeric.square_root.try_verify_sqrt_zero_one_identity
P2_result_evidence_gap	builtin_uncatalogued	builtin.verify.verify_builtin_rules.equality_numeric.square_sums.try_verify_square_sum_component_zero_from_known_sum_zero		evidence_gap	Codex	required: smallest .lit source whose Result selects stable ID builtin.verify.verify_builtin_rules.equality_numeric.square_sums.try_verify_square_sum_component_zero_from_known_sum_zero	reject builtin.verify.verify_builtin_rules.equality_numeric.square_sums.try_verify_square_sum_component_zero_from_known_sum_zero when target, ordered children, FactIds, bindings, or scope evidence is absent	inspect the exact producer Result and replace generic evidence for builtin.verify.verify_builtin_rules.equality_numeric.square_sums.try_verify_square_sum_component_zero_from_known_sum_zero
P2_result_evidence_gap	builtin_uncatalogued	builtin.verify.verify_builtin_rules.equality_numeric.square_sums.try_verify_square_sum_zero_from_zero_components		evidence_gap	Codex	required: smallest .lit source whose Result selects stable ID builtin.verify.verify_builtin_rules.equality_numeric.square_sums.try_verify_square_sum_zero_from_zero_components	reject builtin.verify.verify_builtin_rules.equality_numeric.square_sums.try_verify_square_sum_zero_from_zero_components when target, ordered children, FactIds, bindings, or scope evidence is absent	inspect the exact producer Result and replace generic evidence for builtin.verify.verify_builtin_rules.equality_numeric.square_sums.try_verify_square_sum_zero_from_zero_components
P2_result_evidence_gap	builtin_uncatalogued	builtin.verify.verify_builtin_rules.in_fact_builtin.dispatch.verify_in_fact_with_builtin_rules.01		evidence_gap	Codex	required: smallest .lit source whose Result selects stable ID builtin.verify.verify_builtin_rules.in_fact_builtin.dispatch.verify_in_fact_with_builtin_rules.01	reject builtin.verify.verify_builtin_rules.in_fact_builtin.dispatch.verify_in_fact_with_builtin_rules.01 when target, ordered children, FactIds, bindings, or scope evidence is absent	inspect the exact producer Result and replace generic evidence for builtin.verify.verify_builtin_rules.in_fact_builtin.dispatch.verify_in_fact_with_builtin_rules.01
P2_result_evidence_gap	builtin_uncatalogued	builtin.verify.verify_builtin_rules.in_fact_builtin.dispatch.verify_in_fact_with_builtin_rules.02		evidence_gap	Codex	required: smallest .lit source whose Result selects stable ID builtin.verify.verify_builtin_rules.in_fact_builtin.dispatch.verify_in_fact_with_builtin_rules.02	reject builtin.verify.verify_builtin_rules.in_fact_builtin.dispatch.verify_in_fact_with_builtin_rules.02 when target, ordered children, FactIds, bindings, or scope evidence is absent	inspect the exact producer Result and replace generic evidence for builtin.verify.verify_builtin_rules.in_fact_builtin.dispatch.verify_in_fact_with_builtin_rules.02
P2_result_evidence_gap	builtin_uncatalogued	builtin.verify.verify_builtin_rules.in_fact_builtin.dispatch.verify_in_fact_with_builtin_rules.03		evidence_gap	Codex	required: smallest .lit source whose Result selects stable ID builtin.verify.verify_builtin_rules.in_fact_builtin.dispatch.verify_in_fact_with_builtin_rules.03	reject builtin.verify.verify_builtin_rules.in_fact_builtin.dispatch.verify_in_fact_with_builtin_rules.03 when target, ordered children, FactIds, bindings, or scope evidence is absent	inspect the exact producer Result and replace generic evidence for builtin.verify.verify_builtin_rules.in_fact_builtin.dispatch.verify_in_fact_with_builtin_rules.03
P2_result_evidence_gap	builtin_uncatalogued	builtin.verify.verify_builtin_rules.in_fact_builtin.dispatch.verify_in_fact_with_builtin_rules.04		evidence_gap	Codex	required: smallest .lit source whose Result selects stable ID builtin.verify.verify_builtin_rules.in_fact_builtin.dispatch.verify_in_fact_with_builtin_rules.04	reject builtin.verify.verify_builtin_rules.in_fact_builtin.dispatch.verify_in_fact_with_builtin_rules.04 when target, ordered children, FactIds, bindings, or scope evidence is absent	inspect the exact producer Result and replace generic evidence for builtin.verify.verify_builtin_rules.in_fact_builtin.dispatch.verify_in_fact_with_builtin_rules.04
P2_result_evidence_gap	builtin_uncatalogued	builtin.verify.verify_builtin_rules.in_fact_builtin.dispatch.verify_in_fact_with_builtin_rules.05		evidence_gap	Codex	required: smallest .lit source whose Result selects stable ID builtin.verify.verify_builtin_rules.in_fact_builtin.dispatch.verify_in_fact_with_builtin_rules.05	reject builtin.verify.verify_builtin_rules.in_fact_builtin.dispatch.verify_in_fact_with_builtin_rules.05 when target, ordered children, FactIds, bindings, or scope evidence is absent	inspect the exact producer Result and replace generic evidence for builtin.verify.verify_builtin_rules.in_fact_builtin.dispatch.verify_in_fact_with_builtin_rules.05
P2_result_evidence_gap	builtin_uncatalogued	builtin.verify.verify_builtin_rules.in_fact_builtin.dispatch.verify_in_fact_with_builtin_rules.06		evidence_gap	Codex	required: smallest .lit source whose Result selects stable ID builtin.verify.verify_builtin_rules.in_fact_builtin.dispatch.verify_in_fact_with_builtin_rules.06	reject builtin.verify.verify_builtin_rules.in_fact_builtin.dispatch.verify_in_fact_with_builtin_rules.06 when target, ordered children, FactIds, bindings, or scope evidence is absent	inspect the exact producer Result and replace generic evidence for builtin.verify.verify_builtin_rules.in_fact_builtin.dispatch.verify_in_fact_with_builtin_rules.06
P2_result_evidence_gap	builtin_uncatalogued	builtin.verify.verify_builtin_rules.in_fact_builtin.dispatch.verify_in_fact_with_builtin_rules.07		evidence_gap	Codex	required: smallest .lit source whose Result selects stable ID builtin.verify.verify_builtin_rules.in_fact_builtin.dispatch.verify_in_fact_with_builtin_rules.07	reject builtin.verify.verify_builtin_rules.in_fact_builtin.dispatch.verify_in_fact_with_builtin_rules.07 when target, ordered children, FactIds, bindings, or scope evidence is absent	inspect the exact producer Result and replace generic evidence for builtin.verify.verify_builtin_rules.in_fact_builtin.dispatch.verify_in_fact_with_builtin_rules.07
P2_result_evidence_gap	builtin_uncatalogued	builtin.verify.verify_builtin_rules.in_fact_builtin.dispatch.verify_in_fact_with_builtin_rules.08		evidence_gap	Codex	required: smallest .lit source whose Result selects stable ID builtin.verify.verify_builtin_rules.in_fact_builtin.dispatch.verify_in_fact_with_builtin_rules.08	reject builtin.verify.verify_builtin_rules.in_fact_builtin.dispatch.verify_in_fact_with_builtin_rules.08 when target, ordered children, FactIds, bindings, or scope evidence is absent	inspect the exact producer Result and replace generic evidence for builtin.verify.verify_builtin_rules.in_fact_builtin.dispatch.verify_in_fact_with_builtin_rules.08
P2_result_evidence_gap	builtin_uncatalogued	builtin.verify.verify_builtin_rules.in_fact_builtin.dispatch.verify_in_fact_with_builtin_rules.09		evidence_gap	Codex	required: smallest .lit source whose Result selects stable ID builtin.verify.verify_builtin_rules.in_fact_builtin.dispatch.verify_in_fact_with_builtin_rules.09	reject builtin.verify.verify_builtin_rules.in_fact_builtin.dispatch.verify_in_fact_with_builtin_rules.09 when target, ordered children, FactIds, bindings, or scope evidence is absent	inspect the exact producer Result and replace generic evidence for builtin.verify.verify_builtin_rules.in_fact_builtin.dispatch.verify_in_fact_with_builtin_rules.09
P2_result_evidence_gap	builtin_uncatalogued	builtin.verify.verify_builtin_rules.in_fact_builtin.dispatch.verify_in_fact_with_builtin_rules.10		evidence_gap	Codex	required: smallest .lit source whose Result selects stable ID builtin.verify.verify_builtin_rules.in_fact_builtin.dispatch.verify_in_fact_with_builtin_rules.10	reject builtin.verify.verify_builtin_rules.in_fact_builtin.dispatch.verify_in_fact_with_builtin_rules.10 when target, ordered children, FactIds, bindings, or scope evidence is absent	inspect the exact producer Result and replace generic evidence for builtin.verify.verify_builtin_rules.in_fact_builtin.dispatch.verify_in_fact_with_builtin_rules.10
P2_result_evidence_gap	builtin_uncatalogued	builtin.verify.verify_builtin_rules.in_fact_builtin.dispatch.verify_in_fact_with_builtin_rules.11		evidence_gap	Codex	required: smallest .lit source whose Result selects stable ID builtin.verify.verify_builtin_rules.in_fact_builtin.dispatch.verify_in_fact_with_builtin_rules.11	reject builtin.verify.verify_builtin_rules.in_fact_builtin.dispatch.verify_in_fact_with_builtin_rules.11 when target, ordered children, FactIds, bindings, or scope evidence is absent	inspect the exact producer Result and replace generic evidence for builtin.verify.verify_builtin_rules.in_fact_builtin.dispatch.verify_in_fact_with_builtin_rules.11
P2_result_evidence_gap	builtin_uncatalogued	builtin.verify.verify_builtin_rules.in_fact_builtin.dispatch.verify_in_fact_with_builtin_rules.12		evidence_gap	Codex	required: smallest .lit source whose Result selects stable ID builtin.verify.verify_builtin_rules.in_fact_builtin.dispatch.verify_in_fact_with_builtin_rules.12	reject builtin.verify.verify_builtin_rules.in_fact_builtin.dispatch.verify_in_fact_with_builtin_rules.12 when target, ordered children, FactIds, bindings, or scope evidence is absent	inspect the exact producer Result and replace generic evidence for builtin.verify.verify_builtin_rules.in_fact_builtin.dispatch.verify_in_fact_with_builtin_rules.12
P2_result_evidence_gap	builtin_uncatalogued	builtin.verify.verify_builtin_rules.in_fact_builtin.dispatch.verify_not_in_fact_with_builtin_rules		evidence_gap	Codex	required: smallest .lit source whose Result selects stable ID builtin.verify.verify_builtin_rules.in_fact_builtin.dispatch.verify_not_in_fact_with_builtin_rules	reject builtin.verify.verify_builtin_rules.in_fact_builtin.dispatch.verify_not_in_fact_with_builtin_rules when target, ordered children, FactIds, bindings, or scope evidence is absent	inspect the exact producer Result and replace generic evidence for builtin.verify.verify_builtin_rules.in_fact_builtin.dispatch.verify_not_in_fact_with_builtin_rules
P2_result_evidence_gap	builtin_uncatalogued	builtin.verify.verify_builtin_rules.in_fact_builtin.numeric_membership.verify_in_fact_add_in_n_pos_from_n_pos_and_n.04		evidence_gap	Codex	required: smallest .lit source whose Result selects stable ID builtin.verify.verify_builtin_rules.in_fact_builtin.numeric_membership.verify_in_fact_add_in_n_pos_from_n_pos_and_n.04	reject builtin.verify.verify_builtin_rules.in_fact_builtin.numeric_membership.verify_in_fact_add_in_n_pos_from_n_pos_and_n.04 when target, ordered children, FactIds, bindings, or scope evidence is absent	inspect the exact producer Result and replace generic evidence for builtin.verify.verify_builtin_rules.in_fact_builtin.numeric_membership.verify_in_fact_add_in_n_pos_from_n_pos_and_n.04
P2_result_evidence_gap	builtin_uncatalogued	builtin.verify.verify_builtin_rules.in_fact_builtin.numeric_membership.verify_in_fact_arithmetic_expression_in_q		evidence_gap	Codex	required: smallest .lit source whose Result selects stable ID builtin.verify.verify_builtin_rules.in_fact_builtin.numeric_membership.verify_in_fact_arithmetic_expression_in_q	reject builtin.verify.verify_builtin_rules.in_fact_builtin.numeric_membership.verify_in_fact_arithmetic_expression_in_q when target, ordered children, FactIds, bindings, or scope evidence is absent	inspect the exact producer Result and replace generic evidence for builtin.verify.verify_builtin_rules.in_fact_builtin.numeric_membership.verify_in_fact_arithmetic_expression_in_q
P2_result_evidence_gap	builtin_uncatalogued	builtin.verify.verify_builtin_rules.in_fact_builtin.numeric_membership.verify_in_fact_arithmetic_expression_in_standard_negative_set.01		evidence_gap	Codex	required: smallest .lit source whose Result selects stable ID builtin.verify.verify_builtin_rules.in_fact_builtin.numeric_membership.verify_in_fact_arithmetic_expression_in_standard_negative_set.01	reject builtin.verify.verify_builtin_rules.in_fact_builtin.numeric_membership.verify_in_fact_arithmetic_expression_in_standard_negative_set.01 when target, ordered children, FactIds, bindings, or scope evidence is absent	inspect the exact producer Result and replace generic evidence for builtin.verify.verify_builtin_rules.in_fact_builtin.numeric_membership.verify_in_fact_arithmetic_expression_in_standard_negative_set.01
P2_result_evidence_gap	builtin_uncatalogued	builtin.verify.verify_builtin_rules.in_fact_builtin.numeric_membership.verify_in_fact_arithmetic_expression_in_standard_negative_set.02		evidence_gap	Codex	required: smallest .lit source whose Result selects stable ID builtin.verify.verify_builtin_rules.in_fact_builtin.numeric_membership.verify_in_fact_arithmetic_expression_in_standard_negative_set.02	reject builtin.verify.verify_builtin_rules.in_fact_builtin.numeric_membership.verify_in_fact_arithmetic_expression_in_standard_negative_set.02 when target, ordered children, FactIds, bindings, or scope evidence is absent	inspect the exact producer Result and replace generic evidence for builtin.verify.verify_builtin_rules.in_fact_builtin.numeric_membership.verify_in_fact_arithmetic_expression_in_standard_negative_set.02
P2_result_evidence_gap	builtin_uncatalogued	builtin.verify.verify_builtin_rules.in_fact_builtin.numeric_membership.verify_in_fact_arithmetic_expression_in_standard_negative_set.03		evidence_gap	Codex	required: smallest .lit source whose Result selects stable ID builtin.verify.verify_builtin_rules.in_fact_builtin.numeric_membership.verify_in_fact_arithmetic_expression_in_standard_negative_set.03	reject builtin.verify.verify_builtin_rules.in_fact_builtin.numeric_membership.verify_in_fact_arithmetic_expression_in_standard_negative_set.03 when target, ordered children, FactIds, bindings, or scope evidence is absent	inspect the exact producer Result and replace generic evidence for builtin.verify.verify_builtin_rules.in_fact_builtin.numeric_membership.verify_in_fact_arithmetic_expression_in_standard_negative_set.03
P2_result_evidence_gap	builtin_uncatalogued	builtin.verify.verify_builtin_rules.in_fact_builtin.numeric_membership.verify_in_fact_arithmetic_expression_in_standard_negative_set.04		evidence_gap	Codex	required: smallest .lit source whose Result selects stable ID builtin.verify.verify_builtin_rules.in_fact_builtin.numeric_membership.verify_in_fact_arithmetic_expression_in_standard_negative_set.04	reject builtin.verify.verify_builtin_rules.in_fact_builtin.numeric_membership.verify_in_fact_arithmetic_expression_in_standard_negative_set.04 when target, ordered children, FactIds, bindings, or scope evidence is absent	inspect the exact producer Result and replace generic evidence for builtin.verify.verify_builtin_rules.in_fact_builtin.numeric_membership.verify_in_fact_arithmetic_expression_in_standard_negative_set.04
P2_result_evidence_gap	builtin_uncatalogued	builtin.verify.verify_builtin_rules.in_fact_builtin.numeric_membership.verify_in_fact_arithmetic_expression_in_z		evidence_gap	Codex	required: smallest .lit source whose Result selects stable ID builtin.verify.verify_builtin_rules.in_fact_builtin.numeric_membership.verify_in_fact_arithmetic_expression_in_z	reject builtin.verify.verify_builtin_rules.in_fact_builtin.numeric_membership.verify_in_fact_arithmetic_expression_in_z when target, ordered children, FactIds, bindings, or scope evidence is absent	inspect the exact producer Result and replace generic evidence for builtin.verify.verify_builtin_rules.in_fact_builtin.numeric_membership.verify_in_fact_arithmetic_expression_in_z
P2_result_evidence_gap	builtin_uncatalogued	builtin.verify.verify_builtin_rules.in_fact_builtin.numeric_membership.verify_in_fact_fn_application_in_typed_return_set		evidence_gap	Codex	required: smallest .lit source whose Result selects stable ID builtin.verify.verify_builtin_rules.in_fact_builtin.numeric_membership.verify_in_fact_fn_application_in_typed_return_set	reject builtin.verify.verify_builtin_rules.in_fact_builtin.numeric_membership.verify_in_fact_fn_application_in_typed_return_set when target, ordered children, FactIds, bindings, or scope evidence is absent	inspect the exact producer Result and replace generic evidence for builtin.verify.verify_builtin_rules.in_fact_builtin.numeric_membership.verify_in_fact_fn_application_in_typed_return_set
P2_result_evidence_gap	builtin_uncatalogued	builtin.verify.verify_builtin_rules.in_fact_builtin.numeric_membership.verify_in_fact_interval_by_real_order_bounds.01		evidence_gap	Codex	required: smallest .lit source whose Result selects stable ID builtin.verify.verify_builtin_rules.in_fact_builtin.numeric_membership.verify_in_fact_interval_by_real_order_bounds.01	reject builtin.verify.verify_builtin_rules.in_fact_builtin.numeric_membership.verify_in_fact_interval_by_real_order_bounds.01 when target, ordered children, FactIds, bindings, or scope evidence is absent	inspect the exact producer Result and replace generic evidence for builtin.verify.verify_builtin_rules.in_fact_builtin.numeric_membership.verify_in_fact_interval_by_real_order_bounds.01
P2_result_evidence_gap	builtin_uncatalogued	builtin.verify.verify_builtin_rules.in_fact_builtin.numeric_membership.verify_in_fact_interval_by_real_order_bounds.02		evidence_gap	Codex	required: smallest .lit source whose Result selects stable ID builtin.verify.verify_builtin_rules.in_fact_builtin.numeric_membership.verify_in_fact_interval_by_real_order_bounds.02	reject builtin.verify.verify_builtin_rules.in_fact_builtin.numeric_membership.verify_in_fact_interval_by_real_order_bounds.02 when target, ordered children, FactIds, bindings, or scope evidence is absent	inspect the exact producer Result and replace generic evidence for builtin.verify.verify_builtin_rules.in_fact_builtin.numeric_membership.verify_in_fact_interval_by_real_order_bounds.02
P2_result_evidence_gap	builtin_uncatalogued	builtin.verify.verify_builtin_rules.in_fact_builtin.numeric_membership.verify_in_fact_one_side_infinity_interval_by_real_order_bound.01		evidence_gap	Codex	required: smallest .lit source whose Result selects stable ID builtin.verify.verify_builtin_rules.in_fact_builtin.numeric_membership.verify_in_fact_one_side_infinity_interval_by_real_order_bound.01	reject builtin.verify.verify_builtin_rules.in_fact_builtin.numeric_membership.verify_in_fact_one_side_infinity_interval_by_real_order_bound.01 when target, ordered children, FactIds, bindings, or scope evidence is absent	inspect the exact producer Result and replace generic evidence for builtin.verify.verify_builtin_rules.in_fact_builtin.numeric_membership.verify_in_fact_one_side_infinity_interval_by_real_order_bound.01
P2_result_evidence_gap	builtin_uncatalogued	builtin.verify.verify_builtin_rules.in_fact_builtin.numeric_membership.verify_in_fact_one_side_infinity_interval_by_real_order_bound.02		evidence_gap	Codex	required: smallest .lit source whose Result selects stable ID builtin.verify.verify_builtin_rules.in_fact_builtin.numeric_membership.verify_in_fact_one_side_infinity_interval_by_real_order_bound.02	reject builtin.verify.verify_builtin_rules.in_fact_builtin.numeric_membership.verify_in_fact_one_side_infinity_interval_by_real_order_bound.02 when target, ordered children, FactIds, bindings, or scope evidence is absent	inspect the exact producer Result and replace generic evidence for builtin.verify.verify_builtin_rules.in_fact_builtin.numeric_membership.verify_in_fact_one_side_infinity_interval_by_real_order_bound.02
P2_result_evidence_gap	builtin_uncatalogued	builtin.verify.verify_builtin_rules.in_fact_builtin.numeric_membership.verify_in_fact_pow_in_r_pos_from_positive_base_real_exponent		evidence_gap	Codex	required: smallest .lit source whose Result selects stable ID builtin.verify.verify_builtin_rules.in_fact_builtin.numeric_membership.verify_in_fact_pow_in_r_pos_from_positive_base_real_exponent	reject builtin.verify.verify_builtin_rules.in_fact_builtin.numeric_membership.verify_in_fact_pow_in_r_pos_from_positive_base_real_exponent when target, ordered children, FactIds, bindings, or scope evidence is absent	inspect the exact producer Result and replace generic evidence for builtin.verify.verify_builtin_rules.in_fact_builtin.numeric_membership.verify_in_fact_pow_in_r_pos_from_positive_base_real_exponent
P2_result_evidence_gap	builtin_uncatalogued	builtin.verify.verify_builtin_rules.in_fact_builtin.numeric_membership.verify_in_fact_pow_in_standard_set_from_base_and_natural_exponent		evidence_gap	Codex	required: smallest .lit source whose Result selects stable ID builtin.verify.verify_builtin_rules.in_fact_builtin.numeric_membership.verify_in_fact_pow_in_standard_set_from_base_and_natural_exponent	reject builtin.verify.verify_builtin_rules.in_fact_builtin.numeric_membership.verify_in_fact_pow_in_standard_set_from_base_and_natural_exponent when target, ordered children, FactIds, bindings, or scope evidence is absent	inspect the exact producer Result and replace generic evidence for builtin.verify.verify_builtin_rules.in_fact_builtin.numeric_membership.verify_in_fact_pow_in_standard_set_from_base_and_natural_exponent
P2_result_evidence_gap	builtin_uncatalogued	builtin.verify.verify_builtin_rules.in_fact_builtin.numeric_membership.verify_in_fact_sub_in_n_from_integer_terms_and_bound.01		evidence_gap	Codex	required: smallest .lit source whose Result selects stable ID builtin.verify.verify_builtin_rules.in_fact_builtin.numeric_membership.verify_in_fact_sub_in_n_from_integer_terms_and_bound.01	reject builtin.verify.verify_builtin_rules.in_fact_builtin.numeric_membership.verify_in_fact_sub_in_n_from_integer_terms_and_bound.01 when target, ordered children, FactIds, bindings, or scope evidence is absent	inspect the exact producer Result and replace generic evidence for builtin.verify.verify_builtin_rules.in_fact_builtin.numeric_membership.verify_in_fact_sub_in_n_from_integer_terms_and_bound.01
P2_result_evidence_gap	builtin_uncatalogued	builtin.verify.verify_builtin_rules.in_fact_builtin.numeric_membership.verify_in_fact_sub_in_n_from_integer_terms_and_bound.02		evidence_gap	Codex	required: smallest .lit source whose Result selects stable ID builtin.verify.verify_builtin_rules.in_fact_builtin.numeric_membership.verify_in_fact_sub_in_n_from_integer_terms_and_bound.02	reject builtin.verify.verify_builtin_rules.in_fact_builtin.numeric_membership.verify_in_fact_sub_in_n_from_integer_terms_and_bound.02 when target, ordered children, FactIds, bindings, or scope evidence is absent	inspect the exact producer Result and replace generic evidence for builtin.verify.verify_builtin_rules.in_fact_builtin.numeric_membership.verify_in_fact_sub_in_n_from_integer_terms_and_bound.02
P2_result_evidence_gap	builtin_uncatalogued	builtin.verify.verify_builtin_rules.in_fact_builtin.numeric_membership.verify_in_fact_sub_in_n_from_integer_terms_and_bound.03		evidence_gap	Codex	required: smallest .lit source whose Result selects stable ID builtin.verify.verify_builtin_rules.in_fact_builtin.numeric_membership.verify_in_fact_sub_in_n_from_integer_terms_and_bound.03	reject builtin.verify.verify_builtin_rules.in_fact_builtin.numeric_membership.verify_in_fact_sub_in_n_from_integer_terms_and_bound.03 when target, ordered children, FactIds, bindings, or scope evidence is absent	inspect the exact producer Result and replace generic evidence for builtin.verify.verify_builtin_rules.in_fact_builtin.numeric_membership.verify_in_fact_sub_in_n_from_integer_terms_and_bound.03
P2_result_evidence_gap	builtin_uncatalogued	builtin.verify.verify_builtin_rules.in_fact_builtin.numeric_membership.verify_in_fact_sub_in_n_from_integer_terms_and_bound.04		evidence_gap	Codex	required: smallest .lit source whose Result selects stable ID builtin.verify.verify_builtin_rules.in_fact_builtin.numeric_membership.verify_in_fact_sub_in_n_from_integer_terms_and_bound.04	reject builtin.verify.verify_builtin_rules.in_fact_builtin.numeric_membership.verify_in_fact_sub_in_n_from_integer_terms_and_bound.04 when target, ordered children, FactIds, bindings, or scope evidence is absent	inspect the exact producer Result and replace generic evidence for builtin.verify.verify_builtin_rules.in_fact_builtin.numeric_membership.verify_in_fact_sub_in_n_from_integer_terms_and_bound.04
P2_result_evidence_gap	builtin_uncatalogued	builtin.verify.verify_builtin_rules.in_fact_builtin.numeric_membership.verify_in_fact_sub_in_n_pos_from_n_pos_and_greater_than_one		evidence_gap	Codex	required: smallest .lit source whose Result selects stable ID builtin.verify.verify_builtin_rules.in_fact_builtin.numeric_membership.verify_in_fact_sub_in_n_pos_from_n_pos_and_greater_than_one	reject builtin.verify.verify_builtin_rules.in_fact_builtin.numeric_membership.verify_in_fact_sub_in_n_pos_from_n_pos_and_greater_than_one when target, ordered children, FactIds, bindings, or scope evidence is absent	inspect the exact producer Result and replace generic evidence for builtin.verify.verify_builtin_rules.in_fact_builtin.numeric_membership.verify_in_fact_sub_in_n_pos_from_n_pos_and_greater_than_one
P2_result_evidence_gap	builtin_uncatalogued	builtin.verify.verify_builtin_rules.in_fact_builtin.numeric_membership.verify_reduce_membership_from_operation_carrier		evidence_gap	Codex	required: smallest .lit source whose Result selects stable ID builtin.verify.verify_builtin_rules.in_fact_builtin.numeric_membership.verify_reduce_membership_from_operation_carrier	reject builtin.verify.verify_builtin_rules.in_fact_builtin.numeric_membership.verify_reduce_membership_from_operation_carrier when target, ordered children, FactIds, bindings, or scope evidence is absent	inspect the exact producer Result and replace generic evidence for builtin.verify.verify_builtin_rules.in_fact_builtin.numeric_membership.verify_reduce_membership_from_operation_carrier
P2_result_evidence_gap	builtin_uncatalogued	builtin.verify.verify_builtin_rules.in_fact_builtin.numeric_membership.verify_refined_integer_carrier_from_known_sign		evidence_gap	Codex	required: smallest .lit source whose Result selects stable ID builtin.verify.verify_builtin_rules.in_fact_builtin.numeric_membership.verify_refined_integer_carrier_from_known_sign	reject builtin.verify.verify_builtin_rules.in_fact_builtin.numeric_membership.verify_refined_integer_carrier_from_known_sign when target, ordered children, FactIds, bindings, or scope evidence is absent	inspect the exact producer Result and replace generic evidence for builtin.verify.verify_builtin_rules.in_fact_builtin.numeric_membership.verify_refined_integer_carrier_from_known_sign
P2_result_evidence_gap	builtin_uncatalogued	builtin.verify.verify_builtin_rules.in_fact_builtin.numeric_values.not_in_fact_verified_by_builtin_rules_result		evidence_gap	Codex	required: smallest .lit source whose Result selects stable ID builtin.verify.verify_builtin_rules.in_fact_builtin.numeric_values.not_in_fact_verified_by_builtin_rules_result	reject builtin.verify.verify_builtin_rules.in_fact_builtin.numeric_values.not_in_fact_verified_by_builtin_rules_result when target, ordered children, FactIds, bindings, or scope evidence is absent	inspect the exact producer Result and replace generic evidence for builtin.verify.verify_builtin_rules.in_fact_builtin.numeric_values.not_in_fact_verified_by_builtin_rules_result
P2_result_evidence_gap	builtin_uncatalogued	builtin.verify.verify_builtin_rules.in_fact_builtin.numeric_values.number_in_set_verified_by_builtin_rules_result		evidence_gap	Codex	required: smallest .lit source whose Result selects stable ID builtin.verify.verify_builtin_rules.in_fact_builtin.numeric_values.number_in_set_verified_by_builtin_rules_result	reject builtin.verify.verify_builtin_rules.in_fact_builtin.numeric_values.number_in_set_verified_by_builtin_rules_result when target, ordered children, FactIds, bindings, or scope evidence is absent	inspect the exact producer Result and replace generic evidence for builtin.verify.verify_builtin_rules.in_fact_builtin.numeric_values.number_in_set_verified_by_builtin_rules_result
P2_result_evidence_gap	builtin_uncatalogued	builtin.verify.verify_builtin_rules.in_fact_builtin.numeric_values.number_in_set_verified_by_builtin_rules_result_with_subgoals		evidence_gap	Codex	required: smallest .lit source whose Result selects stable ID builtin.verify.verify_builtin_rules.in_fact_builtin.numeric_values.number_in_set_verified_by_builtin_rules_result_with_subgoals	reject builtin.verify.verify_builtin_rules.in_fact_builtin.numeric_values.number_in_set_verified_by_builtin_rules_result_with_subgoals when target, ordered children, FactIds, bindings, or scope evidence is absent	inspect the exact producer Result and replace generic evidence for builtin.verify.verify_builtin_rules.in_fact_builtin.numeric_values.number_in_set_verified_by_builtin_rules_result_with_subgoals
P2_result_evidence_gap	builtin_uncatalogued	builtin.verify.verify_builtin_rules.in_fact_builtin.set_membership.maybe_verify_in_fact_finite_set_extremum.01		evidence_gap	Codex	required: smallest .lit source whose Result selects stable ID builtin.verify.verify_builtin_rules.in_fact_builtin.set_membership.maybe_verify_in_fact_finite_set_extremum.01	reject builtin.verify.verify_builtin_rules.in_fact_builtin.set_membership.maybe_verify_in_fact_finite_set_extremum.01 when target, ordered children, FactIds, bindings, or scope evidence is absent	inspect the exact producer Result and replace generic evidence for builtin.verify.verify_builtin_rules.in_fact_builtin.set_membership.maybe_verify_in_fact_finite_set_extremum.01
P2_result_evidence_gap	builtin_uncatalogued	builtin.verify.verify_builtin_rules.in_fact_builtin.set_membership.maybe_verify_in_fact_finite_set_extremum.02		evidence_gap	Codex	required: smallest .lit source whose Result selects stable ID builtin.verify.verify_builtin_rules.in_fact_builtin.set_membership.maybe_verify_in_fact_finite_set_extremum.02	reject builtin.verify.verify_builtin_rules.in_fact_builtin.set_membership.maybe_verify_in_fact_finite_set_extremum.02 when target, ordered children, FactIds, bindings, or scope evidence is absent	inspect the exact producer Result and replace generic evidence for builtin.verify.verify_builtin_rules.in_fact_builtin.set_membership.maybe_verify_in_fact_finite_set_extremum.02
P2_result_evidence_gap	builtin_uncatalogued	builtin.verify.verify_builtin_rules.in_fact_builtin.set_membership.maybe_verify_in_fact_in_unfolded_user_defined_set_once		evidence_gap	Codex	required: smallest .lit source whose Result selects stable ID builtin.verify.verify_builtin_rules.in_fact_builtin.set_membership.maybe_verify_in_fact_in_unfolded_user_defined_set_once	reject builtin.verify.verify_builtin_rules.in_fact_builtin.set_membership.maybe_verify_in_fact_in_unfolded_user_defined_set_once when target, ordered children, FactIds, bindings, or scope evidence is absent	inspect the exact producer Result and replace generic evidence for builtin.verify.verify_builtin_rules.in_fact_builtin.set_membership.maybe_verify_in_fact_in_unfolded_user_defined_set_once
P2_result_evidence_gap	builtin_uncatalogued	builtin.verify.verify_builtin_rules.in_fact_builtin.set_membership.try_verify_atomic_fact_from_known_set_builder_membership.01		evidence_gap	Codex	required: smallest .lit source whose Result selects stable ID builtin.verify.verify_builtin_rules.in_fact_builtin.set_membership.try_verify_atomic_fact_from_known_set_builder_membership.01	reject builtin.verify.verify_builtin_rules.in_fact_builtin.set_membership.try_verify_atomic_fact_from_known_set_builder_membership.01 when target, ordered children, FactIds, bindings, or scope evidence is absent	inspect the exact producer Result and replace generic evidence for builtin.verify.verify_builtin_rules.in_fact_builtin.set_membership.try_verify_atomic_fact_from_known_set_builder_membership.01
P2_result_evidence_gap	builtin_uncatalogued	builtin.verify.verify_builtin_rules.in_fact_builtin.set_membership.try_verify_atomic_fact_from_known_set_builder_membership.02		evidence_gap	Codex	required: smallest .lit source whose Result selects stable ID builtin.verify.verify_builtin_rules.in_fact_builtin.set_membership.try_verify_atomic_fact_from_known_set_builder_membership.02	reject builtin.verify.verify_builtin_rules.in_fact_builtin.set_membership.try_verify_atomic_fact_from_known_set_builder_membership.02 when target, ordered children, FactIds, bindings, or scope evidence is absent	inspect the exact producer Result and replace generic evidence for builtin.verify.verify_builtin_rules.in_fact_builtin.set_membership.try_verify_atomic_fact_from_known_set_builder_membership.02
P2_result_evidence_gap	builtin_uncatalogued	builtin.verify.verify_builtin_rules.in_fact_builtin.set_membership.try_verify_set_builder_membership_definition_transport.01		evidence_gap	Codex	required: smallest .lit source whose Result selects stable ID builtin.verify.verify_builtin_rules.in_fact_builtin.set_membership.try_verify_set_builder_membership_definition_transport.01	reject builtin.verify.verify_builtin_rules.in_fact_builtin.set_membership.try_verify_set_builder_membership_definition_transport.01 when target, ordered children, FactIds, bindings, or scope evidence is absent	inspect the exact producer Result and replace generic evidence for builtin.verify.verify_builtin_rules.in_fact_builtin.set_membership.try_verify_set_builder_membership_definition_transport.01
P2_result_evidence_gap	builtin_uncatalogued	builtin.verify.verify_builtin_rules.in_fact_builtin.set_membership.try_verify_set_builder_membership_definition_transport.02		evidence_gap	Codex	required: smallest .lit source whose Result selects stable ID builtin.verify.verify_builtin_rules.in_fact_builtin.set_membership.try_verify_set_builder_membership_definition_transport.02	reject builtin.verify.verify_builtin_rules.in_fact_builtin.set_membership.try_verify_set_builder_membership_definition_transport.02 when target, ordered children, FactIds, bindings, or scope evidence is absent	inspect the exact producer Result and replace generic evidence for builtin.verify.verify_builtin_rules.in_fact_builtin.set_membership.try_verify_set_builder_membership_definition_transport.02
P2_result_evidence_gap	builtin_uncatalogued	builtin.verify.verify_builtin_rules.in_fact_builtin.set_membership.verify_in_fact_by_struct_obj.01		evidence_gap	Codex	required: smallest .lit source whose Result selects stable ID builtin.verify.verify_builtin_rules.in_fact_builtin.set_membership.verify_in_fact_by_struct_obj.01	reject builtin.verify.verify_builtin_rules.in_fact_builtin.set_membership.verify_in_fact_by_struct_obj.01 when target, ordered children, FactIds, bindings, or scope evidence is absent	inspect the exact producer Result and replace generic evidence for builtin.verify.verify_builtin_rules.in_fact_builtin.set_membership.verify_in_fact_by_struct_obj.01
P2_result_evidence_gap	builtin_uncatalogued	builtin.verify.verify_builtin_rules.in_fact_builtin.set_membership.verify_in_fact_by_struct_obj.02		evidence_gap	Codex	required: smallest .lit source whose Result selects stable ID builtin.verify.verify_builtin_rules.in_fact_builtin.set_membership.verify_in_fact_by_struct_obj.02	reject builtin.verify.verify_builtin_rules.in_fact_builtin.set_membership.verify_in_fact_by_struct_obj.02 when target, ordered children, FactIds, bindings, or scope evidence is absent	inspect the exact producer Result and replace generic evidence for builtin.verify.verify_builtin_rules.in_fact_builtin.set_membership.verify_in_fact_by_struct_obj.02
P2_result_evidence_gap	builtin_uncatalogued	builtin.verify.verify_builtin_rules.in_fact_builtin.set_membership.verify_in_fact_fn_range_in_power_set.01		evidence_gap	Codex	required: smallest .lit source whose Result selects stable ID builtin.verify.verify_builtin_rules.in_fact_builtin.set_membership.verify_in_fact_fn_range_in_power_set.01	reject builtin.verify.verify_builtin_rules.in_fact_builtin.set_membership.verify_in_fact_fn_range_in_power_set.01 when target, ordered children, FactIds, bindings, or scope evidence is absent	inspect the exact producer Result and replace generic evidence for builtin.verify.verify_builtin_rules.in_fact_builtin.set_membership.verify_in_fact_fn_range_in_power_set.01
P2_result_evidence_gap	builtin_uncatalogued	builtin.verify.verify_builtin_rules.in_fact_builtin.set_membership.verify_in_fact_fn_range_in_power_set.02		evidence_gap	Codex	required: smallest .lit source whose Result selects stable ID builtin.verify.verify_builtin_rules.in_fact_builtin.set_membership.verify_in_fact_fn_range_in_power_set.02	reject builtin.verify.verify_builtin_rules.in_fact_builtin.set_membership.verify_in_fact_fn_range_in_power_set.02 when target, ordered children, FactIds, bindings, or scope evidence is absent	inspect the exact producer Result and replace generic evidence for builtin.verify.verify_builtin_rules.in_fact_builtin.set_membership.verify_in_fact_fn_range_in_power_set.02
P2_result_evidence_gap	builtin_uncatalogued	builtin.verify.verify_builtin_rules.in_fact_builtin.set_membership.verify_in_fact_in_big_union_by_member_witness.01		evidence_gap	Codex	required: smallest .lit source whose Result selects stable ID builtin.verify.verify_builtin_rules.in_fact_builtin.set_membership.verify_in_fact_in_big_union_by_member_witness.01	reject builtin.verify.verify_builtin_rules.in_fact_builtin.set_membership.verify_in_fact_in_big_union_by_member_witness.01 when target, ordered children, FactIds, bindings, or scope evidence is absent	inspect the exact producer Result and replace generic evidence for builtin.verify.verify_builtin_rules.in_fact_builtin.set_membership.verify_in_fact_in_big_union_by_member_witness.01
P2_result_evidence_gap	builtin_uncatalogued	builtin.verify.verify_builtin_rules.in_fact_builtin.set_membership.verify_in_fact_in_big_union_by_member_witness.02		evidence_gap	Codex	required: smallest .lit source whose Result selects stable ID builtin.verify.verify_builtin_rules.in_fact_builtin.set_membership.verify_in_fact_in_big_union_by_member_witness.02	reject builtin.verify.verify_builtin_rules.in_fact_builtin.set_membership.verify_in_fact_in_big_union_by_member_witness.02 when target, ordered children, FactIds, bindings, or scope evidence is absent	inspect the exact producer Result and replace generic evidence for builtin.verify.verify_builtin_rules.in_fact_builtin.set_membership.verify_in_fact_in_big_union_by_member_witness.02
P2_result_evidence_gap	builtin_uncatalogued	builtin.verify.verify_builtin_rules.in_fact_builtin.set_membership.verify_in_fact_in_index_intersect_by_pointwise_membership.01		evidence_gap	Codex	required: smallest .lit source whose Result selects stable ID builtin.verify.verify_builtin_rules.in_fact_builtin.set_membership.verify_in_fact_in_index_intersect_by_pointwise_membership.01	reject builtin.verify.verify_builtin_rules.in_fact_builtin.set_membership.verify_in_fact_in_index_intersect_by_pointwise_membership.01 when target, ordered children, FactIds, bindings, or scope evidence is absent	inspect the exact producer Result and replace generic evidence for builtin.verify.verify_builtin_rules.in_fact_builtin.set_membership.verify_in_fact_in_index_intersect_by_pointwise_membership.01
P2_result_evidence_gap	builtin_uncatalogued	builtin.verify.verify_builtin_rules.in_fact_builtin.set_membership.verify_in_fact_in_index_intersect_by_pointwise_membership.02		evidence_gap	Codex	required: smallest .lit source whose Result selects stable ID builtin.verify.verify_builtin_rules.in_fact_builtin.set_membership.verify_in_fact_in_index_intersect_by_pointwise_membership.02	reject builtin.verify.verify_builtin_rules.in_fact_builtin.set_membership.verify_in_fact_in_index_intersect_by_pointwise_membership.02 when target, ordered children, FactIds, bindings, or scope evidence is absent	inspect the exact producer Result and replace generic evidence for builtin.verify.verify_builtin_rules.in_fact_builtin.set_membership.verify_in_fact_in_index_intersect_by_pointwise_membership.02
P2_result_evidence_gap	builtin_uncatalogued	builtin.verify.verify_builtin_rules.in_fact_builtin.set_membership.verify_in_fact_in_index_union_by_index_witness.01		evidence_gap	Codex	required: smallest .lit source whose Result selects stable ID builtin.verify.verify_builtin_rules.in_fact_builtin.set_membership.verify_in_fact_in_index_union_by_index_witness.01	reject builtin.verify.verify_builtin_rules.in_fact_builtin.set_membership.verify_in_fact_in_index_union_by_index_witness.01 when target, ordered children, FactIds, bindings, or scope evidence is absent	inspect the exact producer Result and replace generic evidence for builtin.verify.verify_builtin_rules.in_fact_builtin.set_membership.verify_in_fact_in_index_union_by_index_witness.01
P2_result_evidence_gap	builtin_uncatalogued	builtin.verify.verify_builtin_rules.in_fact_builtin.set_membership.verify_in_fact_in_index_union_by_index_witness.02		evidence_gap	Codex	required: smallest .lit source whose Result selects stable ID builtin.verify.verify_builtin_rules.in_fact_builtin.set_membership.verify_in_fact_in_index_union_by_index_witness.02	reject builtin.verify.verify_builtin_rules.in_fact_builtin.set_membership.verify_in_fact_in_index_union_by_index_witness.02 when target, ordered children, FactIds, bindings, or scope evidence is absent	inspect the exact producer Result and replace generic evidence for builtin.verify.verify_builtin_rules.in_fact_builtin.set_membership.verify_in_fact_in_index_union_by_index_witness.02
P2_result_evidence_gap	builtin_uncatalogued	builtin.verify.verify_builtin_rules.in_fact_builtin.set_membership.verify_in_fact_in_index_union_by_index_witness.03		evidence_gap	Codex	required: smallest .lit source whose Result selects stable ID builtin.verify.verify_builtin_rules.in_fact_builtin.set_membership.verify_in_fact_in_index_union_by_index_witness.03	reject builtin.verify.verify_builtin_rules.in_fact_builtin.set_membership.verify_in_fact_in_index_union_by_index_witness.03 when target, ordered children, FactIds, bindings, or scope evidence is absent	inspect the exact producer Result and replace generic evidence for builtin.verify.verify_builtin_rules.in_fact_builtin.set_membership.verify_in_fact_in_index_union_by_index_witness.03
P2_result_evidence_gap	builtin_uncatalogued	builtin.verify.verify_builtin_rules.in_fact_builtin.set_membership.verify_in_fact_in_intersect_by_member_of_both_sides		evidence_gap	Codex	required: smallest .lit source whose Result selects stable ID builtin.verify.verify_builtin_rules.in_fact_builtin.set_membership.verify_in_fact_in_intersect_by_member_of_both_sides	reject builtin.verify.verify_builtin_rules.in_fact_builtin.set_membership.verify_in_fact_in_intersect_by_member_of_both_sides when target, ordered children, FactIds, bindings, or scope evidence is absent	inspect the exact producer Result and replace generic evidence for builtin.verify.verify_builtin_rules.in_fact_builtin.set_membership.verify_in_fact_in_intersect_by_member_of_both_sides
P2_result_evidence_gap	builtin_uncatalogued	builtin.verify.verify_builtin_rules.in_fact_builtin.set_membership.verify_in_fact_in_power_set_via_subset		evidence_gap	Codex	required: smallest .lit source whose Result selects stable ID builtin.verify.verify_builtin_rules.in_fact_builtin.set_membership.verify_in_fact_in_power_set_via_subset	reject builtin.verify.verify_builtin_rules.in_fact_builtin.set_membership.verify_in_fact_in_power_set_via_subset when target, ordered children, FactIds, bindings, or scope evidence is absent	inspect the exact producer Result and replace generic evidence for builtin.verify.verify_builtin_rules.in_fact_builtin.set_membership.verify_in_fact_in_power_set_via_subset
P2_result_evidence_gap	builtin_uncatalogued	builtin.verify.verify_builtin_rules.in_fact_builtin.set_membership.verify_in_fact_in_replacement_by_relation_witness.01		evidence_gap	Codex	required: smallest .lit source whose Result selects stable ID builtin.verify.verify_builtin_rules.in_fact_builtin.set_membership.verify_in_fact_in_replacement_by_relation_witness.01	reject builtin.verify.verify_builtin_rules.in_fact_builtin.set_membership.verify_in_fact_in_replacement_by_relation_witness.01 when target, ordered children, FactIds, bindings, or scope evidence is absent	inspect the exact producer Result and replace generic evidence for builtin.verify.verify_builtin_rules.in_fact_builtin.set_membership.verify_in_fact_in_replacement_by_relation_witness.01
P2_result_evidence_gap	builtin_uncatalogued	builtin.verify.verify_builtin_rules.in_fact_builtin.set_membership.verify_in_fact_in_replacement_by_relation_witness.02		evidence_gap	Codex	required: smallest .lit source whose Result selects stable ID builtin.verify.verify_builtin_rules.in_fact_builtin.set_membership.verify_in_fact_in_replacement_by_relation_witness.02	reject builtin.verify.verify_builtin_rules.in_fact_builtin.set_membership.verify_in_fact_in_replacement_by_relation_witness.02 when target, ordered children, FactIds, bindings, or scope evidence is absent	inspect the exact producer Result and replace generic evidence for builtin.verify.verify_builtin_rules.in_fact_builtin.set_membership.verify_in_fact_in_replacement_by_relation_witness.02
P2_result_evidence_gap	builtin_uncatalogued	builtin.verify.verify_builtin_rules.in_fact_builtin.set_membership.verify_in_fact_in_set_minus_by_member_and_non_member		evidence_gap	Codex	required: smallest .lit source whose Result selects stable ID builtin.verify.verify_builtin_rules.in_fact_builtin.set_membership.verify_in_fact_in_set_minus_by_member_and_non_member	reject builtin.verify.verify_builtin_rules.in_fact_builtin.set_membership.verify_in_fact_in_set_minus_by_member_and_non_member when target, ordered children, FactIds, bindings, or scope evidence is absent	inspect the exact producer Result and replace generic evidence for builtin.verify.verify_builtin_rules.in_fact_builtin.set_membership.verify_in_fact_in_set_minus_by_member_and_non_member
P2_result_evidence_gap	builtin_uncatalogued	builtin.verify.verify_builtin_rules.in_fact_builtin.set_membership.verify_in_fact_in_union_by_member_of_either_side		evidence_gap	Codex	required: smallest .lit source whose Result selects stable ID builtin.verify.verify_builtin_rules.in_fact_builtin.set_membership.verify_in_fact_in_union_by_member_of_either_side	reject builtin.verify.verify_builtin_rules.in_fact_builtin.set_membership.verify_in_fact_in_union_by_member_of_either_side when target, ordered children, FactIds, bindings, or scope evidence is absent	inspect the exact producer Result and replace generic evidence for builtin.verify.verify_builtin_rules.in_fact_builtin.set_membership.verify_in_fact_in_union_by_member_of_either_side
P2_result_evidence_gap	builtin_uncatalogued	builtin.verify.verify_builtin_rules.in_fact_builtin.set_membership.verify_not_in_fact_not_in_intersect_by_non_member_of_either_side		evidence_gap	Codex	required: smallest .lit source whose Result selects stable ID builtin.verify.verify_builtin_rules.in_fact_builtin.set_membership.verify_not_in_fact_not_in_intersect_by_non_member_of_either_side	reject builtin.verify.verify_builtin_rules.in_fact_builtin.set_membership.verify_not_in_fact_not_in_intersect_by_non_member_of_either_side when target, ordered children, FactIds, bindings, or scope evidence is absent	inspect the exact producer Result and replace generic evidence for builtin.verify.verify_builtin_rules.in_fact_builtin.set_membership.verify_not_in_fact_not_in_intersect_by_non_member_of_either_side
P2_result_evidence_gap	builtin_uncatalogued	builtin.verify.verify_builtin_rules.in_fact_builtin.structured_membership.verify_in_fact_anonymous_fn_signature_matches_fn_set.01		evidence_gap	Codex	required: smallest .lit source whose Result selects stable ID builtin.verify.verify_builtin_rules.in_fact_builtin.structured_membership.verify_in_fact_anonymous_fn_signature_matches_fn_set.01	reject builtin.verify.verify_builtin_rules.in_fact_builtin.structured_membership.verify_in_fact_anonymous_fn_signature_matches_fn_set.01 when target, ordered children, FactIds, bindings, or scope evidence is absent	inspect the exact producer Result and replace generic evidence for builtin.verify.verify_builtin_rules.in_fact_builtin.structured_membership.verify_in_fact_anonymous_fn_signature_matches_fn_set.01
P2_result_evidence_gap	builtin_uncatalogued	builtin.verify.verify_builtin_rules.in_fact_builtin.structured_membership.verify_in_fact_anonymous_fn_signature_matches_fn_set.02		evidence_gap	Codex	required: smallest .lit source whose Result selects stable ID builtin.verify.verify_builtin_rules.in_fact_builtin.structured_membership.verify_in_fact_anonymous_fn_signature_matches_fn_set.02	reject builtin.verify.verify_builtin_rules.in_fact_builtin.structured_membership.verify_in_fact_anonymous_fn_signature_matches_fn_set.02 when target, ordered children, FactIds, bindings, or scope evidence is absent	inspect the exact producer Result and replace generic evidence for builtin.verify.verify_builtin_rules.in_fact_builtin.structured_membership.verify_in_fact_anonymous_fn_signature_matches_fn_set.02
P2_result_evidence_gap	builtin_uncatalogued	builtin.verify.verify_builtin_rules.in_fact_builtin.structured_membership.verify_in_fact_anonymous_fn_signature_matches_fn_set_through_equal_sets		evidence_gap	Codex	required: smallest .lit source whose Result selects stable ID builtin.verify.verify_builtin_rules.in_fact_builtin.structured_membership.verify_in_fact_anonymous_fn_signature_matches_fn_set_through_equal_sets	reject builtin.verify.verify_builtin_rules.in_fact_builtin.structured_membership.verify_in_fact_anonymous_fn_signature_matches_fn_set_through_equal_sets when target, ordered children, FactIds, bindings, or scope evidence is absent	inspect the exact producer Result and replace generic evidence for builtin.verify.verify_builtin_rules.in_fact_builtin.structured_membership.verify_in_fact_anonymous_fn_signature_matches_fn_set_through_equal_sets
P2_result_evidence_gap	builtin_uncatalogued	builtin.verify.verify_builtin_rules.in_fact_builtin.structured_membership.verify_in_fact_by_equal_to_one_element_in_list_set		evidence_gap	Codex	required: smallest .lit source whose Result selects stable ID builtin.verify.verify_builtin_rules.in_fact_builtin.structured_membership.verify_in_fact_by_equal_to_one_element_in_list_set	reject builtin.verify.verify_builtin_rules.in_fact_builtin.structured_membership.verify_in_fact_by_equal_to_one_element_in_list_set when target, ordered children, FactIds, bindings, or scope evidence is absent	inspect the exact producer Result and replace generic evidence for builtin.verify.verify_builtin_rules.in_fact_builtin.structured_membership.verify_in_fact_by_equal_to_one_element_in_list_set
P2_result_evidence_gap	builtin_uncatalogued	builtin.verify.verify_builtin_rules.in_fact_builtin.structured_membership.verify_in_fact_by_known_list_set_carrier		evidence_gap	Codex	required: smallest .lit source whose Result selects stable ID builtin.verify.verify_builtin_rules.in_fact_builtin.structured_membership.verify_in_fact_by_known_list_set_carrier	reject builtin.verify.verify_builtin_rules.in_fact_builtin.structured_membership.verify_in_fact_by_known_list_set_carrier when target, ordered children, FactIds, bindings, or scope evidence is absent	inspect the exact producer Result and replace generic evidence for builtin.verify.verify_builtin_rules.in_fact_builtin.structured_membership.verify_in_fact_by_known_list_set_carrier
P2_result_evidence_gap	builtin_uncatalogued	builtin.verify.verify_builtin_rules.in_fact_builtin.structured_membership.verify_in_fact_element_in_fn_set_by_stored_definition.01		evidence_gap	Codex	required: smallest .lit source whose Result selects stable ID builtin.verify.verify_builtin_rules.in_fact_builtin.structured_membership.verify_in_fact_element_in_fn_set_by_stored_definition.01	reject builtin.verify.verify_builtin_rules.in_fact_builtin.structured_membership.verify_in_fact_element_in_fn_set_by_stored_definition.01 when target, ordered children, FactIds, bindings, or scope evidence is absent	inspect the exact producer Result and replace generic evidence for builtin.verify.verify_builtin_rules.in_fact_builtin.structured_membership.verify_in_fact_element_in_fn_set_by_stored_definition.01
P2_result_evidence_gap	builtin_uncatalogued	builtin.verify.verify_builtin_rules.in_fact_builtin.structured_membership.verify_in_fact_element_in_fn_set_by_stored_definition.02		evidence_gap	Codex	required: smallest .lit source whose Result selects stable ID builtin.verify.verify_builtin_rules.in_fact_builtin.structured_membership.verify_in_fact_element_in_fn_set_by_stored_definition.02	reject builtin.verify.verify_builtin_rules.in_fact_builtin.structured_membership.verify_in_fact_element_in_fn_set_by_stored_definition.02 when target, ordered children, FactIds, bindings, or scope evidence is absent	inspect the exact producer Result and replace generic evidence for builtin.verify.verify_builtin_rules.in_fact_builtin.structured_membership.verify_in_fact_element_in_fn_set_by_stored_definition.02
P2_result_evidence_gap	builtin_uncatalogued	builtin.verify.verify_builtin_rules.in_fact_builtin.structured_membership.verify_in_fact_finite_seq_literal_application_in_set		evidence_gap	Codex	required: smallest .lit source whose Result selects stable ID builtin.verify.verify_builtin_rules.in_fact_builtin.structured_membership.verify_in_fact_finite_seq_literal_application_in_set	reject builtin.verify.verify_builtin_rules.in_fact_builtin.structured_membership.verify_in_fact_finite_seq_literal_application_in_set when target, ordered children, FactIds, bindings, or scope evidence is absent	inspect the exact producer Result and replace generic evidence for builtin.verify.verify_builtin_rules.in_fact_builtin.structured_membership.verify_in_fact_finite_seq_literal_application_in_set
P2_result_evidence_gap	builtin_uncatalogued	builtin.verify.verify_builtin_rules.in_fact_builtin.structured_membership.verify_in_fact_list_set_in_power_set_defines_membership		evidence_gap	Codex	required: smallest .lit source whose Result selects stable ID builtin.verify.verify_builtin_rules.in_fact_builtin.structured_membership.verify_in_fact_list_set_in_power_set_defines_membership	reject builtin.verify.verify_builtin_rules.in_fact_builtin.structured_membership.verify_in_fact_list_set_in_power_set_defines_membership when target, ordered children, FactIds, bindings, or scope evidence is absent	inspect the exact producer Result and replace generic evidence for builtin.verify.verify_builtin_rules.in_fact_builtin.structured_membership.verify_in_fact_list_set_in_power_set_defines_membership
P2_result_evidence_gap	builtin_uncatalogued	builtin.verify.verify_builtin_rules.in_fact_builtin.structured_membership.verify_in_fact_literal_tuple_projection_in_set.01		evidence_gap	Codex	required: smallest .lit source whose Result selects stable ID builtin.verify.verify_builtin_rules.in_fact_builtin.structured_membership.verify_in_fact_literal_tuple_projection_in_set.01	reject builtin.verify.verify_builtin_rules.in_fact_builtin.structured_membership.verify_in_fact_literal_tuple_projection_in_set.01 when target, ordered children, FactIds, bindings, or scope evidence is absent	inspect the exact producer Result and replace generic evidence for builtin.verify.verify_builtin_rules.in_fact_builtin.structured_membership.verify_in_fact_literal_tuple_projection_in_set.01
P2_result_evidence_gap	builtin_uncatalogued	builtin.verify.verify_builtin_rules.in_fact_builtin.structured_membership.verify_in_fact_literal_tuple_projection_in_set.02		evidence_gap	Codex	required: smallest .lit source whose Result selects stable ID builtin.verify.verify_builtin_rules.in_fact_builtin.structured_membership.verify_in_fact_literal_tuple_projection_in_set.02	reject builtin.verify.verify_builtin_rules.in_fact_builtin.structured_membership.verify_in_fact_literal_tuple_projection_in_set.02 when target, ordered children, FactIds, bindings, or scope evidence is absent	inspect the exact producer Result and replace generic evidence for builtin.verify.verify_builtin_rules.in_fact_builtin.structured_membership.verify_in_fact_literal_tuple_projection_in_set.02
P2_result_evidence_gap	builtin_uncatalogued	builtin.verify.verify_builtin_rules.in_fact_builtin.structured_membership.verify_in_fact_set_builder_in_power_set_via_param_subset.01		evidence_gap	Codex	required: smallest .lit source whose Result selects stable ID builtin.verify.verify_builtin_rules.in_fact_builtin.structured_membership.verify_in_fact_set_builder_in_power_set_via_param_subset.01	reject builtin.verify.verify_builtin_rules.in_fact_builtin.structured_membership.verify_in_fact_set_builder_in_power_set_via_param_subset.01 when target, ordered children, FactIds, bindings, or scope evidence is absent	inspect the exact producer Result and replace generic evidence for builtin.verify.verify_builtin_rules.in_fact_builtin.structured_membership.verify_in_fact_set_builder_in_power_set_via_param_subset.01
P2_result_evidence_gap	builtin_uncatalogued	builtin.verify.verify_builtin_rules.in_fact_builtin.structured_membership.verify_in_fact_struct_field_in_definition_carrier		evidence_gap	Codex	required: smallest .lit source whose Result selects stable ID builtin.verify.verify_builtin_rules.in_fact_builtin.structured_membership.verify_in_fact_struct_field_in_definition_carrier	reject builtin.verify.verify_builtin_rules.in_fact_builtin.structured_membership.verify_in_fact_struct_field_in_definition_carrier when target, ordered children, FactIds, bindings, or scope evidence is absent	inspect the exact producer Result and replace generic evidence for builtin.verify.verify_builtin_rules.in_fact_builtin.structured_membership.verify_in_fact_struct_field_in_definition_carrier
P2_result_evidence_gap	builtin_uncatalogued	builtin.verify.verify_builtin_rules.in_fact_builtin.structured_membership.verify_not_in_fact_by_not_equal_to_every_element_in_list_set		evidence_gap	Codex	required: smallest .lit source whose Result selects stable ID builtin.verify.verify_builtin_rules.in_fact_builtin.structured_membership.verify_not_in_fact_by_not_equal_to_every_element_in_list_set	reject builtin.verify.verify_builtin_rules.in_fact_builtin.structured_membership.verify_not_in_fact_by_not_equal_to_every_element_in_list_set when target, ordered children, FactIds, bindings, or scope evidence is absent	inspect the exact producer Result and replace generic evidence for builtin.verify.verify_builtin_rules.in_fact_builtin.structured_membership.verify_not_in_fact_by_not_equal_to_every_element_in_list_set
P2_result_evidence_gap	builtin_uncatalogued	builtin.verify.verify_builtin_rules.indexed_set_family.indexed_family_subset_success		evidence_gap	Codex	required: smallest .lit source whose Result selects stable ID builtin.verify.verify_builtin_rules.indexed_set_family.indexed_family_subset_success	reject builtin.verify.verify_builtin_rules.indexed_set_family.indexed_family_subset_success when target, ordered children, FactIds, bindings, or scope evidence is absent	inspect the exact producer Result and replace generic evidence for builtin.verify.verify_builtin_rules.indexed_set_family.indexed_family_subset_success
P2_result_evidence_gap	builtin_uncatalogued	builtin.verify.verify_builtin_rules.indexed_set_family.verify_index_set_nonempty_premise		evidence_gap	Codex	required: smallest .lit source whose Result selects stable ID builtin.verify.verify_builtin_rules.indexed_set_family.verify_index_set_nonempty_premise	reject builtin.verify.verify_builtin_rules.indexed_set_family.verify_index_set_nonempty_premise when target, ordered children, FactIds, bindings, or scope evidence is absent	inspect the exact producer Result and replace generic evidence for builtin.verify.verify_builtin_rules.indexed_set_family.verify_index_set_nonempty_premise
P2_result_evidence_gap	builtin_uncatalogued	builtin.verify.verify_builtin_rules.mapping_properties_builtin.try_verify_finite_codomain_from_known_surjection		evidence_gap	Codex	required: smallest .lit source whose Result selects stable ID builtin.verify.verify_builtin_rules.mapping_properties_builtin.try_verify_finite_codomain_from_known_surjection	reject builtin.verify.verify_builtin_rules.mapping_properties_builtin.try_verify_finite_codomain_from_known_surjection when target, ordered children, FactIds, bindings, or scope evidence is absent	inspect the exact producer Result and replace generic evidence for builtin.verify.verify_builtin_rules.mapping_properties_builtin.try_verify_finite_codomain_from_known_surjection
P2_result_evidence_gap	builtin_uncatalogued	builtin.verify.verify_builtin_rules.mapping_properties_builtin.try_verify_finite_set_size_codomain_le_domain_from_known_surjection		evidence_gap	Codex	required: smallest .lit source whose Result selects stable ID builtin.verify.verify_builtin_rules.mapping_properties_builtin.try_verify_finite_set_size_codomain_le_domain_from_known_surjection	reject builtin.verify.verify_builtin_rules.mapping_properties_builtin.try_verify_finite_set_size_codomain_le_domain_from_known_surjection when target, ordered children, FactIds, bindings, or scope evidence is absent	inspect the exact producer Result and replace generic evidence for builtin.verify.verify_builtin_rules.mapping_properties_builtin.try_verify_finite_set_size_codomain_le_domain_from_known_surjection
P2_result_evidence_gap	builtin_uncatalogued	builtin.verify.verify_builtin_rules.mapping_properties_builtin.try_verify_finite_set_size_fn_range_from_known_injection		evidence_gap	Codex	required: smallest .lit source whose Result selects stable ID builtin.verify.verify_builtin_rules.mapping_properties_builtin.try_verify_finite_set_size_fn_range_from_known_injection	reject builtin.verify.verify_builtin_rules.mapping_properties_builtin.try_verify_finite_set_size_fn_range_from_known_injection when target, ordered children, FactIds, bindings, or scope evidence is absent	inspect the exact producer Result and replace generic evidence for builtin.verify.verify_builtin_rules.mapping_properties_builtin.try_verify_finite_set_size_fn_range_from_known_injection
P2_result_evidence_gap	builtin_uncatalogued	builtin.verify.verify_builtin_rules.mapping_properties_builtin.try_verify_finite_set_size_from_known_bijection		evidence_gap	Codex	required: smallest .lit source whose Result selects stable ID builtin.verify.verify_builtin_rules.mapping_properties_builtin.try_verify_finite_set_size_from_known_bijection	reject builtin.verify.verify_builtin_rules.mapping_properties_builtin.try_verify_finite_set_size_from_known_bijection when target, ordered children, FactIds, bindings, or scope evidence is absent	inspect the exact producer Result and replace generic evidence for builtin.verify.verify_builtin_rules.mapping_properties_builtin.try_verify_finite_set_size_from_known_bijection
P2_result_evidence_gap	builtin_uncatalogued	builtin.verify.verify_builtin_rules.mapping_properties_builtin.verify_known_or_structurally_finite_set		evidence_gap	Codex	required: smallest .lit source whose Result selects stable ID builtin.verify.verify_builtin_rules.mapping_properties_builtin.verify_known_or_structurally_finite_set	reject builtin.verify.verify_builtin_rules.mapping_properties_builtin.verify_known_or_structurally_finite_set when target, ordered children, FactIds, bindings, or scope evidence is absent	inspect the exact producer Result and replace generic evidence for builtin.verify.verify_builtin_rules.mapping_properties_builtin.verify_known_or_structurally_finite_set
P2_result_evidence_gap	builtin_uncatalogued	builtin.verify.verify_builtin_rules.native_exp_sign_factorial.native_equal_success		evidence_gap	Codex	required: smallest .lit source whose Result selects stable ID builtin.verify.verify_builtin_rules.native_exp_sign_factorial.native_equal_success	reject builtin.verify.verify_builtin_rules.native_exp_sign_factorial.native_equal_success when target, ordered children, FactIds, bindings, or scope evidence is absent	inspect the exact producer Result and replace generic evidence for builtin.verify.verify_builtin_rules.native_exp_sign_factorial.native_equal_success
P2_result_evidence_gap	builtin_uncatalogued	builtin.verify.verify_builtin_rules.native_exp_sign_factorial.try_verify_native_exp_ln_monotonicity.01		evidence_gap	Codex	required: smallest .lit source whose Result selects stable ID builtin.verify.verify_builtin_rules.native_exp_sign_factorial.try_verify_native_exp_ln_monotonicity.01	reject builtin.verify.verify_builtin_rules.native_exp_sign_factorial.try_verify_native_exp_ln_monotonicity.01 when target, ordered children, FactIds, bindings, or scope evidence is absent	inspect the exact producer Result and replace generic evidence for builtin.verify.verify_builtin_rules.native_exp_sign_factorial.try_verify_native_exp_ln_monotonicity.01
P2_result_evidence_gap	builtin_uncatalogued	builtin.verify.verify_builtin_rules.native_exp_sign_factorial.try_verify_native_exp_ln_monotonicity.02		evidence_gap	Codex	required: smallest .lit source whose Result selects stable ID builtin.verify.verify_builtin_rules.native_exp_sign_factorial.try_verify_native_exp_ln_monotonicity.02	reject builtin.verify.verify_builtin_rules.native_exp_sign_factorial.try_verify_native_exp_ln_monotonicity.02 when target, ordered children, FactIds, bindings, or scope evidence is absent	inspect the exact producer Result and replace generic evidence for builtin.verify.verify_builtin_rules.native_exp_sign_factorial.try_verify_native_exp_ln_monotonicity.02
P2_result_evidence_gap	builtin_uncatalogued	builtin.verify.verify_builtin_rules.native_exp_sign_factorial.try_verify_native_exp_ln_monotonicity.03		evidence_gap	Codex	required: smallest .lit source whose Result selects stable ID builtin.verify.verify_builtin_rules.native_exp_sign_factorial.try_verify_native_exp_ln_monotonicity.03	reject builtin.verify.verify_builtin_rules.native_exp_sign_factorial.try_verify_native_exp_ln_monotonicity.03 when target, ordered children, FactIds, bindings, or scope evidence is absent	inspect the exact producer Result and replace generic evidence for builtin.verify.verify_builtin_rules.native_exp_sign_factorial.try_verify_native_exp_ln_monotonicity.03
P2_result_evidence_gap	builtin_uncatalogued	builtin.verify.verify_builtin_rules.native_exp_sign_factorial.try_verify_native_exp_sign_factorial_order		evidence_gap	Codex	required: smallest .lit source whose Result selects stable ID builtin.verify.verify_builtin_rules.native_exp_sign_factorial.try_verify_native_exp_sign_factorial_order	reject builtin.verify.verify_builtin_rules.native_exp_sign_factorial.try_verify_native_exp_sign_factorial_order when target, ordered children, FactIds, bindings, or scope evidence is absent	inspect the exact producer Result and replace generic evidence for builtin.verify.verify_builtin_rules.native_exp_sign_factorial.try_verify_native_exp_sign_factorial_order
P2_result_evidence_gap	builtin_uncatalogued	builtin.verify.verify_builtin_rules.native_exp_sign_factorial.try_verify_native_factorial_monotonicity		evidence_gap	Codex	required: smallest .lit source whose Result selects stable ID builtin.verify.verify_builtin_rules.native_exp_sign_factorial.try_verify_native_factorial_monotonicity	reject builtin.verify.verify_builtin_rules.native_exp_sign_factorial.try_verify_native_factorial_monotonicity when target, ordered children, FactIds, bindings, or scope evidence is absent	inspect the exact producer Result and replace generic evidence for builtin.verify.verify_builtin_rules.native_exp_sign_factorial.try_verify_native_factorial_monotonicity
P2_result_evidence_gap	builtin_uncatalogued	builtin.verify.verify_builtin_rules.native_exp_sign_factorial.try_verify_native_sign_monotonicity		evidence_gap	Codex	required: smallest .lit source whose Result selects stable ID builtin.verify.verify_builtin_rules.native_exp_sign_factorial.try_verify_native_sign_monotonicity	reject builtin.verify.verify_builtin_rules.native_exp_sign_factorial.try_verify_native_sign_monotonicity when target, ordered children, FactIds, bindings, or scope evidence is absent	inspect the exact producer Result and replace generic evidence for builtin.verify.verify_builtin_rules.native_exp_sign_factorial.try_verify_native_sign_monotonicity
P2_result_evidence_gap	builtin_uncatalogued	builtin.verify.verify_builtin_rules.native_exp_sign_factorial.try_verify_native_sign_nonzero_characterization		evidence_gap	Codex	required: smallest .lit source whose Result selects stable ID builtin.verify.verify_builtin_rules.native_exp_sign_factorial.try_verify_native_sign_nonzero_characterization	reject builtin.verify.verify_builtin_rules.native_exp_sign_factorial.try_verify_native_sign_nonzero_characterization when target, ordered children, FactIds, bindings, or scope evidence is absent	inspect the exact producer Result and replace generic evidence for builtin.verify.verify_builtin_rules.native_exp_sign_factorial.try_verify_native_sign_nonzero_characterization
P2_result_evidence_gap	builtin_uncatalogued	builtin.verify.verify_builtin_rules.native_integer_extrema.try_verify_native_lcm_basic_equality		evidence_gap	Codex	required: smallest .lit source whose Result selects stable ID builtin.verify.verify_builtin_rules.native_integer_extrema.try_verify_native_lcm_basic_equality	reject builtin.verify.verify_builtin_rules.native_integer_extrema.try_verify_native_lcm_basic_equality when target, ordered children, FactIds, bindings, or scope evidence is absent	inspect the exact producer Result and replace generic evidence for builtin.verify.verify_builtin_rules.native_integer_extrema.try_verify_native_lcm_basic_equality
P2_result_evidence_gap	builtin_uncatalogued	builtin.verify.verify_builtin_rules.native_integer_extrema.try_verify_native_lcm_gcd_product_equality		evidence_gap	Codex	required: smallest .lit source whose Result selects stable ID builtin.verify.verify_builtin_rules.native_integer_extrema.try_verify_native_lcm_gcd_product_equality	reject builtin.verify.verify_builtin_rules.native_integer_extrema.try_verify_native_lcm_gcd_product_equality when target, ordered children, FactIds, bindings, or scope evidence is absent	inspect the exact producer Result and replace generic evidence for builtin.verify.verify_builtin_rules.native_integer_extrema.try_verify_native_lcm_gcd_product_equality
P2_result_evidence_gap	builtin_uncatalogued	builtin.verify.verify_builtin_rules.native_integer_extrema.try_verify_native_lcm_le_common_positive_multiple		evidence_gap	Codex	required: smallest .lit source whose Result selects stable ID builtin.verify.verify_builtin_rules.native_integer_extrema.try_verify_native_lcm_le_common_positive_multiple	reject builtin.verify.verify_builtin_rules.native_integer_extrema.try_verify_native_lcm_le_common_positive_multiple when target, ordered children, FactIds, bindings, or scope evidence is absent	inspect the exact producer Result and replace generic evidence for builtin.verify.verify_builtin_rules.native_integer_extrema.try_verify_native_lcm_le_common_positive_multiple
P2_result_evidence_gap	builtin_uncatalogued	builtin.verify.verify_builtin_rules.native_integer_extrema.try_verify_native_rounding_algebra_equality.01		evidence_gap	Codex	required: smallest .lit source whose Result selects stable ID builtin.verify.verify_builtin_rules.native_integer_extrema.try_verify_native_rounding_algebra_equality.01	reject builtin.verify.verify_builtin_rules.native_integer_extrema.try_verify_native_rounding_algebra_equality.01 when target, ordered children, FactIds, bindings, or scope evidence is absent	inspect the exact producer Result and replace generic evidence for builtin.verify.verify_builtin_rules.native_integer_extrema.try_verify_native_rounding_algebra_equality.01
P2_result_evidence_gap	builtin_uncatalogued	builtin.verify.verify_builtin_rules.native_integer_extrema.try_verify_native_rounding_algebra_equality.02		evidence_gap	Codex	required: smallest .lit source whose Result selects stable ID builtin.verify.verify_builtin_rules.native_integer_extrema.try_verify_native_rounding_algebra_equality.02	reject builtin.verify.verify_builtin_rules.native_integer_extrema.try_verify_native_rounding_algebra_equality.02 when target, ordered children, FactIds, bindings, or scope evidence is absent	inspect the exact producer Result and replace generic evidence for builtin.verify.verify_builtin_rules.native_integer_extrema.try_verify_native_rounding_algebra_equality.02
P2_result_evidence_gap	builtin_uncatalogued	builtin.verify.verify_builtin_rules.native_integer_extrema.try_verify_native_rounding_extrema_monotonicity		evidence_gap	Codex	required: smallest .lit source whose Result selects stable ID builtin.verify.verify_builtin_rules.native_integer_extrema.try_verify_native_rounding_extrema_monotonicity	reject builtin.verify.verify_builtin_rules.native_integer_extrema.try_verify_native_rounding_extrema_monotonicity when target, ordered children, FactIds, bindings, or scope evidence is absent	inspect the exact producer Result and replace generic evidence for builtin.verify.verify_builtin_rules.native_integer_extrema.try_verify_native_rounding_extrema_monotonicity
P2_result_evidence_gap	builtin_uncatalogued	builtin.verify.verify_builtin_rules.native_integer_extrema.try_verify_native_rounding_extrema_order		evidence_gap	Codex	required: smallest .lit source whose Result selects stable ID builtin.verify.verify_builtin_rules.native_integer_extrema.try_verify_native_rounding_extrema_order	reject builtin.verify.verify_builtin_rules.native_integer_extrema.try_verify_native_rounding_extrema_order when target, ordered children, FactIds, bindings, or scope evidence is absent	inspect the exact producer Result and replace generic evidence for builtin.verify.verify_builtin_rules.native_integer_extrema.try_verify_native_rounding_extrema_order
P2_result_evidence_gap	builtin_uncatalogued	builtin.verify.verify_builtin_rules.native_integer_extrema.try_verify_native_rounding_integer_equality		evidence_gap	Codex	required: smallest .lit source whose Result selects stable ID builtin.verify.verify_builtin_rules.native_integer_extrema.try_verify_native_rounding_integer_equality	reject builtin.verify.verify_builtin_rules.native_integer_extrema.try_verify_native_rounding_integer_equality when target, ordered children, FactIds, bindings, or scope evidence is absent	inspect the exact producer Result and replace generic evidence for builtin.verify.verify_builtin_rules.native_integer_extrema.try_verify_native_rounding_integer_equality
P2_result_evidence_gap	builtin_uncatalogued	builtin.verify.verify_builtin_rules.not_equal_builtin._verify_not_equal_fact_with_builtin_rules		evidence_gap	Codex	required: smallest .lit source whose Result selects stable ID builtin.verify.verify_builtin_rules.not_equal_builtin._verify_not_equal_fact_with_builtin_rules	reject builtin.verify.verify_builtin_rules.not_equal_builtin._verify_not_equal_fact_with_builtin_rules when target, ordered children, FactIds, bindings, or scope evidence is absent	inspect the exact producer Result and replace generic evidence for builtin.verify.verify_builtin_rules.not_equal_builtin._verify_not_equal_fact_with_builtin_rules
P2_result_evidence_gap	builtin_uncatalogued	builtin.verify.verify_builtin_rules.not_equal_builtin.try_verify_abs_not_equal_zero_from_arg_nonzero		evidence_gap	Codex	required: smallest .lit source whose Result selects stable ID builtin.verify.verify_builtin_rules.not_equal_builtin.try_verify_abs_not_equal_zero_from_arg_nonzero	reject builtin.verify.verify_builtin_rules.not_equal_builtin.try_verify_abs_not_equal_zero_from_arg_nonzero when target, ordered children, FactIds, bindings, or scope evidence is absent	inspect the exact producer Result and replace generic evidence for builtin.verify.verify_builtin_rules.not_equal_builtin.try_verify_abs_not_equal_zero_from_arg_nonzero
P2_result_evidence_gap	builtin_uncatalogued	builtin.verify.verify_builtin_rules.not_equal_builtin.try_verify_add_not_equal_zero_from_operand_not_equal_negation.01		evidence_gap	Codex	required: smallest .lit source whose Result selects stable ID builtin.verify.verify_builtin_rules.not_equal_builtin.try_verify_add_not_equal_zero_from_operand_not_equal_negation.01	reject builtin.verify.verify_builtin_rules.not_equal_builtin.try_verify_add_not_equal_zero_from_operand_not_equal_negation.01 when target, ordered children, FactIds, bindings, or scope evidence is absent	inspect the exact producer Result and replace generic evidence for builtin.verify.verify_builtin_rules.not_equal_builtin.try_verify_add_not_equal_zero_from_operand_not_equal_negation.01
P2_result_evidence_gap	builtin_uncatalogued	builtin.verify.verify_builtin_rules.not_equal_builtin.try_verify_add_not_equal_zero_from_operand_not_equal_negation.02		evidence_gap	Codex	required: smallest .lit source whose Result selects stable ID builtin.verify.verify_builtin_rules.not_equal_builtin.try_verify_add_not_equal_zero_from_operand_not_equal_negation.02	reject builtin.verify.verify_builtin_rules.not_equal_builtin.try_verify_add_not_equal_zero_from_operand_not_equal_negation.02 when target, ordered children, FactIds, bindings, or scope evidence is absent	inspect the exact producer Result and replace generic evidence for builtin.verify.verify_builtin_rules.not_equal_builtin.try_verify_add_not_equal_zero_from_operand_not_equal_negation.02
P2_result_evidence_gap	builtin_uncatalogued	builtin.verify.verify_builtin_rules.not_equal_builtin.try_verify_div_not_equal_zero_from_numerator_nonzero		evidence_gap	Codex	required: smallest .lit source whose Result selects stable ID builtin.verify.verify_builtin_rules.not_equal_builtin.try_verify_div_not_equal_zero_from_numerator_nonzero	reject builtin.verify.verify_builtin_rules.not_equal_builtin.try_verify_div_not_equal_zero_from_numerator_nonzero when target, ordered children, FactIds, bindings, or scope evidence is absent	inspect the exact producer Result and replace generic evidence for builtin.verify.verify_builtin_rules.not_equal_builtin.try_verify_div_not_equal_zero_from_numerator_nonzero
P2_result_evidence_gap	builtin_uncatalogued	builtin.verify.verify_builtin_rules.not_equal_builtin.try_verify_intrinsically_positive_native_value_nonzero		evidence_gap	Codex	required: smallest .lit source whose Result selects stable ID builtin.verify.verify_builtin_rules.not_equal_builtin.try_verify_intrinsically_positive_native_value_nonzero	reject builtin.verify.verify_builtin_rules.not_equal_builtin.try_verify_intrinsically_positive_native_value_nonzero when target, ordered children, FactIds, bindings, or scope evidence is absent	inspect the exact producer Result and replace generic evidence for builtin.verify.verify_builtin_rules.not_equal_builtin.try_verify_intrinsically_positive_native_value_nonzero
P2_result_evidence_gap	builtin_uncatalogued	builtin.verify.verify_builtin_rules.not_equal_builtin.try_verify_native_real_constant_nonzero		evidence_gap	Codex	required: smallest .lit source whose Result selects stable ID builtin.verify.verify_builtin_rules.not_equal_builtin.try_verify_native_real_constant_nonzero	reject builtin.verify.verify_builtin_rules.not_equal_builtin.try_verify_native_real_constant_nonzero when target, ordered children, FactIds, bindings, or scope evidence is absent	inspect the exact producer Result and replace generic evidence for builtin.verify.verify_builtin_rules.not_equal_builtin.try_verify_native_real_constant_nonzero
P2_result_evidence_gap	builtin_uncatalogued	builtin.verify.verify_builtin_rules.not_equal_builtin.try_verify_not_equal_empty_set_from_nonempty		evidence_gap	Codex	required: smallest .lit source whose Result selects stable ID builtin.verify.verify_builtin_rules.not_equal_builtin.try_verify_not_equal_empty_set_from_nonempty	reject builtin.verify.verify_builtin_rules.not_equal_builtin.try_verify_not_equal_empty_set_from_nonempty when target, ordered children, FactIds, bindings, or scope evidence is absent	inspect the exact producer Result and replace generic evidence for builtin.verify.verify_builtin_rules.not_equal_builtin.try_verify_not_equal_empty_set_from_nonempty
P2_result_evidence_gap	builtin_uncatalogued	builtin.verify.verify_builtin_rules.not_equal_builtin.try_verify_not_equal_fact_when_zero_and_binary_arithmetic_reduces_by_operand_facts		evidence_gap	Codex	required: smallest .lit source whose Result selects stable ID builtin.verify.verify_builtin_rules.not_equal_builtin.try_verify_not_equal_fact_when_zero_and_binary_arithmetic_reduces_by_operand_facts	reject builtin.verify.verify_builtin_rules.not_equal_builtin.try_verify_not_equal_fact_when_zero_and_binary_arithmetic_reduces_by_operand_facts when target, ordered children, FactIds, bindings, or scope evidence is absent	inspect the exact producer Result and replace generic evidence for builtin.verify.verify_builtin_rules.not_equal_builtin.try_verify_not_equal_fact_when_zero_and_binary_arithmetic_reduces_by_operand_facts
P2_result_evidence_gap	builtin_uncatalogued	builtin.verify.verify_builtin_rules.not_equal_builtin.try_verify_not_equal_from_known_positive_lower_bound		evidence_gap	Codex	required: smallest .lit source whose Result selects stable ID builtin.verify.verify_builtin_rules.not_equal_builtin.try_verify_not_equal_from_known_positive_lower_bound	reject builtin.verify.verify_builtin_rules.not_equal_builtin.try_verify_not_equal_from_known_positive_lower_bound when target, ordered children, FactIds, bindings, or scope evidence is absent	inspect the exact producer Result and replace generic evidence for builtin.verify.verify_builtin_rules.not_equal_builtin.try_verify_not_equal_from_known_positive_lower_bound
P2_result_evidence_gap	builtin_uncatalogued	builtin.verify.verify_builtin_rules.not_equal_builtin.try_verify_not_equal_from_known_strict_order		evidence_gap	Codex	required: smallest .lit source whose Result selects stable ID builtin.verify.verify_builtin_rules.not_equal_builtin.try_verify_not_equal_from_known_strict_order	reject builtin.verify.verify_builtin_rules.not_equal_builtin.try_verify_not_equal_from_known_strict_order when target, ordered children, FactIds, bindings, or scope evidence is absent	inspect the exact producer Result and replace generic evidence for builtin.verify.verify_builtin_rules.not_equal_builtin.try_verify_not_equal_from_known_strict_order
P2_result_evidence_gap	builtin_uncatalogued	builtin.verify.verify_builtin_rules.not_equal_builtin.try_verify_not_equal_from_membership_contradiction		evidence_gap	Codex	required: smallest .lit source whose Result selects stable ID builtin.verify.verify_builtin_rules.not_equal_builtin.try_verify_not_equal_from_membership_contradiction	reject builtin.verify.verify_builtin_rules.not_equal_builtin.try_verify_not_equal_from_membership_contradiction when target, ordered children, FactIds, bindings, or scope evidence is absent	inspect the exact producer Result and replace generic evidence for builtin.verify.verify_builtin_rules.not_equal_builtin.try_verify_not_equal_from_membership_contradiction
P2_result_evidence_gap	builtin_uncatalogued	builtin.verify.verify_builtin_rules.not_equal_builtin.try_verify_not_equal_pow_from_base_nonzero.01		evidence_gap	Codex	required: smallest .lit source whose Result selects stable ID builtin.verify.verify_builtin_rules.not_equal_builtin.try_verify_not_equal_pow_from_base_nonzero.01	reject builtin.verify.verify_builtin_rules.not_equal_builtin.try_verify_not_equal_pow_from_base_nonzero.01 when target, ordered children, FactIds, bindings, or scope evidence is absent	inspect the exact producer Result and replace generic evidence for builtin.verify.verify_builtin_rules.not_equal_builtin.try_verify_not_equal_pow_from_base_nonzero.01
P2_result_evidence_gap	builtin_uncatalogued	builtin.verify.verify_builtin_rules.not_equal_builtin.try_verify_not_equal_pow_from_base_nonzero.02		evidence_gap	Codex	required: smallest .lit source whose Result selects stable ID builtin.verify.verify_builtin_rules.not_equal_builtin.try_verify_not_equal_pow_from_base_nonzero.02	reject builtin.verify.verify_builtin_rules.not_equal_builtin.try_verify_not_equal_pow_from_base_nonzero.02 when target, ordered children, FactIds, bindings, or scope evidence is absent	inspect the exact producer Result and replace generic evidence for builtin.verify.verify_builtin_rules.not_equal_builtin.try_verify_not_equal_pow_from_base_nonzero.02
P2_result_evidence_gap	builtin_uncatalogued	builtin.verify.verify_builtin_rules.not_equal_builtin.try_verify_not_equal_zero_from_n_and_one_le		evidence_gap	Codex	required: smallest .lit source whose Result selects stable ID builtin.verify.verify_builtin_rules.not_equal_builtin.try_verify_not_equal_zero_from_n_and_one_le	reject builtin.verify.verify_builtin_rules.not_equal_builtin.try_verify_not_equal_zero_from_n_and_one_le when target, ordered children, FactIds, bindings, or scope evidence is absent	inspect the exact producer Result and replace generic evidence for builtin.verify.verify_builtin_rules.not_equal_builtin.try_verify_not_equal_zero_from_n_and_one_le
P2_result_evidence_gap	builtin_uncatalogued	builtin.verify.verify_builtin_rules.not_equal_builtin.try_verify_operand_not_equal_from_sub_not_equal_zero.01		evidence_gap	Codex	required: smallest .lit source whose Result selects stable ID builtin.verify.verify_builtin_rules.not_equal_builtin.try_verify_operand_not_equal_from_sub_not_equal_zero.01	reject builtin.verify.verify_builtin_rules.not_equal_builtin.try_verify_operand_not_equal_from_sub_not_equal_zero.01 when target, ordered children, FactIds, bindings, or scope evidence is absent	inspect the exact producer Result and replace generic evidence for builtin.verify.verify_builtin_rules.not_equal_builtin.try_verify_operand_not_equal_from_sub_not_equal_zero.01
P2_result_evidence_gap	builtin_uncatalogued	builtin.verify.verify_builtin_rules.not_equal_builtin.try_verify_operand_not_equal_from_sub_not_equal_zero.02		evidence_gap	Codex	required: smallest .lit source whose Result selects stable ID builtin.verify.verify_builtin_rules.not_equal_builtin.try_verify_operand_not_equal_from_sub_not_equal_zero.02	reject builtin.verify.verify_builtin_rules.not_equal_builtin.try_verify_operand_not_equal_from_sub_not_equal_zero.02 when target, ordered children, FactIds, bindings, or scope evidence is absent	inspect the exact producer Result and replace generic evidence for builtin.verify.verify_builtin_rules.not_equal_builtin.try_verify_operand_not_equal_from_sub_not_equal_zero.02
P2_result_evidence_gap	builtin_uncatalogued	builtin.verify.verify_builtin_rules.not_equal_builtin.try_verify_operand_not_equal_negation_from_add_not_equal_zero.01		evidence_gap	Codex	required: smallest .lit source whose Result selects stable ID builtin.verify.verify_builtin_rules.not_equal_builtin.try_verify_operand_not_equal_negation_from_add_not_equal_zero.01	reject builtin.verify.verify_builtin_rules.not_equal_builtin.try_verify_operand_not_equal_negation_from_add_not_equal_zero.01 when target, ordered children, FactIds, bindings, or scope evidence is absent	inspect the exact producer Result and replace generic evidence for builtin.verify.verify_builtin_rules.not_equal_builtin.try_verify_operand_not_equal_negation_from_add_not_equal_zero.01
P2_result_evidence_gap	builtin_uncatalogued	builtin.verify.verify_builtin_rules.not_equal_builtin.try_verify_operand_not_equal_negation_from_add_not_equal_zero.02		evidence_gap	Codex	required: smallest .lit source whose Result selects stable ID builtin.verify.verify_builtin_rules.not_equal_builtin.try_verify_operand_not_equal_negation_from_add_not_equal_zero.02	reject builtin.verify.verify_builtin_rules.not_equal_builtin.try_verify_operand_not_equal_negation_from_add_not_equal_zero.02 when target, ordered children, FactIds, bindings, or scope evidence is absent	inspect the exact producer Result and replace generic evidence for builtin.verify.verify_builtin_rules.not_equal_builtin.try_verify_operand_not_equal_negation_from_add_not_equal_zero.02
P2_result_evidence_gap	builtin_uncatalogued	builtin.verify.verify_builtin_rules.not_equal_builtin.try_verify_product_nonzero_component_from_known_product		evidence_gap	Codex	required: smallest .lit source whose Result selects stable ID builtin.verify.verify_builtin_rules.not_equal_builtin.try_verify_product_nonzero_component_from_known_product	reject builtin.verify.verify_builtin_rules.not_equal_builtin.try_verify_product_nonzero_component_from_known_product when target, ordered children, FactIds, bindings, or scope evidence is absent	inspect the exact producer Result and replace generic evidence for builtin.verify.verify_builtin_rules.not_equal_builtin.try_verify_product_nonzero_component_from_known_product
P2_result_evidence_gap	builtin_uncatalogued	builtin.verify.verify_builtin_rules.not_equal_builtin.try_verify_sqrt_not_equal_zero_from_positive_arg		evidence_gap	Codex	required: smallest .lit source whose Result selects stable ID builtin.verify.verify_builtin_rules.not_equal_builtin.try_verify_sqrt_not_equal_zero_from_positive_arg	reject builtin.verify.verify_builtin_rules.not_equal_builtin.try_verify_sqrt_not_equal_zero_from_positive_arg when target, ordered children, FactIds, bindings, or scope evidence is absent	inspect the exact producer Result and replace generic evidence for builtin.verify.verify_builtin_rules.not_equal_builtin.try_verify_sqrt_not_equal_zero_from_positive_arg
P2_result_evidence_gap	builtin_uncatalogued	builtin.verify.verify_builtin_rules.not_equal_builtin.try_verify_square_sum_not_equal_zero_from_nonzero_component		evidence_gap	Codex	required: smallest .lit source whose Result selects stable ID builtin.verify.verify_builtin_rules.not_equal_builtin.try_verify_square_sum_not_equal_zero_from_nonzero_component	reject builtin.verify.verify_builtin_rules.not_equal_builtin.try_verify_square_sum_not_equal_zero_from_nonzero_component when target, ordered children, FactIds, bindings, or scope evidence is absent	inspect the exact producer Result and replace generic evidence for builtin.verify.verify_builtin_rules.not_equal_builtin.try_verify_square_sum_not_equal_zero_from_nonzero_component
P2_result_evidence_gap	builtin_uncatalogued	builtin.verify.verify_builtin_rules.not_equal_builtin.try_verify_sub_not_equal_zero_from_operand_not_equal.01		evidence_gap	Codex	required: smallest .lit source whose Result selects stable ID builtin.verify.verify_builtin_rules.not_equal_builtin.try_verify_sub_not_equal_zero_from_operand_not_equal.01	reject builtin.verify.verify_builtin_rules.not_equal_builtin.try_verify_sub_not_equal_zero_from_operand_not_equal.01 when target, ordered children, FactIds, bindings, or scope evidence is absent	inspect the exact producer Result and replace generic evidence for builtin.verify.verify_builtin_rules.not_equal_builtin.try_verify_sub_not_equal_zero_from_operand_not_equal.01
P2_result_evidence_gap	builtin_uncatalogued	builtin.verify.verify_builtin_rules.not_equal_builtin.try_verify_sub_not_equal_zero_from_operand_not_equal.02		evidence_gap	Codex	required: smallest .lit source whose Result selects stable ID builtin.verify.verify_builtin_rules.not_equal_builtin.try_verify_sub_not_equal_zero_from_operand_not_equal.02	reject builtin.verify.verify_builtin_rules.not_equal_builtin.try_verify_sub_not_equal_zero_from_operand_not_equal.02 when target, ordered children, FactIds, bindings, or scope evidence is absent	inspect the exact producer Result and replace generic evidence for builtin.verify.verify_builtin_rules.not_equal_builtin.try_verify_sub_not_equal_zero_from_operand_not_equal.02
P2_result_evidence_gap	builtin_uncatalogued	builtin.verify.verify_builtin_rules.number_compare.try_verify_finite_nonempty_set_size_at_least_one		evidence_gap	Codex	required: smallest .lit source whose Result selects stable ID builtin.verify.verify_builtin_rules.number_compare.try_verify_finite_nonempty_set_size_at_least_one	reject builtin.verify.verify_builtin_rules.number_compare.try_verify_finite_nonempty_set_size_at_least_one when target, ordered children, FactIds, bindings, or scope evidence is absent	inspect the exact producer Result and replace generic evidence for builtin.verify.verify_builtin_rules.number_compare.try_verify_finite_nonempty_set_size_at_least_one
P2_result_evidence_gap	builtin_uncatalogued	builtin.verify.verify_builtin_rules.number_compare.try_verify_finite_set_size_nonnegative		evidence_gap	Codex	required: smallest .lit source whose Result selects stable ID builtin.verify.verify_builtin_rules.number_compare.try_verify_finite_set_size_nonnegative	reject builtin.verify.verify_builtin_rules.number_compare.try_verify_finite_set_size_nonnegative when target, ordered children, FactIds, bindings, or scope evidence is absent	inspect the exact producer Result and replace generic evidence for builtin.verify.verify_builtin_rules.number_compare.try_verify_finite_set_size_nonnegative
P2_result_evidence_gap	builtin_uncatalogued	builtin.verify.verify_builtin_rules.number_compare.try_verify_finite_set_size_subset_le.01		evidence_gap	Codex	required: smallest .lit source whose Result selects stable ID builtin.verify.verify_builtin_rules.number_compare.try_verify_finite_set_size_subset_le.01	reject builtin.verify.verify_builtin_rules.number_compare.try_verify_finite_set_size_subset_le.01 when target, ordered children, FactIds, bindings, or scope evidence is absent	inspect the exact producer Result and replace generic evidence for builtin.verify.verify_builtin_rules.number_compare.try_verify_finite_set_size_subset_le.01
P2_result_evidence_gap	builtin_uncatalogued	builtin.verify.verify_builtin_rules.number_compare.try_verify_finite_set_size_subset_le.02		evidence_gap	Codex	required: smallest .lit source whose Result selects stable ID builtin.verify.verify_builtin_rules.number_compare.try_verify_finite_set_size_subset_le.02	reject builtin.verify.verify_builtin_rules.number_compare.try_verify_finite_set_size_subset_le.02 when target, ordered children, FactIds, bindings, or scope evidence is absent	inspect the exact producer Result and replace generic evidence for builtin.verify.verify_builtin_rules.number_compare.try_verify_finite_set_size_subset_le.02
P2_result_evidence_gap	builtin_uncatalogued	builtin.verify.verify_builtin_rules.number_compare.try_verify_finite_set_size_union_le_sum		evidence_gap	Codex	required: smallest .lit source whose Result selects stable ID builtin.verify.verify_builtin_rules.number_compare.try_verify_finite_set_size_union_le_sum	reject builtin.verify.verify_builtin_rules.number_compare.try_verify_finite_set_size_union_le_sum when target, ordered children, FactIds, bindings, or scope evidence is absent	inspect the exact producer Result and replace generic evidence for builtin.verify.verify_builtin_rules.number_compare.try_verify_finite_set_size_union_le_sum
P2_result_evidence_gap	builtin_uncatalogued	builtin.verify.verify_builtin_rules.number_compare.try_verify_mod_remainder_bounds		evidence_gap	Codex	required: smallest .lit source whose Result selects stable ID builtin.verify.verify_builtin_rules.number_compare.try_verify_mod_remainder_bounds	reject builtin.verify.verify_builtin_rules.number_compare.try_verify_mod_remainder_bounds when target, ordered children, FactIds, bindings, or scope evidence is absent	inspect the exact producer Result and replace generic evidence for builtin.verify.verify_builtin_rules.number_compare.try_verify_mod_remainder_bounds
P2_result_evidence_gap	builtin_uncatalogued	builtin.verify.verify_builtin_rules.number_compare.try_verify_native_real_constant_positive		evidence_gap	Codex	required: smallest .lit source whose Result selects stable ID builtin.verify.verify_builtin_rules.number_compare.try_verify_native_real_constant_positive	reject builtin.verify.verify_builtin_rules.number_compare.try_verify_native_real_constant_positive when target, ordered children, FactIds, bindings, or scope evidence is absent	inspect the exact producer Result and replace generic evidence for builtin.verify.verify_builtin_rules.number_compare.try_verify_native_real_constant_positive
P2_result_evidence_gap	builtin_uncatalogued	builtin.verify.verify_builtin_rules.number_compare.try_verify_numeric_lower_bound_from_known_lower_bound.01		evidence_gap	Codex	required: smallest .lit source whose Result selects stable ID builtin.verify.verify_builtin_rules.number_compare.try_verify_numeric_lower_bound_from_known_lower_bound.01	reject builtin.verify.verify_builtin_rules.number_compare.try_verify_numeric_lower_bound_from_known_lower_bound.01 when target, ordered children, FactIds, bindings, or scope evidence is absent	inspect the exact producer Result and replace generic evidence for builtin.verify.verify_builtin_rules.number_compare.try_verify_numeric_lower_bound_from_known_lower_bound.01
P2_result_evidence_gap	builtin_uncatalogued	builtin.verify.verify_builtin_rules.number_compare.try_verify_numeric_lower_bound_from_known_lower_bound.02		evidence_gap	Codex	required: smallest .lit source whose Result selects stable ID builtin.verify.verify_builtin_rules.number_compare.try_verify_numeric_lower_bound_from_known_lower_bound.02	reject builtin.verify.verify_builtin_rules.number_compare.try_verify_numeric_lower_bound_from_known_lower_bound.02 when target, ordered children, FactIds, bindings, or scope evidence is absent	inspect the exact producer Result and replace generic evidence for builtin.verify.verify_builtin_rules.number_compare.try_verify_numeric_lower_bound_from_known_lower_bound.02
P2_result_evidence_gap	builtin_uncatalogued	builtin.verify.verify_builtin_rules.number_compare.try_verify_numeric_lower_bound_from_known_lower_bound.03		evidence_gap	Codex	required: smallest .lit source whose Result selects stable ID builtin.verify.verify_builtin_rules.number_compare.try_verify_numeric_lower_bound_from_known_lower_bound.03	reject builtin.verify.verify_builtin_rules.number_compare.try_verify_numeric_lower_bound_from_known_lower_bound.03 when target, ordered children, FactIds, bindings, or scope evidence is absent	inspect the exact producer Result and replace generic evidence for builtin.verify.verify_builtin_rules.number_compare.try_verify_numeric_lower_bound_from_known_lower_bound.03
P2_result_evidence_gap	builtin_uncatalogued	builtin.verify.verify_builtin_rules.number_compare.try_verify_numeric_upper_bound_from_known_upper_bound		evidence_gap	Codex	required: smallest .lit source whose Result selects stable ID builtin.verify.verify_builtin_rules.number_compare.try_verify_numeric_upper_bound_from_known_upper_bound	reject builtin.verify.verify_builtin_rules.number_compare.try_verify_numeric_upper_bound_from_known_upper_bound when target, ordered children, FactIds, bindings, or scope evidence is absent	inspect the exact producer Result and replace generic evidence for builtin.verify.verify_builtin_rules.number_compare.try_verify_numeric_upper_bound_from_known_upper_bound
P2_result_evidence_gap	builtin_uncatalogued	builtin.verify.verify_builtin_rules.number_compare.try_verify_order_nonnegative_from_membership_in_n		evidence_gap	Codex	required: smallest .lit source whose Result selects stable ID builtin.verify.verify_builtin_rules.number_compare.try_verify_order_nonnegative_from_membership_in_n	reject builtin.verify.verify_builtin_rules.number_compare.try_verify_order_nonnegative_from_membership_in_n when target, ordered children, FactIds, bindings, or scope evidence is absent	inspect the exact producer Result and replace generic evidence for builtin.verify.verify_builtin_rules.number_compare.try_verify_order_nonnegative_from_membership_in_n
P2_result_evidence_gap	builtin_uncatalogued	builtin.verify.verify_builtin_rules.number_compare.try_verify_order_one_le_from_membership_in_n_and_nonzero		evidence_gap	Codex	required: smallest .lit source whose Result selects stable ID builtin.verify.verify_builtin_rules.number_compare.try_verify_order_one_le_from_membership_in_n_and_nonzero	reject builtin.verify.verify_builtin_rules.number_compare.try_verify_order_one_le_from_membership_in_n_and_nonzero when target, ordered children, FactIds, bindings, or scope evidence is absent	inspect the exact producer Result and replace generic evidence for builtin.verify.verify_builtin_rules.number_compare.try_verify_order_one_le_from_membership_in_n_and_nonzero
P2_result_evidence_gap	builtin_uncatalogued	builtin.verify.verify_builtin_rules.number_compare.try_verify_order_one_le_from_membership_in_n_pos		evidence_gap	Codex	required: smallest .lit source whose Result selects stable ID builtin.verify.verify_builtin_rules.number_compare.try_verify_order_one_le_from_membership_in_n_pos	reject builtin.verify.verify_builtin_rules.number_compare.try_verify_order_one_le_from_membership_in_n_pos when target, ordered children, FactIds, bindings, or scope evidence is absent	inspect the exact producer Result and replace generic evidence for builtin.verify.verify_builtin_rules.number_compare.try_verify_order_one_le_from_membership_in_n_pos
P2_result_evidence_gap	builtin_uncatalogued	builtin.verify.verify_builtin_rules.number_compare.try_verify_order_one_le_from_membership_in_z_and_positive		evidence_gap	Codex	required: smallest .lit source whose Result selects stable ID builtin.verify.verify_builtin_rules.number_compare.try_verify_order_one_le_from_membership_in_z_and_positive	reject builtin.verify.verify_builtin_rules.number_compare.try_verify_order_one_le_from_membership_in_z_and_positive when target, ordered children, FactIds, bindings, or scope evidence is absent	inspect the exact producer Result and replace generic evidence for builtin.verify.verify_builtin_rules.number_compare.try_verify_order_one_le_from_membership_in_z_and_positive
P2_result_evidence_gap	builtin_uncatalogued	builtin.verify.verify_builtin_rules.number_compare.try_verify_sqrt_monotonicity		evidence_gap	Codex	required: smallest .lit source whose Result selects stable ID builtin.verify.verify_builtin_rules.number_compare.try_verify_sqrt_monotonicity	reject builtin.verify.verify_builtin_rules.number_compare.try_verify_sqrt_monotonicity when target, ordered children, FactIds, bindings, or scope evidence is absent	inspect the exact producer Result and replace generic evidence for builtin.verify.verify_builtin_rules.number_compare.try_verify_sqrt_monotonicity
P2_result_evidence_gap	builtin_uncatalogued	builtin.verify.verify_builtin_rules.number_compare.verify_log_order_builtin_rule.01		evidence_gap	Codex	required: smallest .lit source whose Result selects stable ID builtin.verify.verify_builtin_rules.number_compare.verify_log_order_builtin_rule.01	reject builtin.verify.verify_builtin_rules.number_compare.verify_log_order_builtin_rule.01 when target, ordered children, FactIds, bindings, or scope evidence is absent	inspect the exact producer Result and replace generic evidence for builtin.verify.verify_builtin_rules.number_compare.verify_log_order_builtin_rule.01
P2_result_evidence_gap	builtin_uncatalogued	builtin.verify.verify_builtin_rules.number_compare.verify_log_order_builtin_rule.02		evidence_gap	Codex	required: smallest .lit source whose Result selects stable ID builtin.verify.verify_builtin_rules.number_compare.verify_log_order_builtin_rule.02	reject builtin.verify.verify_builtin_rules.number_compare.verify_log_order_builtin_rule.02 when target, ordered children, FactIds, bindings, or scope evidence is absent	inspect the exact producer Result and replace generic evidence for builtin.verify.verify_builtin_rules.number_compare.verify_log_order_builtin_rule.02
P2_result_evidence_gap	builtin_uncatalogued	builtin.verify.verify_builtin_rules.number_compare.verify_log_order_builtin_rule.03		evidence_gap	Codex	required: smallest .lit source whose Result selects stable ID builtin.verify.verify_builtin_rules.number_compare.verify_log_order_builtin_rule.03	reject builtin.verify.verify_builtin_rules.number_compare.verify_log_order_builtin_rule.03 when target, ordered children, FactIds, bindings, or scope evidence is absent	inspect the exact producer Result and replace generic evidence for builtin.verify.verify_builtin_rules.number_compare.verify_log_order_builtin_rule.03
P2_result_evidence_gap	builtin_uncatalogued	builtin.verify.verify_builtin_rules.number_compare.verify_log_order_builtin_rule.04		evidence_gap	Codex	required: smallest .lit source whose Result selects stable ID builtin.verify.verify_builtin_rules.number_compare.verify_log_order_builtin_rule.04	reject builtin.verify.verify_builtin_rules.number_compare.verify_log_order_builtin_rule.04 when target, ordered children, FactIds, bindings, or scope evidence is absent	inspect the exact producer Result and replace generic evidence for builtin.verify.verify_builtin_rules.number_compare.verify_log_order_builtin_rule.04
P2_result_evidence_gap	builtin_uncatalogued	builtin.verify.verify_builtin_rules.number_compare.verify_negated_order_from_known_equivalent_order.01		evidence_gap	Codex	required: smallest .lit source whose Result selects stable ID builtin.verify.verify_builtin_rules.number_compare.verify_negated_order_from_known_equivalent_order.01	reject builtin.verify.verify_builtin_rules.number_compare.verify_negated_order_from_known_equivalent_order.01 when target, ordered children, FactIds, bindings, or scope evidence is absent	inspect the exact producer Result and replace generic evidence for builtin.verify.verify_builtin_rules.number_compare.verify_negated_order_from_known_equivalent_order.01
P2_result_evidence_gap	builtin_uncatalogued	builtin.verify.verify_builtin_rules.number_compare.verify_negated_order_from_known_equivalent_order.02		evidence_gap	Codex	required: smallest .lit source whose Result selects stable ID builtin.verify.verify_builtin_rules.number_compare.verify_negated_order_from_known_equivalent_order.02	reject builtin.verify.verify_builtin_rules.number_compare.verify_negated_order_from_known_equivalent_order.02 when target, ordered children, FactIds, bindings, or scope evidence is absent	inspect the exact producer Result and replace generic evidence for builtin.verify.verify_builtin_rules.number_compare.verify_negated_order_from_known_equivalent_order.02
P2_result_evidence_gap	builtin_uncatalogued	builtin.verify.verify_builtin_rules.number_compare.verify_order_atomic_fact_numeric_builtin_only.01		evidence_gap	Codex	required: smallest .lit source whose Result selects stable ID builtin.verify.verify_builtin_rules.number_compare.verify_order_atomic_fact_numeric_builtin_only.01	reject builtin.verify.verify_builtin_rules.number_compare.verify_order_atomic_fact_numeric_builtin_only.01 when target, ordered children, FactIds, bindings, or scope evidence is absent	inspect the exact producer Result and replace generic evidence for builtin.verify.verify_builtin_rules.number_compare.verify_order_atomic_fact_numeric_builtin_only.01
P2_result_evidence_gap	builtin_uncatalogued	builtin.verify.verify_builtin_rules.number_compare.verify_order_atomic_fact_numeric_builtin_only.02		evidence_gap	Codex	required: smallest .lit source whose Result selects stable ID builtin.verify.verify_builtin_rules.number_compare.verify_order_atomic_fact_numeric_builtin_only.02	reject builtin.verify.verify_builtin_rules.number_compare.verify_order_atomic_fact_numeric_builtin_only.02 when target, ordered children, FactIds, bindings, or scope evidence is absent	inspect the exact producer Result and replace generic evidence for builtin.verify.verify_builtin_rules.number_compare.verify_order_atomic_fact_numeric_builtin_only.02
P2_result_evidence_gap	builtin_uncatalogued	builtin.verify.verify_builtin_rules.number_compare.verify_order_atomic_fact_numeric_builtin_only.03		evidence_gap	Codex	required: smallest .lit source whose Result selects stable ID builtin.verify.verify_builtin_rules.number_compare.verify_order_atomic_fact_numeric_builtin_only.03	reject builtin.verify.verify_builtin_rules.number_compare.verify_order_atomic_fact_numeric_builtin_only.03 when target, ordered children, FactIds, bindings, or scope evidence is absent	inspect the exact producer Result and replace generic evidence for builtin.verify.verify_builtin_rules.number_compare.verify_order_atomic_fact_numeric_builtin_only.03
P2_result_evidence_gap	builtin_uncatalogued	builtin.verify.verify_builtin_rules.number_compare.verify_order_atomic_fact_numeric_builtin_only.04		evidence_gap	Codex	required: smallest .lit source whose Result selects stable ID builtin.verify.verify_builtin_rules.number_compare.verify_order_atomic_fact_numeric_builtin_only.04	reject builtin.verify.verify_builtin_rules.number_compare.verify_order_atomic_fact_numeric_builtin_only.04 when target, ordered children, FactIds, bindings, or scope evidence is absent	inspect the exact producer Result and replace generic evidence for builtin.verify.verify_builtin_rules.number_compare.verify_order_atomic_fact_numeric_builtin_only.04
P2_result_evidence_gap	builtin_uncatalogued	builtin.verify.verify_builtin_rules.number_compare.verify_order_atomic_fact_numeric_builtin_only.05		evidence_gap	Codex	required: smallest .lit source whose Result selects stable ID builtin.verify.verify_builtin_rules.number_compare.verify_order_atomic_fact_numeric_builtin_only.05	reject builtin.verify.verify_builtin_rules.number_compare.verify_order_atomic_fact_numeric_builtin_only.05 when target, ordered children, FactIds, bindings, or scope evidence is absent	inspect the exact producer Result and replace generic evidence for builtin.verify.verify_builtin_rules.number_compare.verify_order_atomic_fact_numeric_builtin_only.05
P2_result_evidence_gap	builtin_uncatalogued	builtin.verify.verify_builtin_rules.number_compare.verify_order_from_known_negated_complement		evidence_gap	Codex	required: smallest .lit source whose Result selects stable ID builtin.verify.verify_builtin_rules.number_compare.verify_order_from_known_negated_complement	reject builtin.verify.verify_builtin_rules.number_compare.verify_order_from_known_negated_complement when target, ordered children, FactIds, bindings, or scope evidence is absent	inspect the exact producer Result and replace generic evidence for builtin.verify.verify_builtin_rules.number_compare.verify_order_from_known_negated_complement
P2_result_evidence_gap	builtin_uncatalogued	builtin.verify.verify_builtin_rules.number_compare.verify_order_from_known_zero_order_on_sub_builtin_rule.01		evidence_gap	Codex	required: smallest .lit source whose Result selects stable ID builtin.verify.verify_builtin_rules.number_compare.verify_order_from_known_zero_order_on_sub_builtin_rule.01	reject builtin.verify.verify_builtin_rules.number_compare.verify_order_from_known_zero_order_on_sub_builtin_rule.01 when target, ordered children, FactIds, bindings, or scope evidence is absent	inspect the exact producer Result and replace generic evidence for builtin.verify.verify_builtin_rules.number_compare.verify_order_from_known_zero_order_on_sub_builtin_rule.01
P2_result_evidence_gap	builtin_uncatalogued	builtin.verify.verify_builtin_rules.number_compare.verify_order_from_known_zero_order_on_sub_builtin_rule.02		evidence_gap	Codex	required: smallest .lit source whose Result selects stable ID builtin.verify.verify_builtin_rules.number_compare.verify_order_from_known_zero_order_on_sub_builtin_rule.02	reject builtin.verify.verify_builtin_rules.number_compare.verify_order_from_known_zero_order_on_sub_builtin_rule.02 when target, ordered children, FactIds, bindings, or scope evidence is absent	inspect the exact producer Result and replace generic evidence for builtin.verify.verify_builtin_rules.number_compare.verify_order_from_known_zero_order_on_sub_builtin_rule.02
P2_result_evidence_gap	builtin_uncatalogued	builtin.verify.verify_builtin_rules.number_compare.verify_order_from_known_zero_order_on_sub_builtin_rule.03		evidence_gap	Codex	required: smallest .lit source whose Result selects stable ID builtin.verify.verify_builtin_rules.number_compare.verify_order_from_known_zero_order_on_sub_builtin_rule.03	reject builtin.verify.verify_builtin_rules.number_compare.verify_order_from_known_zero_order_on_sub_builtin_rule.03 when target, ordered children, FactIds, bindings, or scope evidence is absent	inspect the exact producer Result and replace generic evidence for builtin.verify.verify_builtin_rules.number_compare.verify_order_from_known_zero_order_on_sub_builtin_rule.03
P2_result_evidence_gap	builtin_uncatalogued	builtin.verify.verify_builtin_rules.number_compare.verify_zero_le_even_integer_pow_builtin_rule		evidence_gap	Codex	required: smallest .lit source whose Result selects stable ID builtin.verify.verify_builtin_rules.number_compare.verify_zero_le_even_integer_pow_builtin_rule	reject builtin.verify.verify_builtin_rules.number_compare.verify_zero_le_even_integer_pow_builtin_rule when target, ordered children, FactIds, bindings, or scope evidence is absent	inspect the exact producer Result and replace generic evidence for builtin.verify.verify_builtin_rules.number_compare.verify_zero_le_even_integer_pow_builtin_rule
P2_result_evidence_gap	builtin_uncatalogued	builtin.verify.verify_builtin_rules.number_compare.verify_zero_le_pow_from_nonnegative_base_positive_integer_exp_builtin_rule		evidence_gap	Codex	required: smallest .lit source whose Result selects stable ID builtin.verify.verify_builtin_rules.number_compare.verify_zero_le_pow_from_nonnegative_base_positive_integer_exp_builtin_rule	reject builtin.verify.verify_builtin_rules.number_compare.verify_zero_le_pow_from_nonnegative_base_positive_integer_exp_builtin_rule when target, ordered children, FactIds, bindings, or scope evidence is absent	inspect the exact producer Result and replace generic evidence for builtin.verify.verify_builtin_rules.number_compare.verify_zero_le_pow_from_nonnegative_base_positive_integer_exp_builtin_rule
P2_result_evidence_gap	builtin_uncatalogued	builtin.verify.verify_builtin_rules.number_compare.verify_zero_le_pow_from_positive_base_real_exp_builtin_rule		evidence_gap	Codex	required: smallest .lit source whose Result selects stable ID builtin.verify.verify_builtin_rules.number_compare.verify_zero_le_pow_from_positive_base_real_exp_builtin_rule	reject builtin.verify.verify_builtin_rules.number_compare.verify_zero_le_pow_from_positive_base_real_exp_builtin_rule when target, ordered children, FactIds, bindings, or scope evidence is absent	inspect the exact producer Result and replace generic evidence for builtin.verify.verify_builtin_rules.number_compare.verify_zero_le_pow_from_positive_base_real_exp_builtin_rule
P2_result_evidence_gap	builtin_uncatalogued	builtin.verify.verify_builtin_rules.number_compare.verify_zero_le_pow_integer_exponent_from_nonneg_base_builtin_rule		evidence_gap	Codex	required: smallest .lit source whose Result selects stable ID builtin.verify.verify_builtin_rules.number_compare.verify_zero_le_pow_integer_exponent_from_nonneg_base_builtin_rule	reject builtin.verify.verify_builtin_rules.number_compare.verify_zero_le_pow_integer_exponent_from_nonneg_base_builtin_rule when target, ordered children, FactIds, bindings, or scope evidence is absent	inspect the exact producer Result and replace generic evidence for builtin.verify.verify_builtin_rules.number_compare.verify_zero_le_pow_integer_exponent_from_nonneg_base_builtin_rule
P2_result_evidence_gap	builtin_uncatalogued	builtin.verify.verify_builtin_rules.number_compare.verify_zero_le_sqrt_from_nonnegative_arg_builtin_rule		evidence_gap	Codex	required: smallest .lit source whose Result selects stable ID builtin.verify.verify_builtin_rules.number_compare.verify_zero_le_sqrt_from_nonnegative_arg_builtin_rule	reject builtin.verify.verify_builtin_rules.number_compare.verify_zero_le_sqrt_from_nonnegative_arg_builtin_rule when target, ordered children, FactIds, bindings, or scope evidence is absent	inspect the exact producer Result and replace generic evidence for builtin.verify.verify_builtin_rules.number_compare.verify_zero_le_sqrt_from_nonnegative_arg_builtin_rule
P2_result_evidence_gap	builtin_uncatalogued	builtin.verify.verify_builtin_rules.number_compare.verify_zero_lt_even_integer_pow_from_base_nonzero_builtin_rule		evidence_gap	Codex	required: smallest .lit source whose Result selects stable ID builtin.verify.verify_builtin_rules.number_compare.verify_zero_lt_even_integer_pow_from_base_nonzero_builtin_rule	reject builtin.verify.verify_builtin_rules.number_compare.verify_zero_lt_even_integer_pow_from_base_nonzero_builtin_rule when target, ordered children, FactIds, bindings, or scope evidence is absent	inspect the exact producer Result and replace generic evidence for builtin.verify.verify_builtin_rules.number_compare.verify_zero_lt_even_integer_pow_from_base_nonzero_builtin_rule
P2_result_evidence_gap	builtin_uncatalogued	builtin.verify.verify_builtin_rules.number_compare.verify_zero_lt_pow_from_positive_base_real_exp_builtin_rule		evidence_gap	Codex	required: smallest .lit source whose Result selects stable ID builtin.verify.verify_builtin_rules.number_compare.verify_zero_lt_pow_from_positive_base_real_exp_builtin_rule	reject builtin.verify.verify_builtin_rules.number_compare.verify_zero_lt_pow_from_positive_base_real_exp_builtin_rule when target, ordered children, FactIds, bindings, or scope evidence is absent	inspect the exact producer Result and replace generic evidence for builtin.verify.verify_builtin_rules.number_compare.verify_zero_lt_pow_from_positive_base_real_exp_builtin_rule
P2_result_evidence_gap	builtin_uncatalogued	builtin.verify.verify_builtin_rules.number_compare.verify_zero_lt_sqrt_from_positive_arg_builtin_rule		evidence_gap	Codex	required: smallest .lit source whose Result selects stable ID builtin.verify.verify_builtin_rules.number_compare.verify_zero_lt_sqrt_from_positive_arg_builtin_rule	reject builtin.verify.verify_builtin_rules.number_compare.verify_zero_lt_sqrt_from_positive_arg_builtin_rule when target, ordered children, FactIds, bindings, or scope evidence is absent	inspect the exact producer Result and replace generic evidence for builtin.verify.verify_builtin_rules.number_compare.verify_zero_lt_sqrt_from_positive_arg_builtin_rule
P2_result_evidence_gap	builtin_uncatalogued	builtin.verify.verify_builtin_rules.order_algebra_builtin.try_abs_le_from_even_power_le		evidence_gap	Codex	required: smallest .lit source whose Result selects stable ID builtin.verify.verify_builtin_rules.order_algebra_builtin.try_abs_le_from_even_power_le	reject builtin.verify.verify_builtin_rules.order_algebra_builtin.try_abs_le_from_even_power_le when target, ordered children, FactIds, bindings, or scope evidence is absent	inspect the exact producer Result and replace generic evidence for builtin.verify.verify_builtin_rules.order_algebra_builtin.try_abs_le_from_even_power_le
P2_result_evidence_gap	builtin_uncatalogued	builtin.verify.verify_builtin_rules.order_algebra_builtin.try_base_le_from_pow_le_same_positive_integer_exponent_nonnegative_base		evidence_gap	Codex	required: smallest .lit source whose Result selects stable ID builtin.verify.verify_builtin_rules.order_algebra_builtin.try_base_le_from_pow_le_same_positive_integer_exponent_nonnegative_base	reject builtin.verify.verify_builtin_rules.order_algebra_builtin.try_base_le_from_pow_le_same_positive_integer_exponent_nonnegative_base when target, ordered children, FactIds, bindings, or scope evidence is absent	inspect the exact producer Result and replace generic evidence for builtin.verify.verify_builtin_rules.order_algebra_builtin.try_base_le_from_pow_le_same_positive_integer_exponent_nonnegative_base
P2_result_evidence_gap	builtin_uncatalogued	builtin.verify.verify_builtin_rules.order_algebra_builtin.try_base_le_from_pow_le_same_positive_real_exponent_positive_base		evidence_gap	Codex	required: smallest .lit source whose Result selects stable ID builtin.verify.verify_builtin_rules.order_algebra_builtin.try_base_le_from_pow_le_same_positive_real_exponent_positive_base	reject builtin.verify.verify_builtin_rules.order_algebra_builtin.try_base_le_from_pow_le_same_positive_real_exponent_positive_base when target, ordered children, FactIds, bindings, or scope evidence is absent	inspect the exact producer Result and replace generic evidence for builtin.verify.verify_builtin_rules.order_algebra_builtin.try_base_le_from_pow_le_same_positive_real_exponent_positive_base
P2_result_evidence_gap	builtin_uncatalogued	builtin.verify.verify_builtin_rules.order_algebra_builtin.try_base_lt_from_pow_lt_same_positive_real_exponent_positive_base		evidence_gap	Codex	required: smallest .lit source whose Result selects stable ID builtin.verify.verify_builtin_rules.order_algebra_builtin.try_base_lt_from_pow_lt_same_positive_real_exponent_positive_base	reject builtin.verify.verify_builtin_rules.order_algebra_builtin.try_base_lt_from_pow_lt_same_positive_real_exponent_positive_base when target, ordered children, FactIds, bindings, or scope evidence is absent	inspect the exact producer Result and replace generic evidence for builtin.verify.verify_builtin_rules.order_algebra_builtin.try_base_lt_from_pow_lt_same_positive_real_exponent_positive_base
P2_result_evidence_gap	builtin_uncatalogued	builtin.verify.verify_builtin_rules.order_algebra_builtin.try_less_algebra.01		evidence_gap	Codex	required: smallest .lit source whose Result selects stable ID builtin.verify.verify_builtin_rules.order_algebra_builtin.try_less_algebra.01	reject builtin.verify.verify_builtin_rules.order_algebra_builtin.try_less_algebra.01 when target, ordered children, FactIds, bindings, or scope evidence is absent	inspect the exact producer Result and replace generic evidence for builtin.verify.verify_builtin_rules.order_algebra_builtin.try_less_algebra.01
P2_result_evidence_gap	builtin_uncatalogued	builtin.verify.verify_builtin_rules.order_algebra_builtin.try_less_algebra.02		evidence_gap	Codex	required: smallest .lit source whose Result selects stable ID builtin.verify.verify_builtin_rules.order_algebra_builtin.try_less_algebra.02	reject builtin.verify.verify_builtin_rules.order_algebra_builtin.try_less_algebra.02 when target, ordered children, FactIds, bindings, or scope evidence is absent	inspect the exact producer Result and replace generic evidence for builtin.verify.verify_builtin_rules.order_algebra_builtin.try_less_algebra.02
P2_result_evidence_gap	builtin_uncatalogued	builtin.verify.verify_builtin_rules.order_algebra_builtin.try_less_algebra.03		evidence_gap	Codex	required: smallest .lit source whose Result selects stable ID builtin.verify.verify_builtin_rules.order_algebra_builtin.try_less_algebra.03	reject builtin.verify.verify_builtin_rules.order_algebra_builtin.try_less_algebra.03 when target, ordered children, FactIds, bindings, or scope evidence is absent	inspect the exact producer Result and replace generic evidence for builtin.verify.verify_builtin_rules.order_algebra_builtin.try_less_algebra.03
P2_result_evidence_gap	builtin_uncatalogued	builtin.verify.verify_builtin_rules.order_algebra_builtin.try_less_algebra.05		evidence_gap	Codex	required: smallest .lit source whose Result selects stable ID builtin.verify.verify_builtin_rules.order_algebra_builtin.try_less_algebra.05	reject builtin.verify.verify_builtin_rules.order_algebra_builtin.try_less_algebra.05 when target, ordered children, FactIds, bindings, or scope evidence is absent	inspect the exact producer Result and replace generic evidence for builtin.verify.verify_builtin_rules.order_algebra_builtin.try_less_algebra.05
P2_result_evidence_gap	builtin_uncatalogued	builtin.verify.verify_builtin_rules.order_algebra_builtin.try_less_algebra.06		evidence_gap	Codex	required: smallest .lit source whose Result selects stable ID builtin.verify.verify_builtin_rules.order_algebra_builtin.try_less_algebra.06	reject builtin.verify.verify_builtin_rules.order_algebra_builtin.try_less_algebra.06 when target, ordered children, FactIds, bindings, or scope evidence is absent	inspect the exact producer Result and replace generic evidence for builtin.verify.verify_builtin_rules.order_algebra_builtin.try_less_algebra.06
P2_result_evidence_gap	builtin_uncatalogued	builtin.verify.verify_builtin_rules.order_algebra_builtin.try_less_algebra.07		evidence_gap	Codex	required: smallest .lit source whose Result selects stable ID builtin.verify.verify_builtin_rules.order_algebra_builtin.try_less_algebra.07	reject builtin.verify.verify_builtin_rules.order_algebra_builtin.try_less_algebra.07 when target, ordered children, FactIds, bindings, or scope evidence is absent	inspect the exact producer Result and replace generic evidence for builtin.verify.verify_builtin_rules.order_algebra_builtin.try_less_algebra.07
P2_result_evidence_gap	builtin_uncatalogued	builtin.verify.verify_builtin_rules.order_algebra_builtin.try_less_algebra.08		evidence_gap	Codex	required: smallest .lit source whose Result selects stable ID builtin.verify.verify_builtin_rules.order_algebra_builtin.try_less_algebra.08	reject builtin.verify.verify_builtin_rules.order_algebra_builtin.try_less_algebra.08 when target, ordered children, FactIds, bindings, or scope evidence is absent	inspect the exact producer Result and replace generic evidence for builtin.verify.verify_builtin_rules.order_algebra_builtin.try_less_algebra.08
P2_result_evidence_gap	builtin_uncatalogued	builtin.verify.verify_builtin_rules.order_algebra_builtin.try_less_algebra.09		evidence_gap	Codex	required: smallest .lit source whose Result selects stable ID builtin.verify.verify_builtin_rules.order_algebra_builtin.try_less_algebra.09	reject builtin.verify.verify_builtin_rules.order_algebra_builtin.try_less_algebra.09 when target, ordered children, FactIds, bindings, or scope evidence is absent	inspect the exact producer Result and replace generic evidence for builtin.verify.verify_builtin_rules.order_algebra_builtin.try_less_algebra.09
P2_result_evidence_gap	builtin_uncatalogued	builtin.verify.verify_builtin_rules.order_algebra_builtin.try_less_algebra.10		evidence_gap	Codex	required: smallest .lit source whose Result selects stable ID builtin.verify.verify_builtin_rules.order_algebra_builtin.try_less_algebra.10	reject builtin.verify.verify_builtin_rules.order_algebra_builtin.try_less_algebra.10 when target, ordered children, FactIds, bindings, or scope evidence is absent	inspect the exact producer Result and replace generic evidence for builtin.verify.verify_builtin_rules.order_algebra_builtin.try_less_algebra.10
P2_result_evidence_gap	builtin_uncatalogued	builtin.verify.verify_builtin_rules.order_algebra_builtin.try_less_algebra.11		evidence_gap	Codex	required: smallest .lit source whose Result selects stable ID builtin.verify.verify_builtin_rules.order_algebra_builtin.try_less_algebra.11	reject builtin.verify.verify_builtin_rules.order_algebra_builtin.try_less_algebra.11 when target, ordered children, FactIds, bindings, or scope evidence is absent	inspect the exact producer Result and replace generic evidence for builtin.verify.verify_builtin_rules.order_algebra_builtin.try_less_algebra.11
P2_result_evidence_gap	builtin_uncatalogued	builtin.verify.verify_builtin_rules.order_algebra_builtin.try_less_algebra.12		evidence_gap	Codex	required: smallest .lit source whose Result selects stable ID builtin.verify.verify_builtin_rules.order_algebra_builtin.try_less_algebra.12	reject builtin.verify.verify_builtin_rules.order_algebra_builtin.try_less_algebra.12 when target, ordered children, FactIds, bindings, or scope evidence is absent	inspect the exact producer Result and replace generic evidence for builtin.verify.verify_builtin_rules.order_algebra_builtin.try_less_algebra.12
P2_result_evidence_gap	builtin_uncatalogued	builtin.verify.verify_builtin_rules.order_algebra_builtin.try_less_algebra.14		evidence_gap	Codex	required: smallest .lit source whose Result selects stable ID builtin.verify.verify_builtin_rules.order_algebra_builtin.try_less_algebra.14	reject builtin.verify.verify_builtin_rules.order_algebra_builtin.try_less_algebra.14 when target, ordered children, FactIds, bindings, or scope evidence is absent	inspect the exact producer Result and replace generic evidence for builtin.verify.verify_builtin_rules.order_algebra_builtin.try_less_algebra.14
P2_result_evidence_gap	builtin_uncatalogued	builtin.verify.verify_builtin_rules.order_algebra_builtin.try_less_algebra.15		evidence_gap	Codex	required: smallest .lit source whose Result selects stable ID builtin.verify.verify_builtin_rules.order_algebra_builtin.try_less_algebra.15	reject builtin.verify.verify_builtin_rules.order_algebra_builtin.try_less_algebra.15 when target, ordered children, FactIds, bindings, or scope evidence is absent	inspect the exact producer Result and replace generic evidence for builtin.verify.verify_builtin_rules.order_algebra_builtin.try_less_algebra.15
P2_result_evidence_gap	builtin_uncatalogued	builtin.verify.verify_builtin_rules.order_algebra_builtin.try_less_equal_algebra.01		evidence_gap	Codex	required: smallest .lit source whose Result selects stable ID builtin.verify.verify_builtin_rules.order_algebra_builtin.try_less_equal_algebra.01	reject builtin.verify.verify_builtin_rules.order_algebra_builtin.try_less_equal_algebra.01 when target, ordered children, FactIds, bindings, or scope evidence is absent	inspect the exact producer Result and replace generic evidence for builtin.verify.verify_builtin_rules.order_algebra_builtin.try_less_equal_algebra.01
P2_result_evidence_gap	builtin_uncatalogued	builtin.verify.verify_builtin_rules.order_algebra_builtin.try_less_equal_algebra.02		evidence_gap	Codex	required: smallest .lit source whose Result selects stable ID builtin.verify.verify_builtin_rules.order_algebra_builtin.try_less_equal_algebra.02	reject builtin.verify.verify_builtin_rules.order_algebra_builtin.try_less_equal_algebra.02 when target, ordered children, FactIds, bindings, or scope evidence is absent	inspect the exact producer Result and replace generic evidence for builtin.verify.verify_builtin_rules.order_algebra_builtin.try_less_equal_algebra.02
P2_result_evidence_gap	builtin_uncatalogued	builtin.verify.verify_builtin_rules.order_algebra_builtin.try_less_equal_algebra.04		evidence_gap	Codex	required: smallest .lit source whose Result selects stable ID builtin.verify.verify_builtin_rules.order_algebra_builtin.try_less_equal_algebra.04	reject builtin.verify.verify_builtin_rules.order_algebra_builtin.try_less_equal_algebra.04 when target, ordered children, FactIds, bindings, or scope evidence is absent	inspect the exact producer Result and replace generic evidence for builtin.verify.verify_builtin_rules.order_algebra_builtin.try_less_equal_algebra.04
P2_result_evidence_gap	builtin_uncatalogued	builtin.verify.verify_builtin_rules.order_algebra_builtin.try_less_equal_algebra.05		evidence_gap	Codex	required: smallest .lit source whose Result selects stable ID builtin.verify.verify_builtin_rules.order_algebra_builtin.try_less_equal_algebra.05	reject builtin.verify.verify_builtin_rules.order_algebra_builtin.try_less_equal_algebra.05 when target, ordered children, FactIds, bindings, or scope evidence is absent	inspect the exact producer Result and replace generic evidence for builtin.verify.verify_builtin_rules.order_algebra_builtin.try_less_equal_algebra.05
P2_result_evidence_gap	builtin_uncatalogued	builtin.verify.verify_builtin_rules.order_algebra_builtin.try_less_equal_algebra.06		evidence_gap	Codex	required: smallest .lit source whose Result selects stable ID builtin.verify.verify_builtin_rules.order_algebra_builtin.try_less_equal_algebra.06	reject builtin.verify.verify_builtin_rules.order_algebra_builtin.try_less_equal_algebra.06 when target, ordered children, FactIds, bindings, or scope evidence is absent	inspect the exact producer Result and replace generic evidence for builtin.verify.verify_builtin_rules.order_algebra_builtin.try_less_equal_algebra.06
P2_result_evidence_gap	builtin_uncatalogued	builtin.verify.verify_builtin_rules.order_algebra_builtin.try_less_equal_algebra.07		evidence_gap	Codex	required: smallest .lit source whose Result selects stable ID builtin.verify.verify_builtin_rules.order_algebra_builtin.try_less_equal_algebra.07	reject builtin.verify.verify_builtin_rules.order_algebra_builtin.try_less_equal_algebra.07 when target, ordered children, FactIds, bindings, or scope evidence is absent	inspect the exact producer Result and replace generic evidence for builtin.verify.verify_builtin_rules.order_algebra_builtin.try_less_equal_algebra.07
P2_result_evidence_gap	builtin_uncatalogued	builtin.verify.verify_builtin_rules.order_algebra_builtin.try_less_equal_algebra.08		evidence_gap	Codex	required: smallest .lit source whose Result selects stable ID builtin.verify.verify_builtin_rules.order_algebra_builtin.try_less_equal_algebra.08	reject builtin.verify.verify_builtin_rules.order_algebra_builtin.try_less_equal_algebra.08 when target, ordered children, FactIds, bindings, or scope evidence is absent	inspect the exact producer Result and replace generic evidence for builtin.verify.verify_builtin_rules.order_algebra_builtin.try_less_equal_algebra.08
P2_result_evidence_gap	builtin_uncatalogued	builtin.verify.verify_builtin_rules.order_algebra_builtin.try_less_equal_algebra.09		evidence_gap	Codex	required: smallest .lit source whose Result selects stable ID builtin.verify.verify_builtin_rules.order_algebra_builtin.try_less_equal_algebra.09	reject builtin.verify.verify_builtin_rules.order_algebra_builtin.try_less_equal_algebra.09 when target, ordered children, FactIds, bindings, or scope evidence is absent	inspect the exact producer Result and replace generic evidence for builtin.verify.verify_builtin_rules.order_algebra_builtin.try_less_equal_algebra.09
P2_result_evidence_gap	builtin_uncatalogued	builtin.verify.verify_builtin_rules.order_algebra_builtin.try_less_equal_finite_set_sum_pointwise_on_same_set		evidence_gap	Codex	required: smallest .lit source whose Result selects stable ID builtin.verify.verify_builtin_rules.order_algebra_builtin.try_less_equal_finite_set_sum_pointwise_on_same_set	reject builtin.verify.verify_builtin_rules.order_algebra_builtin.try_less_equal_finite_set_sum_pointwise_on_same_set when target, ordered children, FactIds, bindings, or scope evidence is absent	inspect the exact producer Result and replace generic evidence for builtin.verify.verify_builtin_rules.order_algebra_builtin.try_less_equal_finite_set_sum_pointwise_on_same_set
P2_result_evidence_gap	builtin_uncatalogued	builtin.verify.verify_builtin_rules.order_algebra_builtin.try_less_equal_finite_set_summand_nonnegative_sum		evidence_gap	Codex	required: smallest .lit source whose Result selects stable ID builtin.verify.verify_builtin_rules.order_algebra_builtin.try_less_equal_finite_set_summand_nonnegative_sum	reject builtin.verify.verify_builtin_rules.order_algebra_builtin.try_less_equal_finite_set_summand_nonnegative_sum when target, ordered children, FactIds, bindings, or scope evidence is absent	inspect the exact producer Result and replace generic evidence for builtin.verify.verify_builtin_rules.order_algebra_builtin.try_less_equal_finite_set_summand_nonnegative_sum
P2_result_evidence_gap	builtin_uncatalogued	builtin.verify.verify_builtin_rules.order_algebra_builtin.try_less_equal_from_positive_denominator_bound		evidence_gap	Codex	required: smallest .lit source whose Result selects stable ID builtin.verify.verify_builtin_rules.order_algebra_builtin.try_less_equal_from_positive_denominator_bound	reject builtin.verify.verify_builtin_rules.order_algebra_builtin.try_less_equal_from_positive_denominator_bound when target, ordered children, FactIds, bindings, or scope evidence is absent	inspect the exact producer Result and replace generic evidence for builtin.verify.verify_builtin_rules.order_algebra_builtin.try_less_equal_from_positive_denominator_bound
P2_result_evidence_gap	builtin_uncatalogued	builtin.verify.verify_builtin_rules.order_algebra_builtin.try_less_equal_from_positive_division_product_bound		evidence_gap	Codex	required: smallest .lit source whose Result selects stable ID builtin.verify.verify_builtin_rules.order_algebra_builtin.try_less_equal_from_positive_division_product_bound	reject builtin.verify.verify_builtin_rules.order_algebra_builtin.try_less_equal_from_positive_division_product_bound when target, ordered children, FactIds, bindings, or scope evidence is absent	inspect the exact producer Result and replace generic evidence for builtin.verify.verify_builtin_rules.order_algebra_builtin.try_less_equal_from_positive_division_product_bound
P2_result_evidence_gap	builtin_uncatalogued	builtin.verify.verify_builtin_rules.order_algebra_builtin.try_mul_le_componentwise_nonnegative_factors		evidence_gap	Codex	required: smallest .lit source whose Result selects stable ID builtin.verify.verify_builtin_rules.order_algebra_builtin.try_mul_le_componentwise_nonnegative_factors	reject builtin.verify.verify_builtin_rules.order_algebra_builtin.try_mul_le_componentwise_nonnegative_factors when target, ordered children, FactIds, bindings, or scope evidence is absent	inspect the exact producer Result and replace generic evidence for builtin.verify.verify_builtin_rules.order_algebra_builtin.try_mul_le_componentwise_nonnegative_factors
P2_result_evidence_gap	builtin_uncatalogued	builtin.verify.verify_builtin_rules.order_algebra_builtin.try_mul_le_zero_by_weak_signs		evidence_gap	Codex	required: smallest .lit source whose Result selects stable ID builtin.verify.verify_builtin_rules.order_algebra_builtin.try_mul_le_zero_by_weak_signs	reject builtin.verify.verify_builtin_rules.order_algebra_builtin.try_mul_le_zero_by_weak_signs when target, ordered children, FactIds, bindings, or scope evidence is absent	inspect the exact producer Result and replace generic evidence for builtin.verify.verify_builtin_rules.order_algebra_builtin.try_mul_le_zero_by_weak_signs
P2_result_evidence_gap	builtin_uncatalogued	builtin.verify.verify_builtin_rules.order_algebra_builtin.try_mul_lt_zero_by_signs		evidence_gap	Codex	required: smallest .lit source whose Result selects stable ID builtin.verify.verify_builtin_rules.order_algebra_builtin.try_mul_lt_zero_by_signs	reject builtin.verify.verify_builtin_rules.order_algebra_builtin.try_mul_lt_zero_by_signs when target, ordered children, FactIds, bindings, or scope evidence is absent	inspect the exact producer Result and replace generic evidence for builtin.verify.verify_builtin_rules.order_algebra_builtin.try_mul_lt_zero_by_signs
P2_result_evidence_gap	builtin_uncatalogued	builtin.verify.verify_builtin_rules.order_algebra_builtin.try_pow_le_even_exponent_from_abs_le		evidence_gap	Codex	required: smallest .lit source whose Result selects stable ID builtin.verify.verify_builtin_rules.order_algebra_builtin.try_pow_le_even_exponent_from_abs_le	reject builtin.verify.verify_builtin_rules.order_algebra_builtin.try_pow_le_even_exponent_from_abs_le when target, ordered children, FactIds, bindings, or scope evidence is absent	inspect the exact producer Result and replace generic evidence for builtin.verify.verify_builtin_rules.order_algebra_builtin.try_pow_le_even_exponent_from_abs_le
P2_result_evidence_gap	builtin_uncatalogued	builtin.verify.verify_builtin_rules.order_algebra_builtin.try_pow_le_same_negative_integer_exponent_positive_base_reverses_order		evidence_gap	Codex	required: smallest .lit source whose Result selects stable ID builtin.verify.verify_builtin_rules.order_algebra_builtin.try_pow_le_same_negative_integer_exponent_positive_base_reverses_order	reject builtin.verify.verify_builtin_rules.order_algebra_builtin.try_pow_le_same_negative_integer_exponent_positive_base_reverses_order when target, ordered children, FactIds, bindings, or scope evidence is absent	inspect the exact producer Result and replace generic evidence for builtin.verify.verify_builtin_rules.order_algebra_builtin.try_pow_le_same_negative_integer_exponent_positive_base_reverses_order
P2_result_evidence_gap	builtin_uncatalogued	builtin.verify.verify_builtin_rules.order_algebra_builtin.try_pow_le_same_positive_integer_exponent_nonnegative_base		evidence_gap	Codex	required: smallest .lit source whose Result selects stable ID builtin.verify.verify_builtin_rules.order_algebra_builtin.try_pow_le_same_positive_integer_exponent_nonnegative_base	reject builtin.verify.verify_builtin_rules.order_algebra_builtin.try_pow_le_same_positive_integer_exponent_nonnegative_base when target, ordered children, FactIds, bindings, or scope evidence is absent	inspect the exact producer Result and replace generic evidence for builtin.verify.verify_builtin_rules.order_algebra_builtin.try_pow_le_same_positive_integer_exponent_nonnegative_base
P2_result_evidence_gap	builtin_uncatalogued	builtin.verify.verify_builtin_rules.order_algebra_builtin.try_pow_le_same_positive_odd_integer_exponent		evidence_gap	Codex	required: smallest .lit source whose Result selects stable ID builtin.verify.verify_builtin_rules.order_algebra_builtin.try_pow_le_same_positive_odd_integer_exponent	reject builtin.verify.verify_builtin_rules.order_algebra_builtin.try_pow_le_same_positive_odd_integer_exponent when target, ordered children, FactIds, bindings, or scope evidence is absent	inspect the exact producer Result and replace generic evidence for builtin.verify.verify_builtin_rules.order_algebra_builtin.try_pow_le_same_positive_odd_integer_exponent
P2_result_evidence_gap	builtin_uncatalogued	builtin.verify.verify_builtin_rules.order_algebra_builtin.try_pow_le_zero_odd_exponent_from_nonpositive_base		evidence_gap	Codex	required: smallest .lit source whose Result selects stable ID builtin.verify.verify_builtin_rules.order_algebra_builtin.try_pow_le_zero_odd_exponent_from_nonpositive_base	reject builtin.verify.verify_builtin_rules.order_algebra_builtin.try_pow_le_zero_odd_exponent_from_nonpositive_base when target, ordered children, FactIds, bindings, or scope evidence is absent	inspect the exact producer Result and replace generic evidence for builtin.verify.verify_builtin_rules.order_algebra_builtin.try_pow_le_zero_odd_exponent_from_nonpositive_base
P2_result_evidence_gap	builtin_uncatalogued	builtin.verify.verify_builtin_rules.order_algebra_builtin.try_pow_lt_even_exponent_from_abs_lt		evidence_gap	Codex	required: smallest .lit source whose Result selects stable ID builtin.verify.verify_builtin_rules.order_algebra_builtin.try_pow_lt_even_exponent_from_abs_lt	reject builtin.verify.verify_builtin_rules.order_algebra_builtin.try_pow_lt_even_exponent_from_abs_lt when target, ordered children, FactIds, bindings, or scope evidence is absent	inspect the exact producer Result and replace generic evidence for builtin.verify.verify_builtin_rules.order_algebra_builtin.try_pow_lt_even_exponent_from_abs_lt
P2_result_evidence_gap	builtin_uncatalogued	builtin.verify.verify_builtin_rules.order_algebra_builtin.try_pow_lt_same_positive_integer_exponent_nonnegative_base		evidence_gap	Codex	required: smallest .lit source whose Result selects stable ID builtin.verify.verify_builtin_rules.order_algebra_builtin.try_pow_lt_same_positive_integer_exponent_nonnegative_base	reject builtin.verify.verify_builtin_rules.order_algebra_builtin.try_pow_lt_same_positive_integer_exponent_nonnegative_base when target, ordered children, FactIds, bindings, or scope evidence is absent	inspect the exact producer Result and replace generic evidence for builtin.verify.verify_builtin_rules.order_algebra_builtin.try_pow_lt_same_positive_integer_exponent_nonnegative_base
P2_result_evidence_gap	builtin_uncatalogued	builtin.verify.verify_builtin_rules.order_algebra_builtin.try_pow_lt_same_positive_odd_integer_exponent		evidence_gap	Codex	required: smallest .lit source whose Result selects stable ID builtin.verify.verify_builtin_rules.order_algebra_builtin.try_pow_lt_same_positive_odd_integer_exponent	reject builtin.verify.verify_builtin_rules.order_algebra_builtin.try_pow_lt_same_positive_odd_integer_exponent when target, ordered children, FactIds, bindings, or scope evidence is absent	inspect the exact producer Result and replace generic evidence for builtin.verify.verify_builtin_rules.order_algebra_builtin.try_pow_lt_same_positive_odd_integer_exponent
P2_result_evidence_gap	builtin_uncatalogued	builtin.verify.verify_builtin_rules.order_algebra_builtin.try_pow_lt_same_positive_real_exponent_positive_base		evidence_gap	Codex	required: smallest .lit source whose Result selects stable ID builtin.verify.verify_builtin_rules.order_algebra_builtin.try_pow_lt_same_positive_real_exponent_positive_base	reject builtin.verify.verify_builtin_rules.order_algebra_builtin.try_pow_lt_same_positive_real_exponent_positive_base when target, ordered children, FactIds, bindings, or scope evidence is absent	inspect the exact producer Result and replace generic evidence for builtin.verify.verify_builtin_rules.order_algebra_builtin.try_pow_lt_same_positive_real_exponent_positive_base
P2_result_evidence_gap	builtin_uncatalogued	builtin.verify.verify_builtin_rules.order_algebra_builtin.try_pow_lt_zero_odd_exponent_from_negative_base		evidence_gap	Codex	required: smallest .lit source whose Result selects stable ID builtin.verify.verify_builtin_rules.order_algebra_builtin.try_pow_lt_zero_odd_exponent_from_negative_base	reject builtin.verify.verify_builtin_rules.order_algebra_builtin.try_pow_lt_zero_odd_exponent_from_negative_base when target, ordered children, FactIds, bindings, or scope evidence is absent	inspect the exact producer Result and replace generic evidence for builtin.verify.verify_builtin_rules.order_algebra_builtin.try_pow_lt_zero_odd_exponent_from_negative_base
P2_result_evidence_gap	builtin_uncatalogued	builtin.verify.verify_builtin_rules.order_algebra_builtin.try_zero_le_mul_by_weak_signs		evidence_gap	Codex	required: smallest .lit source whose Result selects stable ID builtin.verify.verify_builtin_rules.order_algebra_builtin.try_zero_le_mul_by_weak_signs	reject builtin.verify.verify_builtin_rules.order_algebra_builtin.try_zero_le_mul_by_weak_signs when target, ordered children, FactIds, bindings, or scope evidence is absent	inspect the exact producer Result and replace generic evidence for builtin.verify.verify_builtin_rules.order_algebra_builtin.try_zero_le_mul_by_weak_signs
P2_result_evidence_gap	builtin_uncatalogued	builtin.verify.verify_builtin_rules.order_algebra_builtin.try_zero_lt_mul_by_signs		evidence_gap	Codex	required: smallest .lit source whose Result selects stable ID builtin.verify.verify_builtin_rules.order_algebra_builtin.try_zero_lt_mul_by_signs	reject builtin.verify.verify_builtin_rules.order_algebra_builtin.try_zero_lt_mul_by_signs when target, ordered children, FactIds, bindings, or scope evidence is absent	inspect the exact producer Result and replace generic evidence for builtin.verify.verify_builtin_rules.order_algebra_builtin.try_zero_lt_mul_by_signs
P2_result_evidence_gap	builtin_uncatalogued	builtin.verify.verify_builtin_rules.order_semantics_builtin.try_verify_finite_set_extrema_order_builtin_rule.01		evidence_gap	Codex	required: smallest .lit source whose Result selects stable ID builtin.verify.verify_builtin_rules.order_semantics_builtin.try_verify_finite_set_extrema_order_builtin_rule.01	reject builtin.verify.verify_builtin_rules.order_semantics_builtin.try_verify_finite_set_extrema_order_builtin_rule.01 when target, ordered children, FactIds, bindings, or scope evidence is absent	inspect the exact producer Result and replace generic evidence for builtin.verify.verify_builtin_rules.order_semantics_builtin.try_verify_finite_set_extrema_order_builtin_rule.01
P2_result_evidence_gap	builtin_uncatalogued	builtin.verify.verify_builtin_rules.order_semantics_builtin.try_verify_finite_set_extrema_order_builtin_rule.02		evidence_gap	Codex	required: smallest .lit source whose Result selects stable ID builtin.verify.verify_builtin_rules.order_semantics_builtin.try_verify_finite_set_extrema_order_builtin_rule.02	reject builtin.verify.verify_builtin_rules.order_semantics_builtin.try_verify_finite_set_extrema_order_builtin_rule.02 when target, ordered children, FactIds, bindings, or scope evidence is absent	inspect the exact producer Result and replace generic evidence for builtin.verify.verify_builtin_rules.order_semantics_builtin.try_verify_finite_set_extrema_order_builtin_rule.02
P2_result_evidence_gap	builtin_uncatalogued	builtin.verify.verify_builtin_rules.order_semantics_builtin.try_verify_finite_set_extrema_order_builtin_rule.03		evidence_gap	Codex	required: smallest .lit source whose Result selects stable ID builtin.verify.verify_builtin_rules.order_semantics_builtin.try_verify_finite_set_extrema_order_builtin_rule.03	reject builtin.verify.verify_builtin_rules.order_semantics_builtin.try_verify_finite_set_extrema_order_builtin_rule.03 when target, ordered children, FactIds, bindings, or scope evidence is absent	inspect the exact producer Result and replace generic evidence for builtin.verify.verify_builtin_rules.order_semantics_builtin.try_verify_finite_set_extrema_order_builtin_rule.03
P2_result_evidence_gap	builtin_uncatalogued	builtin.verify.verify_builtin_rules.order_semantics_builtin.try_verify_finite_set_extrema_order_builtin_rule.04		evidence_gap	Codex	required: smallest .lit source whose Result selects stable ID builtin.verify.verify_builtin_rules.order_semantics_builtin.try_verify_finite_set_extrema_order_builtin_rule.04	reject builtin.verify.verify_builtin_rules.order_semantics_builtin.try_verify_finite_set_extrema_order_builtin_rule.04 when target, ordered children, FactIds, bindings, or scope evidence is absent	inspect the exact producer Result and replace generic evidence for builtin.verify.verify_builtin_rules.order_semantics_builtin.try_verify_finite_set_extrema_order_builtin_rule.04
P2_result_evidence_gap	builtin_uncatalogued	builtin.verify.verify_builtin_rules.order_semantics_builtin.try_verify_integer_discrete_split_or_builtin_rule		evidence_gap	Codex	required: smallest .lit source whose Result selects stable ID builtin.verify.verify_builtin_rules.order_semantics_builtin.try_verify_integer_discrete_split_or_builtin_rule	reject builtin.verify.verify_builtin_rules.order_semantics_builtin.try_verify_integer_discrete_split_or_builtin_rule when target, ordered children, FactIds, bindings, or scope evidence is absent	inspect the exact producer Result and replace generic evidence for builtin.verify.verify_builtin_rules.order_semantics_builtin.try_verify_integer_discrete_split_or_builtin_rule
P2_result_evidence_gap	builtin_uncatalogued	builtin.verify.verify_builtin_rules.order_semantics_builtin.try_verify_integer_singleton_interval_equality_builtin_rule.01		evidence_gap	Codex	required: smallest .lit source whose Result selects stable ID builtin.verify.verify_builtin_rules.order_semantics_builtin.try_verify_integer_singleton_interval_equality_builtin_rule.01	reject builtin.verify.verify_builtin_rules.order_semantics_builtin.try_verify_integer_singleton_interval_equality_builtin_rule.01 when target, ordered children, FactIds, bindings, or scope evidence is absent	inspect the exact producer Result and replace generic evidence for builtin.verify.verify_builtin_rules.order_semantics_builtin.try_verify_integer_singleton_interval_equality_builtin_rule.01
P2_result_evidence_gap	builtin_uncatalogued	builtin.verify.verify_builtin_rules.order_semantics_builtin.try_verify_integer_singleton_interval_equality_builtin_rule.02		evidence_gap	Codex	required: smallest .lit source whose Result selects stable ID builtin.verify.verify_builtin_rules.order_semantics_builtin.try_verify_integer_singleton_interval_equality_builtin_rule.02	reject builtin.verify.verify_builtin_rules.order_semantics_builtin.try_verify_integer_singleton_interval_equality_builtin_rule.02 when target, ordered children, FactIds, bindings, or scope evidence is absent	inspect the exact producer Result and replace generic evidence for builtin.verify.verify_builtin_rules.order_semantics_builtin.try_verify_integer_singleton_interval_equality_builtin_rule.02
P2_result_evidence_gap	builtin_uncatalogued	builtin.verify.verify_builtin_rules.order_semantics_builtin.try_verify_integer_successor_predecessor_builtin_rule.01		evidence_gap	Codex	required: smallest .lit source whose Result selects stable ID builtin.verify.verify_builtin_rules.order_semantics_builtin.try_verify_integer_successor_predecessor_builtin_rule.01	reject builtin.verify.verify_builtin_rules.order_semantics_builtin.try_verify_integer_successor_predecessor_builtin_rule.01 when target, ordered children, FactIds, bindings, or scope evidence is absent	inspect the exact producer Result and replace generic evidence for builtin.verify.verify_builtin_rules.order_semantics_builtin.try_verify_integer_successor_predecessor_builtin_rule.01
P2_result_evidence_gap	builtin_uncatalogued	builtin.verify.verify_builtin_rules.order_semantics_builtin.try_verify_integer_successor_predecessor_builtin_rule.02		evidence_gap	Codex	required: smallest .lit source whose Result selects stable ID builtin.verify.verify_builtin_rules.order_semantics_builtin.try_verify_integer_successor_predecessor_builtin_rule.02	reject builtin.verify.verify_builtin_rules.order_semantics_builtin.try_verify_integer_successor_predecessor_builtin_rule.02 when target, ordered children, FactIds, bindings, or scope evidence is absent	inspect the exact producer Result and replace generic evidence for builtin.verify.verify_builtin_rules.order_semantics_builtin.try_verify_integer_successor_predecessor_builtin_rule.02
P2_result_evidence_gap	builtin_uncatalogued	builtin.verify.verify_builtin_rules.order_semantics_builtin.try_verify_integer_successor_predecessor_builtin_rule.03		evidence_gap	Codex	required: smallest .lit source whose Result selects stable ID builtin.verify.verify_builtin_rules.order_semantics_builtin.try_verify_integer_successor_predecessor_builtin_rule.03	reject builtin.verify.verify_builtin_rules.order_semantics_builtin.try_verify_integer_successor_predecessor_builtin_rule.03 when target, ordered children, FactIds, bindings, or scope evidence is absent	inspect the exact producer Result and replace generic evidence for builtin.verify.verify_builtin_rules.order_semantics_builtin.try_verify_integer_successor_predecessor_builtin_rule.03
P2_result_evidence_gap	builtin_uncatalogued	builtin.verify.verify_builtin_rules.order_semantics_builtin.try_verify_integer_successor_predecessor_builtin_rule.04		evidence_gap	Codex	required: smallest .lit source whose Result selects stable ID builtin.verify.verify_builtin_rules.order_semantics_builtin.try_verify_integer_successor_predecessor_builtin_rule.04	reject builtin.verify.verify_builtin_rules.order_semantics_builtin.try_verify_integer_successor_predecessor_builtin_rule.04 when target, ordered children, FactIds, bindings, or scope evidence is absent	inspect the exact producer Result and replace generic evidence for builtin.verify.verify_builtin_rules.order_semantics_builtin.try_verify_integer_successor_predecessor_builtin_rule.04
P2_result_evidence_gap	builtin_uncatalogued	builtin.verify.verify_builtin_rules.order_semantics_builtin.try_verify_positive_even_integer_greater_than_one		evidence_gap	Codex	required: smallest .lit source whose Result selects stable ID builtin.verify.verify_builtin_rules.order_semantics_builtin.try_verify_positive_even_integer_greater_than_one	reject builtin.verify.verify_builtin_rules.order_semantics_builtin.try_verify_positive_even_integer_greater_than_one when target, ordered children, FactIds, bindings, or scope evidence is absent	inspect the exact producer Result and replace generic evidence for builtin.verify.verify_builtin_rules.order_semantics_builtin.try_verify_positive_even_integer_greater_than_one
P2_result_evidence_gap	builtin_uncatalogued	builtin.verify.verify_builtin_rules.order_semantics_builtin.verify_known_or_concrete_finite_set_membership		evidence_gap	Codex	required: smallest .lit source whose Result selects stable ID builtin.verify.verify_builtin_rules.order_semantics_builtin.verify_known_or_concrete_finite_set_membership	reject builtin.verify.verify_builtin_rules.order_semantics_builtin.verify_known_or_concrete_finite_set_membership when target, ordered children, FactIds, bindings, or scope evidence is absent	inspect the exact producer Result and replace generic evidence for builtin.verify.verify_builtin_rules.order_semantics_builtin.verify_known_or_concrete_finite_set_membership
P2_result_evidence_gap	builtin_uncatalogued	builtin.verify.verify_builtin_rules.set_relation_duality.verify_subset_fact_with_builtin_rules.01		evidence_gap	Codex	required: smallest .lit source whose Result selects stable ID builtin.verify.verify_builtin_rules.set_relation_duality.verify_subset_fact_with_builtin_rules.01	reject builtin.verify.verify_builtin_rules.set_relation_duality.verify_subset_fact_with_builtin_rules.01 when target, ordered children, FactIds, bindings, or scope evidence is absent	inspect the exact producer Result and replace generic evidence for builtin.verify.verify_builtin_rules.set_relation_duality.verify_subset_fact_with_builtin_rules.01
P2_result_evidence_gap	builtin_uncatalogued	builtin.verify.verify_builtin_rules.set_relation_duality.verify_subset_fact_with_builtin_rules.02		evidence_gap	Codex	required: smallest .lit source whose Result selects stable ID builtin.verify.verify_builtin_rules.set_relation_duality.verify_subset_fact_with_builtin_rules.02	reject builtin.verify.verify_builtin_rules.set_relation_duality.verify_subset_fact_with_builtin_rules.02 when target, ordered children, FactIds, bindings, or scope evidence is absent	inspect the exact producer Result and replace generic evidence for builtin.verify.verify_builtin_rules.set_relation_duality.verify_subset_fact_with_builtin_rules.02
P2_result_evidence_gap	builtin_uncatalogued	builtin.verify.verify_builtin_rules.set_relation_duality.verify_subset_fact_with_builtin_rules.03		evidence_gap	Codex	required: smallest .lit source whose Result selects stable ID builtin.verify.verify_builtin_rules.set_relation_duality.verify_subset_fact_with_builtin_rules.03	reject builtin.verify.verify_builtin_rules.set_relation_duality.verify_subset_fact_with_builtin_rules.03 when target, ordered children, FactIds, bindings, or scope evidence is absent	inspect the exact producer Result and replace generic evidence for builtin.verify.verify_builtin_rules.set_relation_duality.verify_subset_fact_with_builtin_rules.03
P2_result_evidence_gap	builtin_uncatalogued	builtin.verify.verify_builtin_rules.set_relation_duality.verify_subset_fact_with_builtin_rules.04		evidence_gap	Codex	required: smallest .lit source whose Result selects stable ID builtin.verify.verify_builtin_rules.set_relation_duality.verify_subset_fact_with_builtin_rules.04	reject builtin.verify.verify_builtin_rules.set_relation_duality.verify_subset_fact_with_builtin_rules.04 when target, ordered children, FactIds, bindings, or scope evidence is absent	inspect the exact producer Result and replace generic evidence for builtin.verify.verify_builtin_rules.set_relation_duality.verify_subset_fact_with_builtin_rules.04
P2_result_evidence_gap	builtin_uncatalogued	builtin.verify.verify_builtin_rules.set_relation_duality.verify_subset_fact_with_builtin_rules.05		evidence_gap	Codex	required: smallest .lit source whose Result selects stable ID builtin.verify.verify_builtin_rules.set_relation_duality.verify_subset_fact_with_builtin_rules.05	reject builtin.verify.verify_builtin_rules.set_relation_duality.verify_subset_fact_with_builtin_rules.05 when target, ordered children, FactIds, bindings, or scope evidence is absent	inspect the exact producer Result and replace generic evidence for builtin.verify.verify_builtin_rules.set_relation_duality.verify_subset_fact_with_builtin_rules.05
P2_result_evidence_gap	builtin_uncatalogued	builtin.verify.verify_builtin_rules.set_relation_duality.verify_subset_fact_with_builtin_rules.06		evidence_gap	Codex	required: smallest .lit source whose Result selects stable ID builtin.verify.verify_builtin_rules.set_relation_duality.verify_subset_fact_with_builtin_rules.06	reject builtin.verify.verify_builtin_rules.set_relation_duality.verify_subset_fact_with_builtin_rules.06 when target, ordered children, FactIds, bindings, or scope evidence is absent	inspect the exact producer Result and replace generic evidence for builtin.verify.verify_builtin_rules.set_relation_duality.verify_subset_fact_with_builtin_rules.06
P2_result_evidence_gap	builtin_uncatalogued	builtin.verify.verify_builtin_rules.set_relation_duality.verify_subset_fact_with_builtin_rules.07		evidence_gap	Codex	required: smallest .lit source whose Result selects stable ID builtin.verify.verify_builtin_rules.set_relation_duality.verify_subset_fact_with_builtin_rules.07	reject builtin.verify.verify_builtin_rules.set_relation_duality.verify_subset_fact_with_builtin_rules.07 when target, ordered children, FactIds, bindings, or scope evidence is absent	inspect the exact producer Result and replace generic evidence for builtin.verify.verify_builtin_rules.set_relation_duality.verify_subset_fact_with_builtin_rules.07
P2_result_evidence_gap	builtin_uncatalogued	builtin.verify.verify_builtin_rules.set_relation_duality.verify_superset_fact_with_builtin_rules		evidence_gap	Codex	required: smallest .lit source whose Result selects stable ID builtin.verify.verify_builtin_rules.set_relation_duality.verify_superset_fact_with_builtin_rules	reject builtin.verify.verify_builtin_rules.set_relation_duality.verify_superset_fact_with_builtin_rules when target, ordered children, FactIds, bindings, or scope evidence is absent	inspect the exact producer Result and replace generic evidence for builtin.verify.verify_builtin_rules.set_relation_duality.verify_superset_fact_with_builtin_rules
P2_result_evidence_gap	builtin_uncatalogued	builtin.verify.verify_builtin_rules.trigonometry.pythagorean_core_result		evidence_gap	Codex	required: smallest .lit source whose Result selects stable ID builtin.verify.verify_builtin_rules.trigonometry.pythagorean_core_result	reject builtin.verify.verify_builtin_rules.trigonometry.pythagorean_core_result when target, ordered children, FactIds, bindings, or scope evidence is absent	inspect the exact producer Result and replace generic evidence for builtin.verify.verify_builtin_rules.trigonometry.pythagorean_core_result
P2_result_evidence_gap	builtin_uncatalogued	builtin.verify.verify_builtin_rules.trigonometry.trig_core_dependency_results		evidence_gap	Codex	required: smallest .lit source whose Result selects stable ID builtin.verify.verify_builtin_rules.trigonometry.trig_core_dependency_results	reject builtin.verify.verify_builtin_rules.trigonometry.trig_core_dependency_results when target, ordered children, FactIds, bindings, or scope evidence is absent	inspect the exact producer Result and replace generic evidence for builtin.verify.verify_builtin_rules.trigonometry.trig_core_dependency_results
P2_result_evidence_gap	builtin_uncatalogued	builtin.verify.verify_builtin_rules.trigonometry.try_trig_quotient_definition		evidence_gap	Codex	required: smallest .lit source whose Result selects stable ID builtin.verify.verify_builtin_rules.trigonometry.try_trig_quotient_definition	reject builtin.verify.verify_builtin_rules.trigonometry.try_trig_quotient_definition when target, ordered children, FactIds, bindings, or scope evidence is absent	inspect the exact producer Result and replace generic evidence for builtin.verify.verify_builtin_rules.trigonometry.try_trig_quotient_definition
P2_result_evidence_gap	builtin_uncatalogued	builtin.verify.verify_builtin_rules.trigonometry.try_verify_arcsin_inverse_equality.01		evidence_gap	Codex	required: smallest .lit source whose Result selects stable ID builtin.verify.verify_builtin_rules.trigonometry.try_verify_arcsin_inverse_equality.01	reject builtin.verify.verify_builtin_rules.trigonometry.try_verify_arcsin_inverse_equality.01 when target, ordered children, FactIds, bindings, or scope evidence is absent	inspect the exact producer Result and replace generic evidence for builtin.verify.verify_builtin_rules.trigonometry.try_verify_arcsin_inverse_equality.01
P2_result_evidence_gap	builtin_uncatalogued	builtin.verify.verify_builtin_rules.trigonometry.try_verify_arcsin_inverse_equality.02		evidence_gap	Codex	required: smallest .lit source whose Result selects stable ID builtin.verify.verify_builtin_rules.trigonometry.try_verify_arcsin_inverse_equality.02	reject builtin.verify.verify_builtin_rules.trigonometry.try_verify_arcsin_inverse_equality.02 when target, ordered children, FactIds, bindings, or scope evidence is absent	inspect the exact producer Result and replace generic evidence for builtin.verify.verify_builtin_rules.trigonometry.try_verify_arcsin_inverse_equality.02
P2_result_evidence_gap	builtin_uncatalogued	builtin.verify.verify_builtin_rules.trigonometry.try_verify_arcsin_inverse_equality.03		evidence_gap	Codex	required: smallest .lit source whose Result selects stable ID builtin.verify.verify_builtin_rules.trigonometry.try_verify_arcsin_inverse_equality.03	reject builtin.verify.verify_builtin_rules.trigonometry.try_verify_arcsin_inverse_equality.03 when target, ordered children, FactIds, bindings, or scope evidence is absent	inspect the exact producer Result and replace generic evidence for builtin.verify.verify_builtin_rules.trigonometry.try_verify_arcsin_inverse_equality.03
P2_result_evidence_gap	builtin_uncatalogued	builtin.verify.verify_builtin_rules.trigonometry.try_verify_arcsin_inverse_equality.04		evidence_gap	Codex	required: smallest .lit source whose Result selects stable ID builtin.verify.verify_builtin_rules.trigonometry.try_verify_arcsin_inverse_equality.04	reject builtin.verify.verify_builtin_rules.trigonometry.try_verify_arcsin_inverse_equality.04 when target, ordered children, FactIds, bindings, or scope evidence is absent	inspect the exact producer Result and replace generic evidence for builtin.verify.verify_builtin_rules.trigonometry.try_verify_arcsin_inverse_equality.04
P2_result_evidence_gap	builtin_uncatalogued	builtin.verify.verify_builtin_rules.trigonometry.try_verify_arcsin_principal_range		evidence_gap	Codex	required: smallest .lit source whose Result selects stable ID builtin.verify.verify_builtin_rules.trigonometry.try_verify_arcsin_principal_range	reject builtin.verify.verify_builtin_rules.trigonometry.try_verify_arcsin_principal_range when target, ordered children, FactIds, bindings, or scope evidence is absent	inspect the exact producer Result and replace generic evidence for builtin.verify.verify_builtin_rules.trigonometry.try_verify_arcsin_principal_range
P2_result_evidence_gap	builtin_uncatalogued	builtin.verify.verify_builtin_rules.trigonometry.try_verify_trigonometric_equality		evidence_gap	Codex	required: smallest .lit source whose Result selects stable ID builtin.verify.verify_builtin_rules.trigonometry.try_verify_trigonometric_equality	reject builtin.verify.verify_builtin_rules.trigonometry.try_verify_trigonometric_equality when target, ordered children, FactIds, bindings, or scope evidence is absent	inspect the exact producer Result and replace generic evidence for builtin.verify.verify_builtin_rules.trigonometry.try_verify_trigonometric_equality
P2_result_evidence_gap	builtin_uncatalogued	builtin.verify.verify_builtin_rules.trigonometry.try_verify_trigonometric_interval_order		evidence_gap	Codex	required: smallest .lit source whose Result selects stable ID builtin.verify.verify_builtin_rules.trigonometry.try_verify_trigonometric_interval_order	reject builtin.verify.verify_builtin_rules.trigonometry.try_verify_trigonometric_interval_order when target, ordered children, FactIds, bindings, or scope evidence is absent	inspect the exact producer Result and replace generic evidence for builtin.verify.verify_builtin_rules.trigonometry.try_verify_trigonometric_interval_order
P2_result_evidence_gap	builtin_uncatalogued	builtin.verify.verify_builtin_rules.trigonometry.try_verify_trigonometric_not_equal.01		evidence_gap	Codex	required: smallest .lit source whose Result selects stable ID builtin.verify.verify_builtin_rules.trigonometry.try_verify_trigonometric_not_equal.01	reject builtin.verify.verify_builtin_rules.trigonometry.try_verify_trigonometric_not_equal.01 when target, ordered children, FactIds, bindings, or scope evidence is absent	inspect the exact producer Result and replace generic evidence for builtin.verify.verify_builtin_rules.trigonometry.try_verify_trigonometric_not_equal.01
P2_result_evidence_gap	builtin_uncatalogued	builtin.verify.verify_builtin_rules.trigonometry.try_verify_trigonometric_not_equal.02		evidence_gap	Codex	required: smallest .lit source whose Result selects stable ID builtin.verify.verify_builtin_rules.trigonometry.try_verify_trigonometric_not_equal.02	reject builtin.verify.verify_builtin_rules.trigonometry.try_verify_trigonometric_not_equal.02 when target, ordered children, FactIds, bindings, or scope evidence is absent	inspect the exact producer Result and replace generic evidence for builtin.verify.verify_builtin_rules.trigonometry.try_verify_trigonometric_not_equal.02
P2_result_evidence_gap	builtin_uncatalogued	builtin.verify.verify_builtin_rules.trigonometry.try_verify_trigonometric_not_equal.03		evidence_gap	Codex	required: smallest .lit source whose Result selects stable ID builtin.verify.verify_builtin_rules.trigonometry.try_verify_trigonometric_not_equal.03	reject builtin.verify.verify_builtin_rules.trigonometry.try_verify_trigonometric_not_equal.03 when target, ordered children, FactIds, bindings, or scope evidence is absent	inspect the exact producer Result and replace generic evidence for builtin.verify.verify_builtin_rules.trigonometry.try_verify_trigonometric_not_equal.03
P2_result_evidence_gap	builtin_uncatalogued	builtin.verify.verify_builtin_rules.trigonometry.try_verify_trigonometric_not_equal.04		evidence_gap	Codex	required: smallest .lit source whose Result selects stable ID builtin.verify.verify_builtin_rules.trigonometry.try_verify_trigonometric_not_equal.04	reject builtin.verify.verify_builtin_rules.trigonometry.try_verify_trigonometric_not_equal.04 when target, ordered children, FactIds, bindings, or scope evidence is absent	inspect the exact producer Result and replace generic evidence for builtin.verify.verify_builtin_rules.trigonometry.try_verify_trigonometric_not_equal.04
P2_result_evidence_gap	builtin_uncatalogued	builtin.verify.verify_builtin_rules.trigonometry.try_verify_trigonometric_order_bound.01		evidence_gap	Codex	required: smallest .lit source whose Result selects stable ID builtin.verify.verify_builtin_rules.trigonometry.try_verify_trigonometric_order_bound.01	reject builtin.verify.verify_builtin_rules.trigonometry.try_verify_trigonometric_order_bound.01 when target, ordered children, FactIds, bindings, or scope evidence is absent	inspect the exact producer Result and replace generic evidence for builtin.verify.verify_builtin_rules.trigonometry.try_verify_trigonometric_order_bound.01
P2_result_evidence_gap	builtin_uncatalogued	builtin.verify.verify_builtin_rules.trigonometry.try_verify_trigonometric_order_bound.02		evidence_gap	Codex	required: smallest .lit source whose Result selects stable ID builtin.verify.verify_builtin_rules.trigonometry.try_verify_trigonometric_order_bound.02	reject builtin.verify.verify_builtin_rules.trigonometry.try_verify_trigonometric_order_bound.02 when target, ordered children, FactIds, bindings, or scope evidence is absent	inspect the exact producer Result and replace generic evidence for builtin.verify.verify_builtin_rules.trigonometry.try_verify_trigonometric_order_bound.02
P2_result_evidence_gap	builtin_uncatalogued	builtin.verify.verify_builtin_rules.type_predicates_builtin._verify_is_cart_fact_with_builtin_rules		evidence_gap	Codex	required: smallest .lit source whose Result selects stable ID builtin.verify.verify_builtin_rules.type_predicates_builtin._verify_is_cart_fact_with_builtin_rules	reject builtin.verify.verify_builtin_rules.type_predicates_builtin._verify_is_cart_fact_with_builtin_rules when target, ordered children, FactIds, bindings, or scope evidence is absent	inspect the exact producer Result and replace generic evidence for builtin.verify.verify_builtin_rules.type_predicates_builtin._verify_is_cart_fact_with_builtin_rules
P2_result_evidence_gap	builtin_uncatalogued	builtin.verify.verify_builtin_rules.type_predicates_builtin._verify_is_finite_set_fact_with_builtin_rules.01		evidence_gap	Codex	required: smallest .lit source whose Result selects stable ID builtin.verify.verify_builtin_rules.type_predicates_builtin._verify_is_finite_set_fact_with_builtin_rules.01	reject builtin.verify.verify_builtin_rules.type_predicates_builtin._verify_is_finite_set_fact_with_builtin_rules.01 when target, ordered children, FactIds, bindings, or scope evidence is absent	inspect the exact producer Result and replace generic evidence for builtin.verify.verify_builtin_rules.type_predicates_builtin._verify_is_finite_set_fact_with_builtin_rules.01
P2_result_evidence_gap	builtin_uncatalogued	builtin.verify.verify_builtin_rules.type_predicates_builtin._verify_is_finite_set_fact_with_builtin_rules.02		evidence_gap	Codex	required: smallest .lit source whose Result selects stable ID builtin.verify.verify_builtin_rules.type_predicates_builtin._verify_is_finite_set_fact_with_builtin_rules.02	reject builtin.verify.verify_builtin_rules.type_predicates_builtin._verify_is_finite_set_fact_with_builtin_rules.02 when target, ordered children, FactIds, bindings, or scope evidence is absent	inspect the exact producer Result and replace generic evidence for builtin.verify.verify_builtin_rules.type_predicates_builtin._verify_is_finite_set_fact_with_builtin_rules.02
P2_result_evidence_gap	builtin_uncatalogued	builtin.verify.verify_builtin_rules.type_predicates_builtin._verify_is_finite_set_fact_with_builtin_rules.03		evidence_gap	Codex	required: smallest .lit source whose Result selects stable ID builtin.verify.verify_builtin_rules.type_predicates_builtin._verify_is_finite_set_fact_with_builtin_rules.03	reject builtin.verify.verify_builtin_rules.type_predicates_builtin._verify_is_finite_set_fact_with_builtin_rules.03 when target, ordered children, FactIds, bindings, or scope evidence is absent	inspect the exact producer Result and replace generic evidence for builtin.verify.verify_builtin_rules.type_predicates_builtin._verify_is_finite_set_fact_with_builtin_rules.03
P2_result_evidence_gap	builtin_uncatalogued	builtin.verify.verify_builtin_rules.type_predicates_builtin._verify_is_finite_set_fact_with_builtin_rules.04		evidence_gap	Codex	required: smallest .lit source whose Result selects stable ID builtin.verify.verify_builtin_rules.type_predicates_builtin._verify_is_finite_set_fact_with_builtin_rules.04	reject builtin.verify.verify_builtin_rules.type_predicates_builtin._verify_is_finite_set_fact_with_builtin_rules.04 when target, ordered children, FactIds, bindings, or scope evidence is absent	inspect the exact producer Result and replace generic evidence for builtin.verify.verify_builtin_rules.type_predicates_builtin._verify_is_finite_set_fact_with_builtin_rules.04
P2_result_evidence_gap	builtin_uncatalogued	builtin.verify.verify_builtin_rules.type_predicates_builtin._verify_is_finite_set_fact_with_builtin_rules.05		evidence_gap	Codex	required: smallest .lit source whose Result selects stable ID builtin.verify.verify_builtin_rules.type_predicates_builtin._verify_is_finite_set_fact_with_builtin_rules.05	reject builtin.verify.verify_builtin_rules.type_predicates_builtin._verify_is_finite_set_fact_with_builtin_rules.05 when target, ordered children, FactIds, bindings, or scope evidence is absent	inspect the exact producer Result and replace generic evidence for builtin.verify.verify_builtin_rules.type_predicates_builtin._verify_is_finite_set_fact_with_builtin_rules.05
P2_result_evidence_gap	builtin_uncatalogued	builtin.verify.verify_builtin_rules.type_predicates_builtin._verify_is_finite_set_fact_with_builtin_rules.06		evidence_gap	Codex	required: smallest .lit source whose Result selects stable ID builtin.verify.verify_builtin_rules.type_predicates_builtin._verify_is_finite_set_fact_with_builtin_rules.06	reject builtin.verify.verify_builtin_rules.type_predicates_builtin._verify_is_finite_set_fact_with_builtin_rules.06 when target, ordered children, FactIds, bindings, or scope evidence is absent	inspect the exact producer Result and replace generic evidence for builtin.verify.verify_builtin_rules.type_predicates_builtin._verify_is_finite_set_fact_with_builtin_rules.06
P2_result_evidence_gap	builtin_uncatalogued	builtin.verify.verify_builtin_rules.type_predicates_builtin._verify_is_nonempty_set_fact_with_builtin_rules.01		evidence_gap	Codex	required: smallest .lit source whose Result selects stable ID builtin.verify.verify_builtin_rules.type_predicates_builtin._verify_is_nonempty_set_fact_with_builtin_rules.01	reject builtin.verify.verify_builtin_rules.type_predicates_builtin._verify_is_nonempty_set_fact_with_builtin_rules.01 when target, ordered children, FactIds, bindings, or scope evidence is absent	inspect the exact producer Result and replace generic evidence for builtin.verify.verify_builtin_rules.type_predicates_builtin._verify_is_nonempty_set_fact_with_builtin_rules.01
P2_result_evidence_gap	builtin_uncatalogued	builtin.verify.verify_builtin_rules.type_predicates_builtin._verify_is_nonempty_set_fact_with_builtin_rules.02		evidence_gap	Codex	required: smallest .lit source whose Result selects stable ID builtin.verify.verify_builtin_rules.type_predicates_builtin._verify_is_nonempty_set_fact_with_builtin_rules.02	reject builtin.verify.verify_builtin_rules.type_predicates_builtin._verify_is_nonempty_set_fact_with_builtin_rules.02 when target, ordered children, FactIds, bindings, or scope evidence is absent	inspect the exact producer Result and replace generic evidence for builtin.verify.verify_builtin_rules.type_predicates_builtin._verify_is_nonempty_set_fact_with_builtin_rules.02
P2_result_evidence_gap	builtin_uncatalogued	builtin.verify.verify_builtin_rules.type_predicates_builtin._verify_is_nonempty_set_fact_with_builtin_rules.03		evidence_gap	Codex	required: smallest .lit source whose Result selects stable ID builtin.verify.verify_builtin_rules.type_predicates_builtin._verify_is_nonempty_set_fact_with_builtin_rules.03	reject builtin.verify.verify_builtin_rules.type_predicates_builtin._verify_is_nonempty_set_fact_with_builtin_rules.03 when target, ordered children, FactIds, bindings, or scope evidence is absent	inspect the exact producer Result and replace generic evidence for builtin.verify.verify_builtin_rules.type_predicates_builtin._verify_is_nonempty_set_fact_with_builtin_rules.03
P2_result_evidence_gap	builtin_uncatalogued	builtin.verify.verify_builtin_rules.type_predicates_builtin._verify_is_nonempty_set_fact_with_builtin_rules.04		evidence_gap	Codex	required: smallest .lit source whose Result selects stable ID builtin.verify.verify_builtin_rules.type_predicates_builtin._verify_is_nonempty_set_fact_with_builtin_rules.04	reject builtin.verify.verify_builtin_rules.type_predicates_builtin._verify_is_nonempty_set_fact_with_builtin_rules.04 when target, ordered children, FactIds, bindings, or scope evidence is absent	inspect the exact producer Result and replace generic evidence for builtin.verify.verify_builtin_rules.type_predicates_builtin._verify_is_nonempty_set_fact_with_builtin_rules.04
P2_result_evidence_gap	builtin_uncatalogued	builtin.verify.verify_builtin_rules.type_predicates_builtin._verify_is_nonempty_set_fact_with_builtin_rules.05		evidence_gap	Codex	required: smallest .lit source whose Result selects stable ID builtin.verify.verify_builtin_rules.type_predicates_builtin._verify_is_nonempty_set_fact_with_builtin_rules.05	reject builtin.verify.verify_builtin_rules.type_predicates_builtin._verify_is_nonempty_set_fact_with_builtin_rules.05 when target, ordered children, FactIds, bindings, or scope evidence is absent	inspect the exact producer Result and replace generic evidence for builtin.verify.verify_builtin_rules.type_predicates_builtin._verify_is_nonempty_set_fact_with_builtin_rules.05
P2_result_evidence_gap	builtin_uncatalogued	builtin.verify.verify_builtin_rules.type_predicates_builtin._verify_is_nonempty_set_fact_with_builtin_rules.06		evidence_gap	Codex	required: smallest .lit source whose Result selects stable ID builtin.verify.verify_builtin_rules.type_predicates_builtin._verify_is_nonempty_set_fact_with_builtin_rules.06	reject builtin.verify.verify_builtin_rules.type_predicates_builtin._verify_is_nonempty_set_fact_with_builtin_rules.06 when target, ordered children, FactIds, bindings, or scope evidence is absent	inspect the exact producer Result and replace generic evidence for builtin.verify.verify_builtin_rules.type_predicates_builtin._verify_is_nonempty_set_fact_with_builtin_rules.06
P2_result_evidence_gap	builtin_uncatalogued	builtin.verify.verify_builtin_rules.type_predicates_builtin._verify_is_nonempty_set_fact_with_builtin_rules.07		evidence_gap	Codex	required: smallest .lit source whose Result selects stable ID builtin.verify.verify_builtin_rules.type_predicates_builtin._verify_is_nonempty_set_fact_with_builtin_rules.07	reject builtin.verify.verify_builtin_rules.type_predicates_builtin._verify_is_nonempty_set_fact_with_builtin_rules.07 when target, ordered children, FactIds, bindings, or scope evidence is absent	inspect the exact producer Result and replace generic evidence for builtin.verify.verify_builtin_rules.type_predicates_builtin._verify_is_nonempty_set_fact_with_builtin_rules.07
P2_result_evidence_gap	builtin_uncatalogued	builtin.verify.verify_builtin_rules.type_predicates_builtin._verify_is_nonempty_set_fact_with_builtin_rules.08		evidence_gap	Codex	required: smallest .lit source whose Result selects stable ID builtin.verify.verify_builtin_rules.type_predicates_builtin._verify_is_nonempty_set_fact_with_builtin_rules.08	reject builtin.verify.verify_builtin_rules.type_predicates_builtin._verify_is_nonempty_set_fact_with_builtin_rules.08 when target, ordered children, FactIds, bindings, or scope evidence is absent	inspect the exact producer Result and replace generic evidence for builtin.verify.verify_builtin_rules.type_predicates_builtin._verify_is_nonempty_set_fact_with_builtin_rules.08
P2_result_evidence_gap	builtin_uncatalogued	builtin.verify.verify_builtin_rules.type_predicates_builtin._verify_is_nonempty_set_fact_with_builtin_rules.09		evidence_gap	Codex	required: smallest .lit source whose Result selects stable ID builtin.verify.verify_builtin_rules.type_predicates_builtin._verify_is_nonempty_set_fact_with_builtin_rules.09	reject builtin.verify.verify_builtin_rules.type_predicates_builtin._verify_is_nonempty_set_fact_with_builtin_rules.09 when target, ordered children, FactIds, bindings, or scope evidence is absent	inspect the exact producer Result and replace generic evidence for builtin.verify.verify_builtin_rules.type_predicates_builtin._verify_is_nonempty_set_fact_with_builtin_rules.09
P2_result_evidence_gap	builtin_uncatalogued	builtin.verify.verify_builtin_rules.type_predicates_builtin._verify_is_nonempty_set_fact_with_builtin_rules.10		evidence_gap	Codex	required: smallest .lit source whose Result selects stable ID builtin.verify.verify_builtin_rules.type_predicates_builtin._verify_is_nonempty_set_fact_with_builtin_rules.10	reject builtin.verify.verify_builtin_rules.type_predicates_builtin._verify_is_nonempty_set_fact_with_builtin_rules.10 when target, ordered children, FactIds, bindings, or scope evidence is absent	inspect the exact producer Result and replace generic evidence for builtin.verify.verify_builtin_rules.type_predicates_builtin._verify_is_nonempty_set_fact_with_builtin_rules.10
P2_result_evidence_gap	builtin_uncatalogued	builtin.verify.verify_builtin_rules.type_predicates_builtin._verify_is_nonempty_set_fact_with_builtin_rules.11		evidence_gap	Codex	required: smallest .lit source whose Result selects stable ID builtin.verify.verify_builtin_rules.type_predicates_builtin._verify_is_nonempty_set_fact_with_builtin_rules.11	reject builtin.verify.verify_builtin_rules.type_predicates_builtin._verify_is_nonempty_set_fact_with_builtin_rules.11 when target, ordered children, FactIds, bindings, or scope evidence is absent	inspect the exact producer Result and replace generic evidence for builtin.verify.verify_builtin_rules.type_predicates_builtin._verify_is_nonempty_set_fact_with_builtin_rules.11
P2_result_evidence_gap	builtin_uncatalogued	builtin.verify.verify_builtin_rules.type_predicates_builtin._verify_is_nonempty_set_fact_with_builtin_rules.12		evidence_gap	Codex	required: smallest .lit source whose Result selects stable ID builtin.verify.verify_builtin_rules.type_predicates_builtin._verify_is_nonempty_set_fact_with_builtin_rules.12	reject builtin.verify.verify_builtin_rules.type_predicates_builtin._verify_is_nonempty_set_fact_with_builtin_rules.12 when target, ordered children, FactIds, bindings, or scope evidence is absent	inspect the exact producer Result and replace generic evidence for builtin.verify.verify_builtin_rules.type_predicates_builtin._verify_is_nonempty_set_fact_with_builtin_rules.12
P2_result_evidence_gap	builtin_uncatalogued	builtin.verify.verify_builtin_rules.type_predicates_builtin._verify_is_nonempty_set_fact_with_builtin_rules.13		evidence_gap	Codex	required: smallest .lit source whose Result selects stable ID builtin.verify.verify_builtin_rules.type_predicates_builtin._verify_is_nonempty_set_fact_with_builtin_rules.13	reject builtin.verify.verify_builtin_rules.type_predicates_builtin._verify_is_nonempty_set_fact_with_builtin_rules.13 when target, ordered children, FactIds, bindings, or scope evidence is absent	inspect the exact producer Result and replace generic evidence for builtin.verify.verify_builtin_rules.type_predicates_builtin._verify_is_nonempty_set_fact_with_builtin_rules.13
P2_result_evidence_gap	builtin_uncatalogued	builtin.verify.verify_builtin_rules.type_predicates_builtin._verify_is_nonempty_set_fact_with_builtin_rules.14		evidence_gap	Codex	required: smallest .lit source whose Result selects stable ID builtin.verify.verify_builtin_rules.type_predicates_builtin._verify_is_nonempty_set_fact_with_builtin_rules.14	reject builtin.verify.verify_builtin_rules.type_predicates_builtin._verify_is_nonempty_set_fact_with_builtin_rules.14 when target, ordered children, FactIds, bindings, or scope evidence is absent	inspect the exact producer Result and replace generic evidence for builtin.verify.verify_builtin_rules.type_predicates_builtin._verify_is_nonempty_set_fact_with_builtin_rules.14
P2_result_evidence_gap	builtin_uncatalogued	builtin.verify.verify_builtin_rules.type_predicates_builtin._verify_is_nonempty_set_fact_with_builtin_rules.15		evidence_gap	Codex	required: smallest .lit source whose Result selects stable ID builtin.verify.verify_builtin_rules.type_predicates_builtin._verify_is_nonempty_set_fact_with_builtin_rules.15	reject builtin.verify.verify_builtin_rules.type_predicates_builtin._verify_is_nonempty_set_fact_with_builtin_rules.15 when target, ordered children, FactIds, bindings, or scope evidence is absent	inspect the exact producer Result and replace generic evidence for builtin.verify.verify_builtin_rules.type_predicates_builtin._verify_is_nonempty_set_fact_with_builtin_rules.15
P2_result_evidence_gap	builtin_uncatalogued	builtin.verify.verify_builtin_rules.type_predicates_builtin._verify_is_nonempty_set_fact_with_builtin_rules.16		evidence_gap	Codex	required: smallest .lit source whose Result selects stable ID builtin.verify.verify_builtin_rules.type_predicates_builtin._verify_is_nonempty_set_fact_with_builtin_rules.16	reject builtin.verify.verify_builtin_rules.type_predicates_builtin._verify_is_nonempty_set_fact_with_builtin_rules.16 when target, ordered children, FactIds, bindings, or scope evidence is absent	inspect the exact producer Result and replace generic evidence for builtin.verify.verify_builtin_rules.type_predicates_builtin._verify_is_nonempty_set_fact_with_builtin_rules.16
P2_result_evidence_gap	builtin_uncatalogued	builtin.verify.verify_builtin_rules.type_predicates_builtin._verify_is_tuple_fact_with_builtin_rules		evidence_gap	Codex	required: smallest .lit source whose Result selects stable ID builtin.verify.verify_builtin_rules.type_predicates_builtin._verify_is_tuple_fact_with_builtin_rules	reject builtin.verify.verify_builtin_rules.type_predicates_builtin._verify_is_tuple_fact_with_builtin_rules when target, ordered children, FactIds, bindings, or scope evidence is absent	inspect the exact producer Result and replace generic evidence for builtin.verify.verify_builtin_rules.type_predicates_builtin._verify_is_tuple_fact_with_builtin_rules
P2_result_evidence_gap	builtin_uncatalogued	builtin.verify.verify_builtin_rules.type_predicates_builtin._verify_not_is_nonempty_set_fact_with_builtin_rules.01		evidence_gap	Codex	required: smallest .lit source whose Result selects stable ID builtin.verify.verify_builtin_rules.type_predicates_builtin._verify_not_is_nonempty_set_fact_with_builtin_rules.01	reject builtin.verify.verify_builtin_rules.type_predicates_builtin._verify_not_is_nonempty_set_fact_with_builtin_rules.01 when target, ordered children, FactIds, bindings, or scope evidence is absent	inspect the exact producer Result and replace generic evidence for builtin.verify.verify_builtin_rules.type_predicates_builtin._verify_not_is_nonempty_set_fact_with_builtin_rules.01
P2_result_evidence_gap	builtin_uncatalogued	builtin.verify.verify_builtin_rules.type_predicates_builtin._verify_not_is_nonempty_set_fact_with_builtin_rules.02		evidence_gap	Codex	required: smallest .lit source whose Result selects stable ID builtin.verify.verify_builtin_rules.type_predicates_builtin._verify_not_is_nonempty_set_fact_with_builtin_rules.02	reject builtin.verify.verify_builtin_rules.type_predicates_builtin._verify_not_is_nonempty_set_fact_with_builtin_rules.02 when target, ordered children, FactIds, bindings, or scope evidence is absent	inspect the exact producer Result and replace generic evidence for builtin.verify.verify_builtin_rules.type_predicates_builtin._verify_not_is_nonempty_set_fact_with_builtin_rules.02
P2_result_evidence_gap	builtin_uncatalogued	builtin.verify.verify_builtin_rules.type_predicates_builtin._verify_not_is_nonempty_set_fact_with_builtin_rules.03		evidence_gap	Codex	required: smallest .lit source whose Result selects stable ID builtin.verify.verify_builtin_rules.type_predicates_builtin._verify_not_is_nonempty_set_fact_with_builtin_rules.03	reject builtin.verify.verify_builtin_rules.type_predicates_builtin._verify_not_is_nonempty_set_fact_with_builtin_rules.03 when target, ordered children, FactIds, bindings, or scope evidence is absent	inspect the exact producer Result and replace generic evidence for builtin.verify.verify_builtin_rules.type_predicates_builtin._verify_not_is_nonempty_set_fact_with_builtin_rules.03
P2_result_evidence_gap	builtin_uncatalogued	builtin.verify.verify_builtin_rules.type_predicates_builtin._verify_not_is_nonempty_set_fact_with_builtin_rules.04		evidence_gap	Codex	required: smallest .lit source whose Result selects stable ID builtin.verify.verify_builtin_rules.type_predicates_builtin._verify_not_is_nonempty_set_fact_with_builtin_rules.04	reject builtin.verify.verify_builtin_rules.type_predicates_builtin._verify_not_is_nonempty_set_fact_with_builtin_rules.04 when target, ordered children, FactIds, bindings, or scope evidence is absent	inspect the exact producer Result and replace generic evidence for builtin.verify.verify_builtin_rules.type_predicates_builtin._verify_not_is_nonempty_set_fact_with_builtin_rules.04
P2_result_evidence_gap	builtin_uncatalogued	builtin.verify.verify_builtin_rules.type_predicates_builtin._verify_not_is_nonempty_set_fact_with_builtin_rules.05		evidence_gap	Codex	required: smallest .lit source whose Result selects stable ID builtin.verify.verify_builtin_rules.type_predicates_builtin._verify_not_is_nonempty_set_fact_with_builtin_rules.05	reject builtin.verify.verify_builtin_rules.type_predicates_builtin._verify_not_is_nonempty_set_fact_with_builtin_rules.05 when target, ordered children, FactIds, bindings, or scope evidence is absent	inspect the exact producer Result and replace generic evidence for builtin.verify.verify_builtin_rules.type_predicates_builtin._verify_not_is_nonempty_set_fact_with_builtin_rules.05
P2_result_evidence_gap	builtin_uncatalogued	builtin.verify.verify_builtin_rules.type_predicates_builtin.try_verify_nonempty_finite_set_from_positive_finite_set_size		evidence_gap	Codex	required: smallest .lit source whose Result selects stable ID builtin.verify.verify_builtin_rules.type_predicates_builtin.try_verify_nonempty_finite_set_from_positive_finite_set_size	reject builtin.verify.verify_builtin_rules.type_predicates_builtin.try_verify_nonempty_finite_set_from_positive_finite_set_size when target, ordered children, FactIds, bindings, or scope evidence is absent	inspect the exact producer Result and replace generic evidence for builtin.verify.verify_builtin_rules.type_predicates_builtin.try_verify_nonempty_finite_set_from_positive_finite_set_size
P2_result_evidence_gap	builtin_uncatalogued	builtin.verify.verify_builtin_strategies.equality.verify_extremum_equality_with_builtin_strategy		evidence_gap	Codex	required: smallest .lit source whose Result selects stable ID builtin.verify.verify_builtin_strategies.equality.verify_extremum_equality_with_builtin_strategy	reject builtin.verify.verify_builtin_strategies.equality.verify_extremum_equality_with_builtin_strategy when target, ordered children, FactIds, bindings, or scope evidence is absent	inspect the exact producer Result and replace generic evidence for builtin.verify.verify_builtin_strategies.equality.verify_extremum_equality_with_builtin_strategy
P2_result_evidence_gap	builtin_uncatalogued	builtin.verify.verify_builtin_strategies.equality.verify_finite_set_product_pointwise_equality_with_builtin_strategy		evidence_gap	Codex	required: smallest .lit source whose Result selects stable ID builtin.verify.verify_builtin_strategies.equality.verify_finite_set_product_pointwise_equality_with_builtin_strategy	reject builtin.verify.verify_builtin_strategies.equality.verify_finite_set_product_pointwise_equality_with_builtin_strategy when target, ordered children, FactIds, bindings, or scope evidence is absent	inspect the exact producer Result and replace generic evidence for builtin.verify.verify_builtin_strategies.equality.verify_finite_set_product_pointwise_equality_with_builtin_strategy
P2_result_evidence_gap	builtin_uncatalogued	builtin.verify.verify_builtin_strategies.equality.verify_mod_congruence_with_builtin_strategy		evidence_gap	Codex	required: smallest .lit source whose Result selects stable ID builtin.verify.verify_builtin_strategies.equality.verify_mod_congruence_with_builtin_strategy	reject builtin.verify.verify_builtin_strategies.equality.verify_mod_congruence_with_builtin_strategy when target, ordered children, FactIds, bindings, or scope evidence is absent	inspect the exact producer Result and replace generic evidence for builtin.verify.verify_builtin_strategies.equality.verify_mod_congruence_with_builtin_strategy
P2_result_evidence_gap	builtin_uncatalogued	builtin.verify.verify_builtin_strategies.nonzero.verify_nonzero_product_with_builtin_strategy		evidence_gap	Codex	required: smallest .lit source whose Result selects stable ID builtin.verify.verify_builtin_strategies.nonzero.verify_nonzero_product_with_builtin_strategy	reject builtin.verify.verify_builtin_strategies.nonzero.verify_nonzero_product_with_builtin_strategy when target, ordered children, FactIds, bindings, or scope evidence is absent	inspect the exact producer Result and replace generic evidence for builtin.verify.verify_builtin_strategies.nonzero.verify_nonzero_product_with_builtin_strategy
P2_result_evidence_gap	builtin_uncatalogued	builtin.verify.verify_builtin_strategies.numeric_carrier.verify_numeric_carrier_with_builtin_strategy.01		evidence_gap	Codex	required: smallest .lit source whose Result selects stable ID builtin.verify.verify_builtin_strategies.numeric_carrier.verify_numeric_carrier_with_builtin_strategy.01	reject builtin.verify.verify_builtin_strategies.numeric_carrier.verify_numeric_carrier_with_builtin_strategy.01 when target, ordered children, FactIds, bindings, or scope evidence is absent	inspect the exact producer Result and replace generic evidence for builtin.verify.verify_builtin_strategies.numeric_carrier.verify_numeric_carrier_with_builtin_strategy.01
P2_result_evidence_gap	builtin_uncatalogued	builtin.verify.verify_builtin_strategies.numeric_carrier.verify_numeric_carrier_with_builtin_strategy.02		evidence_gap	Codex	required: smallest .lit source whose Result selects stable ID builtin.verify.verify_builtin_strategies.numeric_carrier.verify_numeric_carrier_with_builtin_strategy.02	reject builtin.verify.verify_builtin_strategies.numeric_carrier.verify_numeric_carrier_with_builtin_strategy.02 when target, ordered children, FactIds, bindings, or scope evidence is absent	inspect the exact producer Result and replace generic evidence for builtin.verify.verify_builtin_strategies.numeric_carrier.verify_numeric_carrier_with_builtin_strategy.02
P2_result_evidence_gap	builtin_uncatalogued	builtin.verify.verify_builtin_strategies.numeric_carrier.verify_numeric_carrier_with_builtin_strategy.03		evidence_gap	Codex	required: smallest .lit source whose Result selects stable ID builtin.verify.verify_builtin_strategies.numeric_carrier.verify_numeric_carrier_with_builtin_strategy.03	reject builtin.verify.verify_builtin_strategies.numeric_carrier.verify_numeric_carrier_with_builtin_strategy.03 when target, ordered children, FactIds, bindings, or scope evidence is absent	inspect the exact producer Result and replace generic evidence for builtin.verify.verify_builtin_strategies.numeric_carrier.verify_numeric_carrier_with_builtin_strategy.03
P2_result_evidence_gap	builtin_uncatalogued	builtin.verify.verify_builtin_strategies.numeric_carrier.verify_positive_natural_carrier_strategy		evidence_gap	Codex	required: smallest .lit source whose Result selects stable ID builtin.verify.verify_builtin_strategies.numeric_carrier.verify_positive_natural_carrier_strategy	reject builtin.verify.verify_builtin_strategies.numeric_carrier.verify_positive_natural_carrier_strategy when target, ordered children, FactIds, bindings, or scope evidence is absent	inspect the exact producer Result and replace generic evidence for builtin.verify.verify_builtin_strategies.numeric_carrier.verify_positive_natural_carrier_strategy
P2_result_evidence_gap	builtin_uncatalogued	builtin.verify.verify_builtin_strategies.numeric_sign.verify_additive_sign_with_builtin_strategy.01		evidence_gap	Codex	required: smallest .lit source whose Result selects stable ID builtin.verify.verify_builtin_strategies.numeric_sign.verify_additive_sign_with_builtin_strategy.01	reject builtin.verify.verify_builtin_strategies.numeric_sign.verify_additive_sign_with_builtin_strategy.01 when target, ordered children, FactIds, bindings, or scope evidence is absent	inspect the exact producer Result and replace generic evidence for builtin.verify.verify_builtin_strategies.numeric_sign.verify_additive_sign_with_builtin_strategy.01
P2_result_evidence_gap	builtin_uncatalogued	builtin.verify.verify_builtin_strategies.numeric_sign.verify_additive_sign_with_builtin_strategy.02		evidence_gap	Codex	required: smallest .lit source whose Result selects stable ID builtin.verify.verify_builtin_strategies.numeric_sign.verify_additive_sign_with_builtin_strategy.02	reject builtin.verify.verify_builtin_strategies.numeric_sign.verify_additive_sign_with_builtin_strategy.02 when target, ordered children, FactIds, bindings, or scope evidence is absent	inspect the exact producer Result and replace generic evidence for builtin.verify.verify_builtin_strategies.numeric_sign.verify_additive_sign_with_builtin_strategy.02
P2_result_evidence_gap	builtin_uncatalogued	builtin.verify.verify_builtin_strategies.numeric_sign.verify_additive_sign_with_builtin_strategy.03		evidence_gap	Codex	required: smallest .lit source whose Result selects stable ID builtin.verify.verify_builtin_strategies.numeric_sign.verify_additive_sign_with_builtin_strategy.03	reject builtin.verify.verify_builtin_strategies.numeric_sign.verify_additive_sign_with_builtin_strategy.03 when target, ordered children, FactIds, bindings, or scope evidence is absent	inspect the exact producer Result and replace generic evidence for builtin.verify.verify_builtin_strategies.numeric_sign.verify_additive_sign_with_builtin_strategy.03
P2_result_evidence_gap	builtin_uncatalogued	builtin.verify.verify_builtin_strategies.numeric_sign.verify_additive_sign_with_builtin_strategy.04		evidence_gap	Codex	required: smallest .lit source whose Result selects stable ID builtin.verify.verify_builtin_strategies.numeric_sign.verify_additive_sign_with_builtin_strategy.04	reject builtin.verify.verify_builtin_strategies.numeric_sign.verify_additive_sign_with_builtin_strategy.04 when target, ordered children, FactIds, bindings, or scope evidence is absent	inspect the exact producer Result and replace generic evidence for builtin.verify.verify_builtin_strategies.numeric_sign.verify_additive_sign_with_builtin_strategy.04
P2_result_evidence_gap	builtin_uncatalogued	builtin.verify.verify_builtin_strategies.set_membership.verify_set_membership_with_builtin_strategy		evidence_gap	Codex	required: smallest .lit source whose Result selects stable ID builtin.verify.verify_builtin_strategies.set_membership.verify_set_membership_with_builtin_strategy	reject builtin.verify.verify_builtin_strategies.set_membership.verify_set_membership_with_builtin_strategy when target, ordered children, FactIds, bindings, or scope evidence is absent	inspect the exact producer Result and replace generic evidence for builtin.verify.verify_builtin_strategies.set_membership.verify_set_membership_with_builtin_strategy
P2_result_evidence_gap	builtin_uncatalogued	builtin.verify.verify_builtin_strategies.set_membership.verify_subset_with_builtin_strategy		evidence_gap	Codex	required: smallest .lit source whose Result selects stable ID builtin.verify.verify_builtin_strategies.set_membership.verify_subset_with_builtin_strategy	reject builtin.verify.verify_builtin_strategies.set_membership.verify_subset_with_builtin_strategy when target, ordered children, FactIds, bindings, or scope evidence is absent	inspect the exact producer Result and replace generic evidence for builtin.verify.verify_builtin_strategies.set_membership.verify_subset_with_builtin_strategy
P2_result_evidence_gap	builtin_uncatalogued	builtin.verify.verify_builtin_strategies.type_predicates.verify_is_finite_set_with_builtin_strategy		evidence_gap	Codex	required: smallest .lit source whose Result selects stable ID builtin.verify.verify_builtin_strategies.type_predicates.verify_is_finite_set_with_builtin_strategy	reject builtin.verify.verify_builtin_strategies.type_predicates.verify_is_finite_set_with_builtin_strategy when target, ordered children, FactIds, bindings, or scope evidence is absent	inspect the exact producer Result and replace generic evidence for builtin.verify.verify_builtin_strategies.type_predicates.verify_is_finite_set_with_builtin_strategy
P2_result_evidence_gap	builtin_uncatalogued	builtin.verify.verify_builtin_strategies.type_predicates.verify_is_nonempty_set_with_builtin_strategy.01		evidence_gap	Codex	required: smallest .lit source whose Result selects stable ID builtin.verify.verify_builtin_strategies.type_predicates.verify_is_nonempty_set_with_builtin_strategy.01	reject builtin.verify.verify_builtin_strategies.type_predicates.verify_is_nonempty_set_with_builtin_strategy.01 when target, ordered children, FactIds, bindings, or scope evidence is absent	inspect the exact producer Result and replace generic evidence for builtin.verify.verify_builtin_strategies.type_predicates.verify_is_nonempty_set_with_builtin_strategy.01
P2_result_evidence_gap	builtin_uncatalogued	builtin.verify.verify_builtin_strategies.type_predicates.verify_is_nonempty_set_with_builtin_strategy.02		evidence_gap	Codex	required: smallest .lit source whose Result selects stable ID builtin.verify.verify_builtin_strategies.type_predicates.verify_is_nonempty_set_with_builtin_strategy.02	reject builtin.verify.verify_builtin_strategies.type_predicates.verify_is_nonempty_set_with_builtin_strategy.02 when target, ordered children, FactIds, bindings, or scope evidence is absent	inspect the exact producer Result and replace generic evidence for builtin.verify.verify_builtin_strategies.type_predicates.verify_is_nonempty_set_with_builtin_strategy.02
P2_result_evidence_gap	builtin_uncatalogued	builtin.verify.verify_builtin_strategies.type_predicates.verify_is_nonempty_set_with_builtin_strategy.03		evidence_gap	Codex	required: smallest .lit source whose Result selects stable ID builtin.verify.verify_builtin_strategies.type_predicates.verify_is_nonempty_set_with_builtin_strategy.03	reject builtin.verify.verify_builtin_strategies.type_predicates.verify_is_nonempty_set_with_builtin_strategy.03 when target, ordered children, FactIds, bindings, or scope evidence is absent	inspect the exact producer Result and replace generic evidence for builtin.verify.verify_builtin_strategies.type_predicates.verify_is_nonempty_set_with_builtin_strategy.03
P2_result_evidence_gap	builtin_uncatalogued	builtin.verify.verify_builtin_strategies.type_predicates.verify_is_nonempty_set_with_builtin_strategy.04		evidence_gap	Codex	required: smallest .lit source whose Result selects stable ID builtin.verify.verify_builtin_strategies.type_predicates.verify_is_nonempty_set_with_builtin_strategy.04	reject builtin.verify.verify_builtin_strategies.type_predicates.verify_is_nonempty_set_with_builtin_strategy.04 when target, ordered children, FactIds, bindings, or scope evidence is absent	inspect the exact producer Result and replace generic evidence for builtin.verify.verify_builtin_strategies.type_predicates.verify_is_nonempty_set_with_builtin_strategy.04
P2_result_evidence_gap	builtin_uncatalogued	builtin.verify.verify_builtin_strategies.type_predicates.verify_is_nonempty_set_with_builtin_strategy.05		evidence_gap	Codex	required: smallest .lit source whose Result selects stable ID builtin.verify.verify_builtin_strategies.type_predicates.verify_is_nonempty_set_with_builtin_strategy.05	reject builtin.verify.verify_builtin_strategies.type_predicates.verify_is_nonempty_set_with_builtin_strategy.05 when target, ordered children, FactIds, bindings, or scope evidence is absent	inspect the exact producer Result and replace generic evidence for builtin.verify.verify_builtin_strategies.type_predicates.verify_is_nonempty_set_with_builtin_strategy.05
P2_result_evidence_gap	builtin_uncatalogued	builtin.verify.verify_builtin_strategies.type_predicates.verify_nonempty_constructor_strategy		evidence_gap	Codex	required: smallest .lit source whose Result selects stable ID builtin.verify.verify_builtin_strategies.type_predicates.verify_nonempty_constructor_strategy	reject builtin.verify.verify_builtin_strategies.type_predicates.verify_nonempty_constructor_strategy when target, ordered children, FactIds, bindings, or scope evidence is absent	inspect the exact producer Result and replace generic evidence for builtin.verify.verify_builtin_strategies.type_predicates.verify_nonempty_constructor_strategy
P2_result_evidence_gap	fact_proof	SuccessFactProofResult::DiagnosticOnly		evidence_gap	Codex	required: smallest .lit source whose completed Result contains SuccessFactProofResult::DiagnosticOnly	reject SuccessFactProofResult::DiagnosticOnly when target, ordered children, FactIds, bindings, or scope evidence is absent	inspect the exact producer Result and replace generic evidence for SuccessFactProofResult::DiagnosticOnly
P3_kernelize_mapped_route	atomic_fact	AtomicFact::EqualFact		mapped_not_kernel_checked	Codex	required: smallest .lit source whose completed Result contains AtomicFact::EqualFact	reject a forged AtomicFact::EqualFact Result with mismatched target, evidence, order, or effects	attach a positive tracer and real Lean kernel gate for AtomicFact::EqualFact
P3_kernelize_mapped_route	atomic_fact	AtomicFact::GreaterEqualFact		mapped_not_kernel_checked	Codex	required: smallest .lit source whose completed Result contains AtomicFact::GreaterEqualFact	reject a forged AtomicFact::GreaterEqualFact Result with mismatched target, evidence, order, or effects	attach a positive tracer and real Lean kernel gate for AtomicFact::GreaterEqualFact
P3_kernelize_mapped_route	atomic_fact	AtomicFact::GreaterFact		mapped_not_kernel_checked	Codex	required: smallest .lit source whose completed Result contains AtomicFact::GreaterFact	reject a forged AtomicFact::GreaterFact Result with mismatched target, evidence, order, or effects	attach a positive tracer and real Lean kernel gate for AtomicFact::GreaterFact
P3_kernelize_mapped_route	atomic_fact	AtomicFact::InFact		mapped_not_kernel_checked	Codex	required: smallest .lit source whose completed Result contains AtomicFact::InFact	reject a forged AtomicFact::InFact Result with mismatched target, evidence, order, or effects	attach a positive tracer and real Lean kernel gate for AtomicFact::InFact
P3_kernelize_mapped_route	atomic_fact	AtomicFact::IsFiniteSetFact		mapped_not_kernel_checked	Codex	required: smallest .lit source whose completed Result contains AtomicFact::IsFiniteSetFact	reject a forged AtomicFact::IsFiniteSetFact Result with mismatched target, evidence, order, or effects	attach a positive tracer and real Lean kernel gate for AtomicFact::IsFiniteSetFact
P3_kernelize_mapped_route	atomic_fact	AtomicFact::IsNonemptySetFact		mapped_not_kernel_checked	Codex	required: smallest .lit source whose completed Result contains AtomicFact::IsNonemptySetFact	reject a forged AtomicFact::IsNonemptySetFact Result with mismatched target, evidence, order, or effects	attach a positive tracer and real Lean kernel gate for AtomicFact::IsNonemptySetFact
P3_kernelize_mapped_route	atomic_fact	AtomicFact::IsSetFact		mapped_not_kernel_checked	Codex	required: smallest .lit source whose completed Result contains AtomicFact::IsSetFact	reject a forged AtomicFact::IsSetFact Result with mismatched target, evidence, order, or effects	attach a positive tracer and real Lean kernel gate for AtomicFact::IsSetFact
P3_kernelize_mapped_route	atomic_fact	AtomicFact::IsTupleFact		mapped_not_kernel_checked	Codex	required: smallest .lit source whose completed Result contains AtomicFact::IsTupleFact	reject a forged AtomicFact::IsTupleFact Result with mismatched target, evidence, order, or effects	attach a positive tracer and real Lean kernel gate for AtomicFact::IsTupleFact
P3_kernelize_mapped_route	atomic_fact	AtomicFact::LessEqualFact		mapped_not_kernel_checked	Codex	required: smallest .lit source whose completed Result contains AtomicFact::LessEqualFact	reject a forged AtomicFact::LessEqualFact Result with mismatched target, evidence, order, or effects	attach a positive tracer and real Lean kernel gate for AtomicFact::LessEqualFact
P3_kernelize_mapped_route	atomic_fact	AtomicFact::LessFact		mapped_not_kernel_checked	Codex	required: smallest .lit source whose completed Result contains AtomicFact::LessFact	reject a forged AtomicFact::LessFact Result with mismatched target, evidence, order, or effects	attach a positive tracer and real Lean kernel gate for AtomicFact::LessFact
P3_kernelize_mapped_route	atomic_fact	AtomicFact::NormalAtomicFact		mapped_not_kernel_checked	Codex	required: smallest .lit source whose completed Result contains AtomicFact::NormalAtomicFact	reject a forged AtomicFact::NormalAtomicFact Result with mismatched target, evidence, order, or effects	attach a positive tracer and real Lean kernel gate for AtomicFact::NormalAtomicFact
P3_kernelize_mapped_route	atomic_fact	AtomicFact::NotEqualFact		mapped_not_kernel_checked	Codex	required: smallest .lit source whose completed Result contains AtomicFact::NotEqualFact	reject a forged AtomicFact::NotEqualFact Result with mismatched target, evidence, order, or effects	attach a positive tracer and real Lean kernel gate for AtomicFact::NotEqualFact
P3_kernelize_mapped_route	atomic_fact	AtomicFact::NotGreaterEqualFact		mapped_not_kernel_checked	Codex	required: smallest .lit source whose completed Result contains AtomicFact::NotGreaterEqualFact	reject a forged AtomicFact::NotGreaterEqualFact Result with mismatched target, evidence, order, or effects	attach a positive tracer and real Lean kernel gate for AtomicFact::NotGreaterEqualFact
P3_kernelize_mapped_route	atomic_fact	AtomicFact::NotGreaterFact		mapped_not_kernel_checked	Codex	required: smallest .lit source whose completed Result contains AtomicFact::NotGreaterFact	reject a forged AtomicFact::NotGreaterFact Result with mismatched target, evidence, order, or effects	attach a positive tracer and real Lean kernel gate for AtomicFact::NotGreaterFact
P3_kernelize_mapped_route	atomic_fact	AtomicFact::NotInFact		mapped_not_kernel_checked	Codex	required: smallest .lit source whose completed Result contains AtomicFact::NotInFact	reject a forged AtomicFact::NotInFact Result with mismatched target, evidence, order, or effects	attach a positive tracer and real Lean kernel gate for AtomicFact::NotInFact
P3_kernelize_mapped_route	atomic_fact	AtomicFact::NotIsCartFact		mapped_not_kernel_checked	Codex	required: smallest .lit source whose completed Result contains AtomicFact::NotIsCartFact	reject a forged AtomicFact::NotIsCartFact Result with mismatched target, evidence, order, or effects	attach a positive tracer and real Lean kernel gate for AtomicFact::NotIsCartFact
P3_kernelize_mapped_route	atomic_fact	AtomicFact::NotIsFiniteSetFact		mapped_not_kernel_checked	Codex	required: smallest .lit source whose completed Result contains AtomicFact::NotIsFiniteSetFact	reject a forged AtomicFact::NotIsFiniteSetFact Result with mismatched target, evidence, order, or effects	attach a positive tracer and real Lean kernel gate for AtomicFact::NotIsFiniteSetFact
P3_kernelize_mapped_route	atomic_fact	AtomicFact::NotIsNonemptySetFact		mapped_not_kernel_checked	Codex	required: smallest .lit source whose completed Result contains AtomicFact::NotIsNonemptySetFact	reject a forged AtomicFact::NotIsNonemptySetFact Result with mismatched target, evidence, order, or effects	attach a positive tracer and real Lean kernel gate for AtomicFact::NotIsNonemptySetFact
P3_kernelize_mapped_route	atomic_fact	AtomicFact::NotIsSetFact		mapped_not_kernel_checked	Codex	required: smallest .lit source whose completed Result contains AtomicFact::NotIsSetFact	reject a forged AtomicFact::NotIsSetFact Result with mismatched target, evidence, order, or effects	attach a positive tracer and real Lean kernel gate for AtomicFact::NotIsSetFact
P3_kernelize_mapped_route	atomic_fact	AtomicFact::NotIsTupleFact		mapped_not_kernel_checked	Codex	required: smallest .lit source whose completed Result contains AtomicFact::NotIsTupleFact	reject a forged AtomicFact::NotIsTupleFact Result with mismatched target, evidence, order, or effects	attach a positive tracer and real Lean kernel gate for AtomicFact::NotIsTupleFact
P3_kernelize_mapped_route	atomic_fact	AtomicFact::NotLessEqualFact		mapped_not_kernel_checked	Codex	required: smallest .lit source whose completed Result contains AtomicFact::NotLessEqualFact	reject a forged AtomicFact::NotLessEqualFact Result with mismatched target, evidence, order, or effects	attach a positive tracer and real Lean kernel gate for AtomicFact::NotLessEqualFact
P3_kernelize_mapped_route	atomic_fact	AtomicFact::NotLessFact		mapped_not_kernel_checked	Codex	required: smallest .lit source whose completed Result contains AtomicFact::NotLessFact	reject a forged AtomicFact::NotLessFact Result with mismatched target, evidence, order, or effects	attach a positive tracer and real Lean kernel gate for AtomicFact::NotLessFact
P3_kernelize_mapped_route	atomic_fact	AtomicFact::NotNormalAtomicFact		mapped_not_kernel_checked	Codex	required: smallest .lit source whose completed Result contains AtomicFact::NotNormalAtomicFact	reject a forged AtomicFact::NotNormalAtomicFact Result with mismatched target, evidence, order, or effects	attach a positive tracer and real Lean kernel gate for AtomicFact::NotNormalAtomicFact
P3_kernelize_mapped_route	atomic_fact	AtomicFact::NotSubsetFact		mapped_not_kernel_checked	Codex	required: smallest .lit source whose completed Result contains AtomicFact::NotSubsetFact	reject a forged AtomicFact::NotSubsetFact Result with mismatched target, evidence, order, or effects	attach a positive tracer and real Lean kernel gate for AtomicFact::NotSubsetFact
P3_kernelize_mapped_route	atomic_fact	AtomicFact::NotSupersetFact		mapped_not_kernel_checked	Codex	required: smallest .lit source whose completed Result contains AtomicFact::NotSupersetFact	reject a forged AtomicFact::NotSupersetFact Result with mismatched target, evidence, order, or effects	attach a positive tracer and real Lean kernel gate for AtomicFact::NotSupersetFact
P3_kernelize_mapped_route	atomic_fact	AtomicFact::SubsetFact		mapped_not_kernel_checked	Codex	required: smallest .lit source whose completed Result contains AtomicFact::SubsetFact	reject a forged AtomicFact::SubsetFact Result with mismatched target, evidence, order, or effects	attach a positive tracer and real Lean kernel gate for AtomicFact::SubsetFact
P3_kernelize_mapped_route	atomic_fact	AtomicFact::SupersetFact		mapped_not_kernel_checked	Codex	required: smallest .lit source whose completed Result contains AtomicFact::SupersetFact	reject a forged AtomicFact::SupersetFact Result with mismatched target, evidence, order, or effects	attach a positive tracer and real Lean kernel gate for AtomicFact::SupersetFact
P3_kernelize_mapped_route	builtin_typed	aggregate.integer_range_sum_membership		mapped_not_kernel_checked	Codex	required: smallest .lit source whose Result selects stable ID aggregate.integer_range_sum_membership	reject a forged aggregate.integer_range_sum_membership Result with mismatched target, evidence, order, or effects	attach a positive tracer and real Lean kernel gate for aggregate.integer_range_sum_membership
P3_kernelize_mapped_route	builtin_typed	aggregate.integer_range_sum_pointwise_order		mapped_not_kernel_checked	Codex	required: smallest .lit source whose Result selects stable ID aggregate.integer_range_sum_pointwise_order	reject a forged aggregate.integer_range_sum_pointwise_order Result with mismatched target, evidence, order, or effects	attach a positive tracer and real Lean kernel gate for aggregate.integer_range_sum_pointwise_order
P3_kernelize_mapped_route	builtin_typed	aggregate.sum_single		mapped_not_kernel_checked	Codex	required: smallest .lit source whose Result selects stable ID aggregate.sum_single	reject a forged aggregate.sum_single Result with mismatched target, evidence, order, or effects	attach a positive tracer and real Lean kernel gate for aggregate.sum_single
P3_kernelize_mapped_route	builtin_typed	aggregate.sum_split_last		mapped_not_kernel_checked	Codex	required: smallest .lit source whose Result selects stable ID aggregate.sum_split_last	reject a forged aggregate.sum_split_last Result with mismatched target, evidence, order, or effects	attach a positive tracer and real Lean kernel gate for aggregate.sum_split_last
P3_kernelize_mapped_route	builtin_typed	algebra.abs_mul		mapped_not_kernel_checked	Codex	required: smallest .lit source whose Result selects stable ID algebra.abs_mul	reject a forged algebra.abs_mul Result with mismatched target, evidence, order, or effects	attach a positive tracer and real Lean kernel gate for algebra.abs_mul
P3_kernelize_mapped_route	builtin_typed	definition.projection		mapped_not_kernel_checked	Codex	required: smallest .lit source whose Result selects stable ID definition.projection	reject a forged definition.projection Result with mismatched target, evidence, order, or effects	attach a positive tracer and real Lean kernel gate for definition.projection
P3_kernelize_mapped_route	builtin_typed	equality.complex_algebraic_normalization		mapped_not_kernel_checked	Codex	required: smallest .lit source whose Result selects stable ID equality.complex_algebraic_normalization	reject a forged equality.complex_algebraic_normalization Result with mismatched target, evidence, order, or effects	attach a positive tracer and real Lean kernel gate for equality.complex_algebraic_normalization
P3_kernelize_mapped_route	builtin_typed	equality.integral_polynomial_normalization		mapped_not_kernel_checked	Codex	required: smallest .lit source whose Result selects stable ID equality.integral_polynomial_normalization	reject a forged equality.integral_polynomial_normalization Result with mismatched target, evidence, order, or effects	attach a positive tracer and real Lean kernel gate for equality.integral_polynomial_normalization
P3_kernelize_mapped_route	builtin_typed	equality.known_path		mapped_not_kernel_checked	Codex	required: smallest .lit source whose Result selects stable ID equality.known_path	reject a forged equality.known_path Result with mismatched target, evidence, order, or effects	attach a positive tracer and real Lean kernel gate for equality.known_path
P3_kernelize_mapped_route	builtin_typed	equality.object_reflexivity		mapped_not_kernel_checked	Codex	required: smallest .lit source whose Result selects stable ID equality.object_reflexivity	reject a forged equality.object_reflexivity Result with mismatched target, evidence, order, or effects	attach a positive tracer and real Lean kernel gate for equality.object_reflexivity
P3_kernelize_mapped_route	builtin_typed	equality.rational_algebraic_normalization		mapped_not_kernel_checked	Codex	required: smallest .lit source whose Result selects stable ID equality.rational_algebraic_normalization	reject a forged equality.rational_algebraic_normalization Result with mismatched target, evidence, order, or effects	attach a positive tracer and real Lean kernel gate for equality.rational_algebraic_normalization
P3_kernelize_mapped_route	builtin_typed	equality.rational_normalization		mapped_not_kernel_checked	Codex	required: smallest .lit source whose Result selects stable ID equality.rational_normalization	reject a forged equality.rational_normalization Result with mismatched target, evidence, order, or effects	attach a positive tracer and real Lean kernel gate for equality.rational_normalization
P3_kernelize_mapped_route	builtin_typed	equality.structural_definition_congruence		mapped_not_kernel_checked	Codex	required: smallest .lit source whose Result selects stable ID equality.structural_definition_congruence	reject a forged equality.structural_definition_congruence Result with mismatched target, evidence, order, or effects	attach a positive tracer and real Lean kernel gate for equality.structural_definition_congruence
P3_kernelize_mapped_route	builtin_typed	equality.structural_known_equality_congruence		mapped_not_kernel_checked	Codex	required: smallest .lit source whose Result selects stable ID equality.structural_known_equality_congruence	reject a forged equality.structural_known_equality_congruence Result with mismatched target, evidence, order, or effects	attach a positive tracer and real Lean kernel gate for equality.structural_known_equality_congruence
P3_kernelize_mapped_route	builtin_typed	equality.symmetry		mapped_not_kernel_checked	Codex	required: smallest .lit source whose Result selects stable ID equality.symmetry	reject a forged equality.symmetry Result with mismatched target, evidence, order, or effects	attach a positive tracer and real Lean kernel gate for equality.symmetry
P3_kernelize_mapped_route	builtin_typed	function.application_in_range		mapped_not_kernel_checked	Codex	required: smallest .lit source whose Result selects stable ID function.application_in_range	reject a forged function.application_in_range Result with mismatched target, evidence, order, or effects	attach a positive tracer and real Lean kernel gate for function.application_in_range
P3_kernelize_mapped_route	builtin_typed	function.application_return_membership		mapped_not_kernel_checked	Codex	required: smallest .lit source whose Result selects stable ID function.application_return_membership	reject a forged function.application_return_membership Result with mismatched target, evidence, order, or effects	attach a positive tracer and real Lean kernel gate for function.application_return_membership
P3_kernelize_mapped_route	builtin_typed	function.range_subset		mapped_not_kernel_checked	Codex	required: smallest .lit source whose Result selects stable ID function.range_subset	reject a forged function.range_subset Result with mismatched target, evidence, order, or effects	attach a positive tracer and real Lean kernel gate for function.range_subset
P3_kernelize_mapped_route	builtin_typed	function.set_membership		mapped_not_kernel_checked	Codex	required: smallest .lit source whose Result selects stable ID function.set_membership	reject a forged function.set_membership Result with mismatched target, evidence, order, or effects	attach a positive tracer and real Lean kernel gate for function.set_membership
P3_kernelize_mapped_route	builtin_typed	logic.disjunction_introduction		mapped_not_kernel_checked	Codex	required: smallest .lit source whose Result selects stable ID logic.disjunction_introduction	reject a forged logic.disjunction_introduction Result with mismatched target, evidence, order, or effects	attach a positive tracer and real Lean kernel gate for logic.disjunction_introduction
P3_kernelize_mapped_route	builtin_typed	not_equal.symmetry		mapped_not_kernel_checked	Codex	required: smallest .lit source whose Result selects stable ID not_equal.symmetry	reject a forged not_equal.symmetry Result with mismatched target, evidence, order, or effects	attach a positive tracer and real Lean kernel gate for not_equal.symmetry
P3_kernelize_mapped_route	builtin_typed	number_theory.coprime_natural_reflection		mapped_not_kernel_checked	Codex	required: smallest .lit source whose Result selects stable ID number_theory.coprime_natural_reflection	reject a forged number_theory.coprime_natural_reflection Result with mismatched target, evidence, order, or effects	attach a positive tracer and real Lean kernel gate for number_theory.coprime_natural_reflection
P3_kernelize_mapped_route	builtin_typed	number_theory.prime_u64_reflection		mapped_not_kernel_checked	Codex	required: smallest .lit source whose Result selects stable ID number_theory.prime_u64_reflection	reject a forged number_theory.prime_u64_reflection Result with mismatched target, evidence, order, or effects	attach a positive tracer and real Lean kernel gate for number_theory.prime_u64_reflection
P3_kernelize_mapped_route	builtin_typed	numeric.closed_comparison		mapped_not_kernel_checked	Codex	required: smallest .lit source whose Result selects stable ID numeric.closed_comparison	reject a forged numeric.closed_comparison Result with mismatched target, evidence, order, or effects	attach a positive tracer and real Lean kernel gate for numeric.closed_comparison
P3_kernelize_mapped_route	builtin_typed	numeric.closed_membership		mapped_not_kernel_checked	Codex	required: smallest .lit source whose Result selects stable ID numeric.closed_membership	reject a forged numeric.closed_membership Result with mismatched target, evidence, order, or effects	attach a positive tracer and real Lean kernel gate for numeric.closed_membership
P3_kernelize_mapped_route	builtin_typed	numeric.closed_nonmembership		mapped_not_kernel_checked	Codex	required: smallest .lit source whose Result selects stable ID numeric.closed_nonmembership	reject a forged numeric.closed_nonmembership Result with mismatched target, evidence, order, or effects	attach a positive tracer and real Lean kernel gate for numeric.closed_nonmembership
P3_kernelize_mapped_route	builtin_typed	numeric.complex.add_membership		mapped_not_kernel_checked	Codex	required: smallest .lit source whose Result selects stable ID numeric.complex.add_membership	reject a forged numeric.complex.add_membership Result with mismatched target, evidence, order, or effects	attach a positive tracer and real Lean kernel gate for numeric.complex.add_membership
P3_kernelize_mapped_route	builtin_typed	numeric.complex.div_membership		mapped_not_kernel_checked	Codex	required: smallest .lit source whose Result selects stable ID numeric.complex.div_membership	reject a forged numeric.complex.div_membership Result with mismatched target, evidence, order, or effects	attach a positive tracer and real Lean kernel gate for numeric.complex.div_membership
P3_kernelize_mapped_route	builtin_typed	numeric.complex.mul_membership		mapped_not_kernel_checked	Codex	required: smallest .lit source whose Result selects stable ID numeric.complex.mul_membership	reject a forged numeric.complex.mul_membership Result with mismatched target, evidence, order, or effects	attach a positive tracer and real Lean kernel gate for numeric.complex.mul_membership
P3_kernelize_mapped_route	builtin_typed	numeric.complex.sub_membership		mapped_not_kernel_checked	Codex	required: smallest .lit source whose Result selects stable ID numeric.complex.sub_membership	reject a forged numeric.complex.sub_membership Result with mismatched target, evidence, order, or effects	attach a positive tracer and real Lean kernel gate for numeric.complex.sub_membership
P3_kernelize_mapped_route	builtin_typed	numeric.constant.e_in_complex		mapped_not_kernel_checked	Codex	required: smallest .lit source whose Result selects stable ID numeric.constant.e_in_complex	reject a forged numeric.constant.e_in_complex Result with mismatched target, evidence, order, or effects	attach a positive tracer and real Lean kernel gate for numeric.constant.e_in_complex
P3_kernelize_mapped_route	builtin_typed	numeric.constant.e_in_positive_real		mapped_not_kernel_checked	Codex	required: smallest .lit source whose Result selects stable ID numeric.constant.e_in_positive_real	reject a forged numeric.constant.e_in_positive_real Result with mismatched target, evidence, order, or effects	attach a positive tracer and real Lean kernel gate for numeric.constant.e_in_positive_real
P3_kernelize_mapped_route	builtin_typed	numeric.constant.e_in_real		mapped_not_kernel_checked	Codex	required: smallest .lit source whose Result selects stable ID numeric.constant.e_in_real	reject a forged numeric.constant.e_in_real Result with mismatched target, evidence, order, or effects	attach a positive tracer and real Lean kernel gate for numeric.constant.e_in_real
P3_kernelize_mapped_route	builtin_typed	numeric.constant.i_in_complex		mapped_not_kernel_checked	Codex	required: smallest .lit source whose Result selects stable ID numeric.constant.i_in_complex	reject a forged numeric.constant.i_in_complex Result with mismatched target, evidence, order, or effects	attach a positive tracer and real Lean kernel gate for numeric.constant.i_in_complex
P3_kernelize_mapped_route	builtin_typed	numeric.constant.pi_in_complex		mapped_not_kernel_checked	Codex	required: smallest .lit source whose Result selects stable ID numeric.constant.pi_in_complex	reject a forged numeric.constant.pi_in_complex Result with mismatched target, evidence, order, or effects	attach a positive tracer and real Lean kernel gate for numeric.constant.pi_in_complex
P3_kernelize_mapped_route	builtin_typed	numeric.constant.pi_in_positive_real		mapped_not_kernel_checked	Codex	required: smallest .lit source whose Result selects stable ID numeric.constant.pi_in_positive_real	reject a forged numeric.constant.pi_in_positive_real Result with mismatched target, evidence, order, or effects	attach a positive tracer and real Lean kernel gate for numeric.constant.pi_in_positive_real
P3_kernelize_mapped_route	builtin_typed	numeric.constant.pi_in_real		mapped_not_kernel_checked	Codex	required: smallest .lit source whose Result selects stable ID numeric.constant.pi_in_real	reject a forged numeric.constant.pi_in_real Result with mismatched target, evidence, order, or effects	attach a positive tracer and real Lean kernel gate for numeric.constant.pi_in_real
P3_kernelize_mapped_route	builtin_typed	numeric.integer.add_membership		mapped_not_kernel_checked	Codex	required: smallest .lit source whose Result selects stable ID numeric.integer.add_membership	reject a forged numeric.integer.add_membership Result with mismatched target, evidence, order, or effects	attach a positive tracer and real Lean kernel gate for numeric.integer.add_membership
P3_kernelize_mapped_route	builtin_typed	numeric.integer.mod_membership		mapped_not_kernel_checked	Codex	required: smallest .lit source whose Result selects stable ID numeric.integer.mod_membership	reject a forged numeric.integer.mod_membership Result with mismatched target, evidence, order, or effects	attach a positive tracer and real Lean kernel gate for numeric.integer.mod_membership
P3_kernelize_mapped_route	builtin_typed	numeric.integer.mul_membership		mapped_not_kernel_checked	Codex	required: smallest .lit source whose Result selects stable ID numeric.integer.mul_membership	reject a forged numeric.integer.mul_membership Result with mismatched target, evidence, order, or effects	attach a positive tracer and real Lean kernel gate for numeric.integer.mul_membership
P3_kernelize_mapped_route	builtin_typed	numeric.integer.pow_nat_membership		mapped_not_kernel_checked	Codex	required: smallest .lit source whose Result selects stable ID numeric.integer.pow_nat_membership	reject a forged numeric.integer.pow_nat_membership Result with mismatched target, evidence, order, or effects	attach a positive tracer and real Lean kernel gate for numeric.integer.pow_nat_membership
P3_kernelize_mapped_route	builtin_typed	numeric.integer.sub_membership		mapped_not_kernel_checked	Codex	required: smallest .lit source whose Result selects stable ID numeric.integer.sub_membership	reject a forged numeric.integer.sub_membership Result with mismatched target, evidence, order, or effects	attach a positive tracer and real Lean kernel gate for numeric.integer.sub_membership
P3_kernelize_mapped_route	builtin_typed	numeric.natural.add_membership		mapped_not_kernel_checked	Codex	required: smallest .lit source whose Result selects stable ID numeric.natural.add_membership	reject a forged numeric.natural.add_membership Result with mismatched target, evidence, order, or effects	attach a positive tracer and real Lean kernel gate for numeric.natural.add_membership
P3_kernelize_mapped_route	builtin_typed	numeric.natural.mul_membership		mapped_not_kernel_checked	Codex	required: smallest .lit source whose Result selects stable ID numeric.natural.mul_membership	reject a forged numeric.natural.mul_membership Result with mismatched target, evidence, order, or effects	attach a positive tracer and real Lean kernel gate for numeric.natural.mul_membership
P3_kernelize_mapped_route	builtin_typed	numeric.positive_natural.add_both_positive_membership		mapped_not_kernel_checked	Codex	required: smallest .lit source whose Result selects stable ID numeric.positive_natural.add_both_positive_membership	reject a forged numeric.positive_natural.add_both_positive_membership Result with mismatched target, evidence, order, or effects	attach a positive tracer and real Lean kernel gate for numeric.positive_natural.add_both_positive_membership
P3_kernelize_mapped_route	builtin_typed	numeric.positive_natural.add_left_positive_membership		mapped_not_kernel_checked	Codex	required: smallest .lit source whose Result selects stable ID numeric.positive_natural.add_left_positive_membership	reject a forged numeric.positive_natural.add_left_positive_membership Result with mismatched target, evidence, order, or effects	attach a positive tracer and real Lean kernel gate for numeric.positive_natural.add_left_positive_membership
P3_kernelize_mapped_route	builtin_typed	numeric.positive_natural.add_right_positive_membership		mapped_not_kernel_checked	Codex	required: smallest .lit source whose Result selects stable ID numeric.positive_natural.add_right_positive_membership	reject a forged numeric.positive_natural.add_right_positive_membership Result with mismatched target, evidence, order, or effects	attach a positive tracer and real Lean kernel gate for numeric.positive_natural.add_right_positive_membership
P3_kernelize_mapped_route	builtin_typed	numeric.positive_natural.mul_membership		mapped_not_kernel_checked	Codex	required: smallest .lit source whose Result selects stable ID numeric.positive_natural.mul_membership	reject a forged numeric.positive_natural.mul_membership Result with mismatched target, evidence, order, or effects	attach a positive tracer and real Lean kernel gate for numeric.positive_natural.mul_membership
P3_kernelize_mapped_route	builtin_typed	numeric.rational.add_membership		mapped_not_kernel_checked	Codex	required: smallest .lit source whose Result selects stable ID numeric.rational.add_membership	reject a forged numeric.rational.add_membership Result with mismatched target, evidence, order, or effects	attach a positive tracer and real Lean kernel gate for numeric.rational.add_membership
P3_kernelize_mapped_route	builtin_typed	numeric.rational.div_membership		mapped_not_kernel_checked	Codex	required: smallest .lit source whose Result selects stable ID numeric.rational.div_membership	reject a forged numeric.rational.div_membership Result with mismatched target, evidence, order, or effects	attach a positive tracer and real Lean kernel gate for numeric.rational.div_membership
P3_kernelize_mapped_route	builtin_typed	numeric.rational.mul_membership		mapped_not_kernel_checked	Codex	required: smallest .lit source whose Result selects stable ID numeric.rational.mul_membership	reject a forged numeric.rational.mul_membership Result with mismatched target, evidence, order, or effects	attach a positive tracer and real Lean kernel gate for numeric.rational.mul_membership
P3_kernelize_mapped_route	builtin_typed	numeric.rational.pow_membership		mapped_not_kernel_checked	Codex	required: smallest .lit source whose Result selects stable ID numeric.rational.pow_membership	reject a forged numeric.rational.pow_membership Result with mismatched target, evidence, order, or effects	attach a positive tracer and real Lean kernel gate for numeric.rational.pow_membership
P3_kernelize_mapped_route	builtin_typed	numeric.rational.sub_membership		mapped_not_kernel_checked	Codex	required: smallest .lit source whose Result selects stable ID numeric.rational.sub_membership	reject a forged numeric.rational.sub_membership Result with mismatched target, evidence, order, or effects	attach a positive tracer and real Lean kernel gate for numeric.rational.sub_membership
P3_kernelize_mapped_route	builtin_typed	numeric.real.abs_membership		mapped_not_kernel_checked	Codex	required: smallest .lit source whose Result selects stable ID numeric.real.abs_membership	reject a forged numeric.real.abs_membership Result with mismatched target, evidence, order, or effects	attach a positive tracer and real Lean kernel gate for numeric.real.abs_membership
P3_kernelize_mapped_route	builtin_typed	numeric.real.add_membership		mapped_not_kernel_checked	Codex	required: smallest .lit source whose Result selects stable ID numeric.real.add_membership	reject a forged numeric.real.add_membership Result with mismatched target, evidence, order, or effects	attach a positive tracer and real Lean kernel gate for numeric.real.add_membership
P3_kernelize_mapped_route	builtin_typed	numeric.real.div_membership		mapped_not_kernel_checked	Codex	required: smallest .lit source whose Result selects stable ID numeric.real.div_membership	reject a forged numeric.real.div_membership Result with mismatched target, evidence, order, or effects	attach a positive tracer and real Lean kernel gate for numeric.real.div_membership
P3_kernelize_mapped_route	builtin_typed	numeric.real.mul_membership		mapped_not_kernel_checked	Codex	required: smallest .lit source whose Result selects stable ID numeric.real.mul_membership	reject a forged numeric.real.mul_membership Result with mismatched target, evidence, order, or effects	attach a positive tracer and real Lean kernel gate for numeric.real.mul_membership
P3_kernelize_mapped_route	builtin_typed	numeric.real.pow_membership		mapped_not_kernel_checked	Codex	required: smallest .lit source whose Result selects stable ID numeric.real.pow_membership	reject a forged numeric.real.pow_membership Result with mismatched target, evidence, order, or effects	attach a positive tracer and real Lean kernel gate for numeric.real.pow_membership
P3_kernelize_mapped_route	builtin_typed	numeric.real.sub_membership		mapped_not_kernel_checked	Codex	required: smallest .lit source whose Result selects stable ID numeric.real.sub_membership	reject a forged numeric.real.sub_membership Result with mismatched target, evidence, order, or effects	attach a positive tracer and real Lean kernel gate for numeric.real.sub_membership
P3_kernelize_mapped_route	builtin_typed	numeric.refined_membership		mapped_not_kernel_checked	Codex	required: smallest .lit source whose Result selects stable ID numeric.refined_membership	reject a forged numeric.refined_membership Result with mismatched target, evidence, order, or effects	attach a positive tracer and real Lean kernel gate for numeric.refined_membership
P3_kernelize_mapped_route	builtin_typed	numeric.standard_set_membership_projection		mapped_not_kernel_checked	Codex	required: smallest .lit source whose Result selects stable ID numeric.standard_set_membership_projection	reject a forged numeric.standard_set_membership_projection Result with mismatched target, evidence, order, or effects	attach a positive tracer and real Lean kernel gate for numeric.standard_set_membership_projection
P3_kernelize_mapped_route	builtin_typed	numeric.standard_set_subset		mapped_not_kernel_checked	Codex	required: smallest .lit source whose Result selects stable ID numeric.standard_set_subset	reject a forged numeric.standard_set_subset Result with mismatched target, evidence, order, or effects	attach a positive tracer and real Lean kernel gate for numeric.standard_set_subset
P3_kernelize_mapped_route	builtin_typed	order.abs_add_le		mapped_not_kernel_checked	Codex	required: smallest .lit source whose Result selects stable ID order.abs_add_le	reject a forged order.abs_add_le Result with mismatched target, evidence, order, or effects	attach a positive tracer and real Lean kernel gate for order.abs_add_le
P3_kernelize_mapped_route	builtin_typed	order.abs_eq_neg_of_nonpositive		mapped_not_kernel_checked	Codex	required: smallest .lit source whose Result selects stable ID order.abs_eq_neg_of_nonpositive	reject a forged order.abs_eq_neg_of_nonpositive Result with mismatched target, evidence, order, or effects	attach a positive tracer and real Lean kernel gate for order.abs_eq_neg_of_nonpositive
P3_kernelize_mapped_route	builtin_typed	order.abs_eq_self_of_nonnegative		mapped_not_kernel_checked	Codex	required: smallest .lit source whose Result selects stable ID order.abs_eq_self_of_nonnegative	reject a forged order.abs_eq_self_of_nonnegative Result with mismatched target, evidence, order, or effects	attach a positive tracer and real Lean kernel gate for order.abs_eq_self_of_nonnegative
P3_kernelize_mapped_route	builtin_typed	order.abs_nonnegative		mapped_not_kernel_checked	Codex	required: smallest .lit source whose Result selects stable ID order.abs_nonnegative	reject a forged order.abs_nonnegative Result with mismatched target, evidence, order, or effects	attach a positive tracer and real Lean kernel gate for order.abs_nonnegative
P3_kernelize_mapped_route	builtin_typed	order.abs_positive_of_nonzero		mapped_not_kernel_checked	Codex	required: smallest .lit source whose Result selects stable ID order.abs_positive_of_nonzero	reject a forged order.abs_positive_of_nonzero Result with mismatched target, evidence, order, or effects	attach a positive tracer and real Lean kernel gate for order.abs_positive_of_nonzero
P3_kernelize_mapped_route	builtin_typed	order.abs_sub_abs_le_abs_add		mapped_not_kernel_checked	Codex	required: smallest .lit source whose Result selects stable ID order.abs_sub_abs_le_abs_add	reject a forged order.abs_sub_abs_le_abs_add Result with mismatched target, evidence, order, or effects	attach a positive tracer and real Lean kernel gate for order.abs_sub_abs_le_abs_add
P3_kernelize_mapped_route	builtin_typed	order.abs_sub_abs_le_abs_sub		mapped_not_kernel_checked	Codex	required: smallest .lit source whose Result selects stable ID order.abs_sub_abs_le_abs_sub	reject a forged order.abs_sub_abs_le_abs_sub Result with mismatched target, evidence, order, or effects	attach a positive tracer and real Lean kernel gate for order.abs_sub_abs_le_abs_sub
P3_kernelize_mapped_route	builtin_typed	order.abs_sub_le_sum		mapped_not_kernel_checked	Codex	required: smallest .lit source whose Result selects stable ID order.abs_sub_le_sum	reject a forged order.abs_sub_le_sum Result with mismatched target, evidence, order, or effects	attach a positive tracer and real Lean kernel gate for order.abs_sub_le_sum
P3_kernelize_mapped_route	builtin_typed	order.abs_upper_bound		mapped_not_kernel_checked	Codex	required: smallest .lit source whose Result selects stable ID order.abs_upper_bound	reject a forged order.abs_upper_bound Result with mismatched target, evidence, order, or effects	attach a positive tracer and real Lean kernel gate for order.abs_upper_bound
P3_kernelize_mapped_route	builtin_typed	order.add_le_add		mapped_not_kernel_checked	Codex	required: smallest .lit source whose Result selects stable ID order.add_le_add	reject a forged order.add_le_add Result with mismatched target, evidence, order, or effects	attach a positive tracer and real Lean kernel gate for order.add_le_add
P3_kernelize_mapped_route	builtin_typed	order.add_le_add_left		mapped_not_kernel_checked	Codex	required: smallest .lit source whose Result selects stable ID order.add_le_add_left	reject a forged order.add_le_add_left Result with mismatched target, evidence, order, or effects	attach a positive tracer and real Lean kernel gate for order.add_le_add_left
P3_kernelize_mapped_route	builtin_typed	order.add_lt_add		mapped_not_kernel_checked	Codex	required: smallest .lit source whose Result selects stable ID order.add_lt_add	reject a forged order.add_lt_add Result with mismatched target, evidence, order, or effects	attach a positive tracer and real Lean kernel gate for order.add_lt_add
P3_kernelize_mapped_route	builtin_typed	order.add_lt_add_left		mapped_not_kernel_checked	Codex	required: smallest .lit source whose Result selects stable ID order.add_lt_add_left	reject a forged order.add_lt_add_left Result with mismatched target, evidence, order, or effects	attach a positive tracer and real Lean kernel gate for order.add_lt_add_left
P3_kernelize_mapped_route	builtin_typed	order.add_lt_add_of_le_of_lt		mapped_not_kernel_checked	Codex	required: smallest .lit source whose Result selects stable ID order.add_lt_add_of_le_of_lt	reject a forged order.add_lt_add_of_le_of_lt Result with mismatched target, evidence, order, or effects	attach a positive tracer and real Lean kernel gate for order.add_lt_add_of_le_of_lt
P3_kernelize_mapped_route	builtin_typed	order.add_lt_add_of_lt_of_le		mapped_not_kernel_checked	Codex	required: smallest .lit source whose Result selects stable ID order.add_lt_add_of_lt_of_le	reject a forged order.add_lt_add_of_lt_of_le Result with mismatched target, evidence, order, or effects	attach a positive tracer and real Lean kernel gate for order.add_lt_add_of_lt_of_le
P3_kernelize_mapped_route	builtin_typed	order.add_nonnegative		mapped_not_kernel_checked	Codex	required: smallest .lit source whose Result selects stable ID order.add_nonnegative	reject a forged order.add_nonnegative Result with mismatched target, evidence, order, or effects	attach a positive tracer and real Lean kernel gate for order.add_nonnegative
P3_kernelize_mapped_route	builtin_typed	order.add_positive		mapped_not_kernel_checked	Codex	required: smallest .lit source whose Result selects stable ID order.add_positive	reject a forged order.add_positive Result with mismatched target, evidence, order, or effects	attach a positive tracer and real Lean kernel gate for order.add_positive
P3_kernelize_mapped_route	builtin_typed	order.add_positive_of_nonnegative_positive		mapped_not_kernel_checked	Codex	required: smallest .lit source whose Result selects stable ID order.add_positive_of_nonnegative_positive	reject a forged order.add_positive_of_nonnegative_positive Result with mismatched target, evidence, order, or effects	attach a positive tracer and real Lean kernel gate for order.add_positive_of_nonnegative_positive
P3_kernelize_mapped_route	builtin_typed	order.add_positive_of_positive_nonnegative		mapped_not_kernel_checked	Codex	required: smallest .lit source whose Result selects stable ID order.add_positive_of_positive_nonnegative	reject a forged order.add_positive_of_positive_nonnegative Result with mismatched target, evidence, order, or effects	attach a positive tracer and real Lean kernel gate for order.add_positive_of_positive_nonnegative
P3_kernelize_mapped_route	builtin_typed	order.div_lt_self_of_pos_of_one_lt		mapped_not_kernel_checked	Codex	required: smallest .lit source whose Result selects stable ID order.div_lt_self_of_pos_of_one_lt	reject a forged order.div_lt_self_of_pos_of_one_lt Result with mismatched target, evidence, order, or effects	attach a positive tracer and real Lean kernel gate for order.div_lt_self_of_pos_of_one_lt
P3_kernelize_mapped_route	builtin_typed	order.div_nonnegative		mapped_not_kernel_checked	Codex	required: smallest .lit source whose Result selects stable ID order.div_nonnegative	reject a forged order.div_nonnegative Result with mismatched target, evidence, order, or effects	attach a positive tracer and real Lean kernel gate for order.div_nonnegative
P3_kernelize_mapped_route	builtin_typed	order.div_positive		mapped_not_kernel_checked	Codex	required: smallest .lit source whose Result selects stable ID order.div_positive	reject a forged order.div_positive Result with mismatched target, evidence, order, or effects	attach a positive tracer and real Lean kernel gate for order.div_positive
P3_kernelize_mapped_route	builtin_typed	order.greater_equal_of_greater		mapped_not_kernel_checked	Codex	required: smallest .lit source whose Result selects stable ID order.greater_equal_of_greater	reject a forged order.greater_equal_of_greater Result with mismatched target, evidence, order, or effects	attach a positive tracer and real Lean kernel gate for order.greater_equal_of_greater
P3_kernelize_mapped_route	builtin_typed	order.le_add_of_nonnegative_right		mapped_not_kernel_checked	Codex	required: smallest .lit source whose Result selects stable ID order.le_add_of_nonnegative_right	reject a forged order.le_add_of_nonnegative_right Result with mismatched target, evidence, order, or effects	attach a positive tracer and real Lean kernel gate for order.le_add_of_nonnegative_right
P3_kernelize_mapped_route	builtin_typed	order.le_max_left		mapped_not_kernel_checked	Codex	required: smallest .lit source whose Result selects stable ID order.le_max_left	reject a forged order.le_max_left Result with mismatched target, evidence, order, or effects	attach a positive tracer and real Lean kernel gate for order.le_max_left
P3_kernelize_mapped_route	builtin_typed	order.le_max_right		mapped_not_kernel_checked	Codex	required: smallest .lit source whose Result selects stable ID order.le_max_right	reject a forged order.le_max_right Result with mismatched target, evidence, order, or effects	attach a positive tracer and real Lean kernel gate for order.le_max_right
P3_kernelize_mapped_route	builtin_typed	order.less_equal_of_less		mapped_not_kernel_checked	Codex	required: smallest .lit source whose Result selects stable ID order.less_equal_of_less	reject a forged order.less_equal_of_less Result with mismatched target, evidence, order, or effects	attach a positive tracer and real Lean kernel gate for order.less_equal_of_less
P3_kernelize_mapped_route	builtin_typed	order.lt_add_of_sub_lt		mapped_not_kernel_checked	Codex	required: smallest .lit source whose Result selects stable ID order.lt_add_of_sub_lt	reject a forged order.lt_add_of_sub_lt Result with mismatched target, evidence, order, or effects	attach a positive tracer and real Lean kernel gate for order.lt_add_of_sub_lt
P3_kernelize_mapped_route	builtin_typed	order.max_absorb_min_left		mapped_not_kernel_checked	Codex	required: smallest .lit source whose Result selects stable ID order.max_absorb_min_left	reject a forged order.max_absorb_min_left Result with mismatched target, evidence, order, or effects	attach a positive tracer and real Lean kernel gate for order.max_absorb_min_left
P3_kernelize_mapped_route	builtin_typed	order.max_associative		mapped_not_kernel_checked	Codex	required: smallest .lit source whose Result selects stable ID order.max_associative	reject a forged order.max_associative Result with mismatched target, evidence, order, or effects	attach a positive tracer and real Lean kernel gate for order.max_associative
P3_kernelize_mapped_route	builtin_typed	order.max_commutative		mapped_not_kernel_checked	Codex	required: smallest .lit source whose Result selects stable ID order.max_commutative	reject a forged order.max_commutative Result with mismatched target, evidence, order, or effects	attach a positive tracer and real Lean kernel gate for order.max_commutative
P3_kernelize_mapped_route	builtin_typed	order.max_eq_left_of_le		mapped_not_kernel_checked	Codex	required: smallest .lit source whose Result selects stable ID order.max_eq_left_of_le	reject a forged order.max_eq_left_of_le Result with mismatched target, evidence, order, or effects	attach a positive tracer and real Lean kernel gate for order.max_eq_left_of_le
P3_kernelize_mapped_route	builtin_typed	order.max_eq_right_of_le		mapped_not_kernel_checked	Codex	required: smallest .lit source whose Result selects stable ID order.max_eq_right_of_le	reject a forged order.max_eq_right_of_le Result with mismatched target, evidence, order, or effects	attach a positive tracer and real Lean kernel gate for order.max_eq_right_of_le
P3_kernelize_mapped_route	builtin_typed	order.max_idempotent		mapped_not_kernel_checked	Codex	required: smallest .lit source whose Result selects stable ID order.max_idempotent	reject a forged order.max_idempotent Result with mismatched target, evidence, order, or effects	attach a positive tracer and real Lean kernel gate for order.max_idempotent
P3_kernelize_mapped_route	builtin_typed	order.max_monotone		mapped_not_kernel_checked	Codex	required: smallest .lit source whose Result selects stable ID order.max_monotone	reject a forged order.max_monotone Result with mismatched target, evidence, order, or effects	attach a positive tracer and real Lean kernel gate for order.max_monotone
P3_kernelize_mapped_route	builtin_typed	order.min_absorb_max_left		mapped_not_kernel_checked	Codex	required: smallest .lit source whose Result selects stable ID order.min_absorb_max_left	reject a forged order.min_absorb_max_left Result with mismatched target, evidence, order, or effects	attach a positive tracer and real Lean kernel gate for order.min_absorb_max_left
P3_kernelize_mapped_route	builtin_typed	order.min_associative		mapped_not_kernel_checked	Codex	required: smallest .lit source whose Result selects stable ID order.min_associative	reject a forged order.min_associative Result with mismatched target, evidence, order, or effects	attach a positive tracer and real Lean kernel gate for order.min_associative
P3_kernelize_mapped_route	builtin_typed	order.min_commutative		mapped_not_kernel_checked	Codex	required: smallest .lit source whose Result selects stable ID order.min_commutative	reject a forged order.min_commutative Result with mismatched target, evidence, order, or effects	attach a positive tracer and real Lean kernel gate for order.min_commutative
P3_kernelize_mapped_route	builtin_typed	order.min_eq_left_of_le		mapped_not_kernel_checked	Codex	required: smallest .lit source whose Result selects stable ID order.min_eq_left_of_le	reject a forged order.min_eq_left_of_le Result with mismatched target, evidence, order, or effects	attach a positive tracer and real Lean kernel gate for order.min_eq_left_of_le
P3_kernelize_mapped_route	builtin_typed	order.min_eq_right_of_le		mapped_not_kernel_checked	Codex	required: smallest .lit source whose Result selects stable ID order.min_eq_right_of_le	reject a forged order.min_eq_right_of_le Result with mismatched target, evidence, order, or effects	attach a positive tracer and real Lean kernel gate for order.min_eq_right_of_le
P3_kernelize_mapped_route	builtin_typed	order.min_idempotent		mapped_not_kernel_checked	Codex	required: smallest .lit source whose Result selects stable ID order.min_idempotent	reject a forged order.min_idempotent Result with mismatched target, evidence, order, or effects	attach a positive tracer and real Lean kernel gate for order.min_idempotent
P3_kernelize_mapped_route	builtin_typed	order.min_le_left		mapped_not_kernel_checked	Codex	required: smallest .lit source whose Result selects stable ID order.min_le_left	reject a forged order.min_le_left Result with mismatched target, evidence, order, or effects	attach a positive tracer and real Lean kernel gate for order.min_le_left
P3_kernelize_mapped_route	builtin_typed	order.min_le_right		mapped_not_kernel_checked	Codex	required: smallest .lit source whose Result selects stable ID order.min_le_right	reject a forged order.min_le_right Result with mismatched target, evidence, order, or effects	attach a positive tracer and real Lean kernel gate for order.min_le_right
P3_kernelize_mapped_route	builtin_typed	order.min_monotone		mapped_not_kernel_checked	Codex	required: smallest .lit source whose Result selects stable ID order.min_monotone	reject a forged order.min_monotone Result with mismatched target, evidence, order, or effects	attach a positive tracer and real Lean kernel gate for order.min_monotone
P3_kernelize_mapped_route	builtin_typed	order.mul_le_mul_nonnegative		mapped_not_kernel_checked	Codex	required: smallest .lit source whose Result selects stable ID order.mul_le_mul_nonnegative	reject a forged order.mul_le_mul_nonnegative Result with mismatched target, evidence, order, or effects	attach a positive tracer and real Lean kernel gate for order.mul_le_mul_nonnegative
P3_kernelize_mapped_route	builtin_typed	order.mul_le_mul_of_nonnegative_common_factor		mapped_not_kernel_checked	Codex	required: smallest .lit source whose Result selects stable ID order.mul_le_mul_of_nonnegative_common_factor	reject a forged order.mul_le_mul_of_nonnegative_common_factor Result with mismatched target, evidence, order, or effects	attach a positive tracer and real Lean kernel gate for order.mul_le_mul_of_nonnegative_common_factor
P3_kernelize_mapped_route	builtin_typed	order.mul_le_mul_of_nonpositive_common_factor		mapped_not_kernel_checked	Codex	required: smallest .lit source whose Result selects stable ID order.mul_le_mul_of_nonpositive_common_factor	reject a forged order.mul_le_mul_of_nonpositive_common_factor Result with mismatched target, evidence, order, or effects	attach a positive tracer and real Lean kernel gate for order.mul_le_mul_of_nonpositive_common_factor
P3_kernelize_mapped_route	builtin_typed	order.mul_lt_mul_of_negative_common_factor		mapped_not_kernel_checked	Codex	required: smallest .lit source whose Result selects stable ID order.mul_lt_mul_of_negative_common_factor	reject a forged order.mul_lt_mul_of_negative_common_factor Result with mismatched target, evidence, order, or effects	attach a positive tracer and real Lean kernel gate for order.mul_lt_mul_of_negative_common_factor
P3_kernelize_mapped_route	builtin_typed	order.mul_lt_mul_of_positive_common_factor		mapped_not_kernel_checked	Codex	required: smallest .lit source whose Result selects stable ID order.mul_lt_mul_of_positive_common_factor	reject a forged order.mul_lt_mul_of_positive_common_factor Result with mismatched target, evidence, order, or effects	attach a positive tracer and real Lean kernel gate for order.mul_lt_mul_of_positive_common_factor
P3_kernelize_mapped_route	builtin_typed	order.mul_nonnegative		mapped_not_kernel_checked	Codex	required: smallest .lit source whose Result selects stable ID order.mul_nonnegative	reject a forged order.mul_nonnegative Result with mismatched target, evidence, order, or effects	attach a positive tracer and real Lean kernel gate for order.mul_nonnegative
P3_kernelize_mapped_route	builtin_typed	order.mul_positive		mapped_not_kernel_checked	Codex	required: smallest .lit source whose Result selects stable ID order.mul_positive	reject a forged order.mul_positive Result with mismatched target, evidence, order, or effects	attach a positive tracer and real Lean kernel gate for order.mul_positive
P3_kernelize_mapped_route	builtin_typed	order.neg_abs_le		mapped_not_kernel_checked	Codex	required: smallest .lit source whose Result selects stable ID order.neg_abs_le	reject a forged order.neg_abs_le Result with mismatched target, evidence, order, or effects	attach a positive tracer and real Lean kernel gate for order.neg_abs_le
P3_kernelize_mapped_route	builtin_typed	order.neg_le_abs		mapped_not_kernel_checked	Codex	required: smallest .lit source whose Result selects stable ID order.neg_le_abs	reject a forged order.neg_le_abs Result with mismatched target, evidence, order, or effects	attach a positive tracer and real Lean kernel gate for order.neg_le_abs
P3_kernelize_mapped_route	builtin_typed	order.negate		mapped_not_kernel_checked	Codex	required: smallest .lit source whose Result selects stable ID order.negate	reject a forged order.negate Result with mismatched target, evidence, order, or effects	attach a positive tracer and real Lean kernel gate for order.negate
P3_kernelize_mapped_route	builtin_typed	order.reflexivity		mapped_not_kernel_checked	Codex	required: smallest .lit source whose Result selects stable ID order.reflexivity	reject a forged order.reflexivity Result with mismatched target, evidence, order, or effects	attach a positive tracer and real Lean kernel gate for order.reflexivity
P3_kernelize_mapped_route	builtin_typed	order.runtime_resolved_numeric_comparison		mapped_not_kernel_checked	Codex	required: smallest .lit source whose Result selects stable ID order.runtime_resolved_numeric_comparison	reject a forged order.runtime_resolved_numeric_comparison Result with mismatched target, evidence, order, or effects	attach a positive tracer and real Lean kernel gate for order.runtime_resolved_numeric_comparison
P3_kernelize_mapped_route	builtin_typed	order.self_le_abs		mapped_not_kernel_checked	Codex	required: smallest .lit source whose Result selects stable ID order.self_le_abs	reject a forged order.self_le_abs Result with mismatched target, evidence, order, or effects	attach a positive tracer and real Lean kernel gate for order.self_le_abs
P3_kernelize_mapped_route	builtin_typed	order.sub_le_of_le_add		mapped_not_kernel_checked	Codex	required: smallest .lit source whose Result selects stable ID order.sub_le_of_le_add	reject a forged order.sub_le_of_le_add Result with mismatched target, evidence, order, or effects	attach a positive tracer and real Lean kernel gate for order.sub_le_of_le_add
P3_kernelize_mapped_route	builtin_typed	order.sub_le_of_le_of_nonnegative		mapped_not_kernel_checked	Codex	required: smallest .lit source whose Result selects stable ID order.sub_le_of_le_of_nonnegative	reject a forged order.sub_le_of_le_of_nonnegative Result with mismatched target, evidence, order, or effects	attach a positive tracer and real Lean kernel gate for order.sub_le_of_le_of_nonnegative
P3_kernelize_mapped_route	builtin_typed	order.sub_le_sub		mapped_not_kernel_checked	Codex	required: smallest .lit source whose Result selects stable ID order.sub_le_sub	reject a forged order.sub_le_sub Result with mismatched target, evidence, order, or effects	attach a positive tracer and real Lean kernel gate for order.sub_le_sub
P3_kernelize_mapped_route	builtin_typed	order.sub_le_swap		mapped_not_kernel_checked	Codex	required: smallest .lit source whose Result selects stable ID order.sub_le_swap	reject a forged order.sub_le_swap Result with mismatched target, evidence, order, or effects	attach a positive tracer and real Lean kernel gate for order.sub_le_swap
P3_kernelize_mapped_route	builtin_typed	order.sub_lt_sub_of_le_of_lt		mapped_not_kernel_checked	Codex	required: smallest .lit source whose Result selects stable ID order.sub_lt_sub_of_le_of_lt	reject a forged order.sub_lt_sub_of_le_of_lt Result with mismatched target, evidence, order, or effects	attach a positive tracer and real Lean kernel gate for order.sub_lt_sub_of_le_of_lt
P3_kernelize_mapped_route	builtin_typed	order.sub_lt_swap		mapped_not_kernel_checked	Codex	required: smallest .lit source whose Result selects stable ID order.sub_lt_swap	reject a forged order.sub_lt_swap Result with mismatched target, evidence, order, or effects	attach a positive tracer and real Lean kernel gate for order.sub_lt_swap
P3_kernelize_mapped_route	builtin_typed	order.sub_nonnegative_of_less_equal		mapped_not_kernel_checked	Codex	required: smallest .lit source whose Result selects stable ID order.sub_nonnegative_of_less_equal	reject a forged order.sub_nonnegative_of_less_equal Result with mismatched target, evidence, order, or effects	attach a positive tracer and real Lean kernel gate for order.sub_nonnegative_of_less_equal
P3_kernelize_mapped_route	builtin_typed	order.sub_positive_of_less		mapped_not_kernel_checked	Codex	required: smallest .lit source whose Result selects stable ID order.sub_positive_of_less	reject a forged order.sub_positive_of_less Result with mismatched target, evidence, order, or effects	attach a positive tracer and real Lean kernel gate for order.sub_positive_of_less
P3_kernelize_mapped_route	builtin_typed	order.transitivity		mapped_not_kernel_checked	Codex	required: smallest .lit source whose Result selects stable ID order.transitivity	reject a forged order.transitivity Result with mismatched target, evidence, order, or effects	attach a positive tracer and real Lean kernel gate for order.transitivity
P3_kernelize_mapped_route	builtin_typed	predicate.registered_reflexive		mapped_not_kernel_checked	Codex	required: smallest .lit source whose Result selects stable ID predicate.registered_reflexive	reject a forged predicate.registered_reflexive Result with mismatched target, evidence, order, or effects	attach a positive tracer and real Lean kernel gate for predicate.registered_reflexive
P3_kernelize_mapped_route	builtin_typed	predicate.registered_symmetric		mapped_not_kernel_checked	Codex	required: smallest .lit source whose Result selects stable ID predicate.registered_symmetric	reject a forged predicate.registered_symmetric Result with mismatched target, evidence, order, or effects	attach a positive tracer and real Lean kernel gate for predicate.registered_symmetric
P3_kernelize_mapped_route	builtin_typed	set.empty_subset		mapped_not_kernel_checked	Codex	required: smallest .lit source whose Result selects stable ID set.empty_subset	reject a forged set.empty_subset Result with mismatched target, evidence, order, or effects	attach a positive tracer and real Lean kernel gate for set.empty_subset
P3_kernelize_mapped_route	builtin_typed	set.finite.closed_range		mapped_not_kernel_checked	Codex	required: smallest .lit source whose Result selects stable ID set.finite.closed_range	reject a forged set.finite.closed_range Result with mismatched target, evidence, order, or effects	attach a positive tracer and real Lean kernel gate for set.finite.closed_range
P3_kernelize_mapped_route	builtin_typed	set.finite.literal		mapped_not_kernel_checked	Codex	required: smallest .lit source whose Result selects stable ID set.finite.literal	reject a forged set.finite.literal Result with mismatched target, evidence, order, or effects	attach a positive tracer and real Lean kernel gate for set.finite.literal
P3_kernelize_mapped_route	builtin_typed	set.finite.range		mapped_not_kernel_checked	Codex	required: smallest .lit source whose Result selects stable ID set.finite.range	reject a forged set.finite.range Result with mismatched target, evidence, order, or effects	attach a positive tracer and real Lean kernel gate for set.finite.range
P3_kernelize_mapped_route	builtin_typed	set.intersect_associative		mapped_not_kernel_checked	Codex	required: smallest .lit source whose Result selects stable ID set.intersect_associative	reject a forged set.intersect_associative Result with mismatched target, evidence, order, or effects	attach a positive tracer and real Lean kernel gate for set.intersect_associative
P3_kernelize_mapped_route	builtin_typed	set.intersect_commutative		mapped_not_kernel_checked	Codex	required: smallest .lit source whose Result selects stable ID set.intersect_commutative	reject a forged set.intersect_commutative Result with mismatched target, evidence, order, or effects	attach a positive tracer and real Lean kernel gate for set.intersect_commutative
P3_kernelize_mapped_route	builtin_typed	set.intersect_eq_left_of_subset		mapped_not_kernel_checked	Codex	required: smallest .lit source whose Result selects stable ID set.intersect_eq_left_of_subset	reject a forged set.intersect_eq_left_of_subset Result with mismatched target, evidence, order, or effects	attach a positive tracer and real Lean kernel gate for set.intersect_eq_left_of_subset
P3_kernelize_mapped_route	builtin_typed	set.intersect_eq_right_of_subset		mapped_not_kernel_checked	Codex	required: smallest .lit source whose Result selects stable ID set.intersect_eq_right_of_subset	reject a forged set.intersect_eq_right_of_subset Result with mismatched target, evidence, order, or effects	attach a positive tracer and real Lean kernel gate for set.intersect_eq_right_of_subset
P3_kernelize_mapped_route	builtin_typed	set.intersect_finite		mapped_not_kernel_checked	Codex	required: smallest .lit source whose Result selects stable ID set.intersect_finite	reject a forged set.intersect_finite Result with mismatched target, evidence, order, or effects	attach a positive tracer and real Lean kernel gate for set.intersect_finite
P3_kernelize_mapped_route	builtin_typed	set.intersect_idempotent		mapped_not_kernel_checked	Codex	required: smallest .lit source whose Result selects stable ID set.intersect_idempotent	reject a forged set.intersect_idempotent Result with mismatched target, evidence, order, or effects	attach a positive tracer and real Lean kernel gate for set.intersect_idempotent
P3_kernelize_mapped_route	builtin_typed	set.intersect_membership		mapped_not_kernel_checked	Codex	required: smallest .lit source whose Result selects stable ID set.intersect_membership	reject a forged set.intersect_membership Result with mismatched target, evidence, order, or effects	attach a positive tracer and real Lean kernel gate for set.intersect_membership
P3_kernelize_mapped_route	builtin_typed	set.intersect_nonmembership_left		mapped_not_kernel_checked	Codex	required: smallest .lit source whose Result selects stable ID set.intersect_nonmembership_left	reject a forged set.intersect_nonmembership_left Result with mismatched target, evidence, order, or effects	attach a positive tracer and real Lean kernel gate for set.intersect_nonmembership_left
P3_kernelize_mapped_route	builtin_typed	set.intersect_nonmembership_right		mapped_not_kernel_checked	Codex	required: smallest .lit source whose Result selects stable ID set.intersect_nonmembership_right	reject a forged set.intersect_nonmembership_right Result with mismatched target, evidence, order, or effects	attach a positive tracer and real Lean kernel gate for set.intersect_nonmembership_right
P3_kernelize_mapped_route	builtin_typed	set.intersect_set_minus_of_subset_empty		mapped_not_kernel_checked	Codex	required: smallest .lit source whose Result selects stable ID set.intersect_set_minus_of_subset_empty	reject a forged set.intersect_set_minus_of_subset_empty Result with mismatched target, evidence, order, or effects	attach a positive tracer and real Lean kernel gate for set.intersect_set_minus_of_subset_empty
P3_kernelize_mapped_route	builtin_typed	set.intersect_set_minus_self_empty		mapped_not_kernel_checked	Codex	required: smallest .lit source whose Result selects stable ID set.intersect_set_minus_self_empty	reject a forged set.intersect_set_minus_self_empty Result with mismatched target, evidence, order, or effects	attach a positive tracer and real Lean kernel gate for set.intersect_set_minus_self_empty
P3_kernelize_mapped_route	builtin_typed	set.intersect_subset_left		mapped_not_kernel_checked	Codex	required: smallest .lit source whose Result selects stable ID set.intersect_subset_left	reject a forged set.intersect_subset_left Result with mismatched target, evidence, order, or effects	attach a positive tracer and real Lean kernel gate for set.intersect_subset_left
P3_kernelize_mapped_route	builtin_typed	set.intersect_subset_right		mapped_not_kernel_checked	Codex	required: smallest .lit source whose Result selects stable ID set.intersect_subset_right	reject a forged set.intersect_subset_right Result with mismatched target, evidence, order, or effects	attach a positive tracer and real Lean kernel gate for set.intersect_subset_right
P3_kernelize_mapped_route	builtin_typed	set.intersect_union_distributive		mapped_not_kernel_checked	Codex	required: smallest .lit source whose Result selects stable ID set.intersect_union_distributive	reject a forged set.intersect_union_distributive Result with mismatched target, evidence, order, or effects	attach a positive tracer and real Lean kernel gate for set.intersect_union_distributive
P3_kernelize_mapped_route	builtin_typed	set.literal_membership		mapped_not_kernel_checked	Codex	required: smallest .lit source whose Result selects stable ID set.literal_membership	reject a forged set.literal_membership Result with mismatched target, evidence, order, or effects	attach a positive tracer and real Lean kernel gate for set.literal_membership
P3_kernelize_mapped_route	builtin_typed	set.literal_nonempty		mapped_not_kernel_checked	Codex	required: smallest .lit source whose Result selects stable ID set.literal_nonempty	reject a forged set.literal_nonempty Result with mismatched target, evidence, order, or effects	attach a positive tracer and real Lean kernel gate for set.literal_nonempty
P3_kernelize_mapped_route	builtin_typed	set.literal_subset		mapped_not_kernel_checked	Codex	required: smallest .lit source whose Result selects stable ID set.literal_subset	reject a forged set.literal_subset Result with mismatched target, evidence, order, or effects	attach a positive tracer and real Lean kernel gate for set.literal_subset
P3_kernelize_mapped_route	builtin_typed	set.not_subset_from_not_superset		mapped_not_kernel_checked	Codex	required: smallest .lit source whose Result selects stable ID set.not_subset_from_not_superset	reject a forged set.not_subset_from_not_superset Result with mismatched target, evidence, order, or effects	attach a positive tracer and real Lean kernel gate for set.not_subset_from_not_superset
P3_kernelize_mapped_route	builtin_typed	set.not_superset_from_not_subset		mapped_not_kernel_checked	Codex	required: smallest .lit source whose Result selects stable ID set.not_superset_from_not_subset	reject a forged set.not_superset_from_not_subset Result with mismatched target, evidence, order, or effects	attach a positive tracer and real Lean kernel gate for set.not_superset_from_not_subset
P3_kernelize_mapped_route	builtin_typed	set.power_set_finite		mapped_not_kernel_checked	Codex	required: smallest .lit source whose Result selects stable ID set.power_set_finite	reject a forged set.power_set_finite Result with mismatched target, evidence, order, or effects	attach a positive tracer and real Lean kernel gate for set.power_set_finite
P3_kernelize_mapped_route	builtin_typed	set.power_set_membership_of_subset		mapped_not_kernel_checked	Codex	required: smallest .lit source whose Result selects stable ID set.power_set_membership_of_subset	reject a forged set.power_set_membership_of_subset Result with mismatched target, evidence, order, or effects	attach a positive tracer and real Lean kernel gate for set.power_set_membership_of_subset
P3_kernelize_mapped_route	builtin_typed	set.power_set_nonempty		mapped_not_kernel_checked	Codex	required: smallest .lit source whose Result selects stable ID set.power_set_nonempty	reject a forged set.power_set_nonempty Result with mismatched target, evidence, order, or effects	attach a positive tracer and real Lean kernel gate for set.power_set_nonempty
P3_kernelize_mapped_route	builtin_typed	set.real_interval_subset_real		mapped_not_kernel_checked	Codex	required: smallest .lit source whose Result selects stable ID set.real_interval_subset_real	reject a forged set.real_interval_subset_real Result with mismatched target, evidence, order, or effects	attach a positive tracer and real Lean kernel gate for set.real_interval_subset_real
P3_kernelize_mapped_route	builtin_typed	set.set_builder_in_power_set_via_param_subset		mapped_not_kernel_checked	Codex	required: smallest .lit source whose Result selects stable ID set.set_builder_in_power_set_via_param_subset	reject a forged set.set_builder_in_power_set_via_param_subset Result with mismatched target, evidence, order, or effects	attach a positive tracer and real Lean kernel gate for set.set_builder_in_power_set_via_param_subset
P3_kernelize_mapped_route	builtin_typed	set.set_builder_membership		mapped_not_kernel_checked	Codex	required: smallest .lit source whose Result selects stable ID set.set_builder_membership	reject a forged set.set_builder_membership Result with mismatched target, evidence, order, or effects	attach a positive tracer and real Lean kernel gate for set.set_builder_membership
P3_kernelize_mapped_route	builtin_typed	set.set_builder_subset_base		mapped_not_kernel_checked	Codex	required: smallest .lit source whose Result selects stable ID set.set_builder_subset_base	reject a forged set.set_builder_subset_base Result with mismatched target, evidence, order, or effects	attach a positive tracer and real Lean kernel gate for set.set_builder_subset_base
P3_kernelize_mapped_route	builtin_typed	set.set_minus_empty_left		mapped_not_kernel_checked	Codex	required: smallest .lit source whose Result selects stable ID set.set_minus_empty_left	reject a forged set.set_minus_empty_left Result with mismatched target, evidence, order, or effects	attach a positive tracer and real Lean kernel gate for set.set_minus_empty_left
P3_kernelize_mapped_route	builtin_typed	set.set_minus_empty_right		mapped_not_kernel_checked	Codex	required: smallest .lit source whose Result selects stable ID set.set_minus_empty_right	reject a forged set.set_minus_empty_right Result with mismatched target, evidence, order, or effects	attach a positive tracer and real Lean kernel gate for set.set_minus_empty_right
P3_kernelize_mapped_route	builtin_typed	set.set_minus_finite_left		mapped_not_kernel_checked	Codex	required: smallest .lit source whose Result selects stable ID set.set_minus_finite_left	reject a forged set.set_minus_finite_left Result with mismatched target, evidence, order, or effects	attach a positive tracer and real Lean kernel gate for set.set_minus_finite_left
P3_kernelize_mapped_route	builtin_typed	set.set_minus_intersect_de_morgan		mapped_not_kernel_checked	Codex	required: smallest .lit source whose Result selects stable ID set.set_minus_intersect_de_morgan	reject a forged set.set_minus_intersect_de_morgan Result with mismatched target, evidence, order, or effects	attach a positive tracer and real Lean kernel gate for set.set_minus_intersect_de_morgan
P3_kernelize_mapped_route	builtin_typed	set.set_minus_intersect_self		mapped_not_kernel_checked	Codex	required: smallest .lit source whose Result selects stable ID set.set_minus_intersect_self	reject a forged set.set_minus_intersect_self Result with mismatched target, evidence, order, or effects	attach a positive tracer and real Lean kernel gate for set.set_minus_intersect_self
P3_kernelize_mapped_route	builtin_typed	set.set_minus_membership		mapped_not_kernel_checked	Codex	required: smallest .lit source whose Result selects stable ID set.set_minus_membership	reject a forged set.set_minus_membership Result with mismatched target, evidence, order, or effects	attach a positive tracer and real Lean kernel gate for set.set_minus_membership
P3_kernelize_mapped_route	builtin_typed	set.set_minus_recover_subset		mapped_not_kernel_checked	Codex	required: smallest .lit source whose Result selects stable ID set.set_minus_recover_subset	reject a forged set.set_minus_recover_subset Result with mismatched target, evidence, order, or effects	attach a positive tracer and real Lean kernel gate for set.set_minus_recover_subset
P3_kernelize_mapped_route	builtin_typed	set.set_minus_self_empty		mapped_not_kernel_checked	Codex	required: smallest .lit source whose Result selects stable ID set.set_minus_self_empty	reject a forged set.set_minus_self_empty Result with mismatched target, evidence, order, or effects	attach a positive tracer and real Lean kernel gate for set.set_minus_self_empty
P3_kernelize_mapped_route	builtin_typed	set.set_minus_subset_left		mapped_not_kernel_checked	Codex	required: smallest .lit source whose Result selects stable ID set.set_minus_subset_left	reject a forged set.set_minus_subset_left Result with mismatched target, evidence, order, or effects	attach a positive tracer and real Lean kernel gate for set.set_minus_subset_left
P3_kernelize_mapped_route	builtin_typed	set.set_minus_union_de_morgan		mapped_not_kernel_checked	Codex	required: smallest .lit source whose Result selects stable ID set.set_minus_union_de_morgan	reject a forged set.set_minus_union_de_morgan Result with mismatched target, evidence, order, or effects	attach a positive tracer and real Lean kernel gate for set.set_minus_union_de_morgan
P3_kernelize_mapped_route	builtin_typed	set.standard_nonempty		mapped_not_kernel_checked	Codex	required: smallest .lit source whose Result selects stable ID set.standard_nonempty	reject a forged set.standard_nonempty Result with mismatched target, evidence, order, or effects	attach a positive tracer and real Lean kernel gate for set.standard_nonempty
P3_kernelize_mapped_route	builtin_typed	set.subset_eq_set_minus_recovery		mapped_not_kernel_checked	Codex	required: smallest .lit source whose Result selects stable ID set.subset_eq_set_minus_recovery	reject a forged set.subset_eq_set_minus_recovery Result with mismatched target, evidence, order, or effects	attach a positive tracer and real Lean kernel gate for set.subset_eq_set_minus_recovery
P3_kernelize_mapped_route	builtin_typed	set.subset_from_superset		mapped_not_kernel_checked	Codex	required: smallest .lit source whose Result selects stable ID set.subset_from_superset	reject a forged set.subset_from_superset Result with mismatched target, evidence, order, or effects	attach a positive tracer and real Lean kernel gate for set.subset_from_superset
P3_kernelize_mapped_route	builtin_typed	set.subset_reflexivity		mapped_not_kernel_checked	Codex	required: smallest .lit source whose Result selects stable ID set.subset_reflexivity	reject a forged set.subset_reflexivity Result with mismatched target, evidence, order, or effects	attach a positive tracer and real Lean kernel gate for set.subset_reflexivity
P3_kernelize_mapped_route	builtin_typed	set.subset_union_left		mapped_not_kernel_checked	Codex	required: smallest .lit source whose Result selects stable ID set.subset_union_left	reject a forged set.subset_union_left Result with mismatched target, evidence, order, or effects	attach a positive tracer and real Lean kernel gate for set.subset_union_left
P3_kernelize_mapped_route	builtin_typed	set.subset_union_right		mapped_not_kernel_checked	Codex	required: smallest .lit source whose Result selects stable ID set.subset_union_right	reject a forged set.subset_union_right Result with mismatched target, evidence, order, or effects	attach a positive tracer and real Lean kernel gate for set.subset_union_right
P3_kernelize_mapped_route	builtin_typed	set.superset_from_subset		mapped_not_kernel_checked	Codex	required: smallest .lit source whose Result selects stable ID set.superset_from_subset	reject a forged set.superset_from_subset Result with mismatched target, evidence, order, or effects	attach a positive tracer and real Lean kernel gate for set.superset_from_subset
P3_kernelize_mapped_route	builtin_typed	set.superset_reflexivity		mapped_not_kernel_checked	Codex	required: smallest .lit source whose Result selects stable ID set.superset_reflexivity	reject a forged set.superset_reflexivity Result with mismatched target, evidence, order, or effects	attach a positive tracer and real Lean kernel gate for set.superset_reflexivity
P3_kernelize_mapped_route	builtin_typed	set.union_associative		mapped_not_kernel_checked	Codex	required: smallest .lit source whose Result selects stable ID set.union_associative	reject a forged set.union_associative Result with mismatched target, evidence, order, or effects	attach a positive tracer and real Lean kernel gate for set.union_associative
P3_kernelize_mapped_route	builtin_typed	set.union_commutative		mapped_not_kernel_checked	Codex	required: smallest .lit source whose Result selects stable ID set.union_commutative	reject a forged set.union_commutative Result with mismatched target, evidence, order, or effects	attach a positive tracer and real Lean kernel gate for set.union_commutative
P3_kernelize_mapped_route	builtin_typed	set.union_empty_left		mapped_not_kernel_checked	Codex	required: smallest .lit source whose Result selects stable ID set.union_empty_left	reject a forged set.union_empty_left Result with mismatched target, evidence, order, or effects	attach a positive tracer and real Lean kernel gate for set.union_empty_left
P3_kernelize_mapped_route	builtin_typed	set.union_empty_right		mapped_not_kernel_checked	Codex	required: smallest .lit source whose Result selects stable ID set.union_empty_right	reject a forged set.union_empty_right Result with mismatched target, evidence, order, or effects	attach a positive tracer and real Lean kernel gate for set.union_empty_right
P3_kernelize_mapped_route	builtin_typed	set.union_eq_right_of_subset		mapped_not_kernel_checked	Codex	required: smallest .lit source whose Result selects stable ID set.union_eq_right_of_subset	reject a forged set.union_eq_right_of_subset Result with mismatched target, evidence, order, or effects	attach a positive tracer and real Lean kernel gate for set.union_eq_right_of_subset
P3_kernelize_mapped_route	builtin_typed	set.union_finite		mapped_not_kernel_checked	Codex	required: smallest .lit source whose Result selects stable ID set.union_finite	reject a forged set.union_finite Result with mismatched target, evidence, order, or effects	attach a positive tracer and real Lean kernel gate for set.union_finite
P3_kernelize_mapped_route	builtin_typed	set.union_idempotent		mapped_not_kernel_checked	Codex	required: smallest .lit source whose Result selects stable ID set.union_idempotent	reject a forged set.union_idempotent Result with mismatched target, evidence, order, or effects	attach a positive tracer and real Lean kernel gate for set.union_idempotent
P3_kernelize_mapped_route	builtin_typed	set.union_membership_left		mapped_not_kernel_checked	Codex	required: smallest .lit source whose Result selects stable ID set.union_membership_left	reject a forged set.union_membership_left Result with mismatched target, evidence, order, or effects	attach a positive tracer and real Lean kernel gate for set.union_membership_left
P3_kernelize_mapped_route	builtin_typed	set.union_membership_right		mapped_not_kernel_checked	Codex	required: smallest .lit source whose Result selects stable ID set.union_membership_right	reject a forged set.union_membership_right Result with mismatched target, evidence, order, or effects	attach a positive tracer and real Lean kernel gate for set.union_membership_right
P3_kernelize_mapped_route	builtin_typed	set.union_nonempty_left		mapped_not_kernel_checked	Codex	required: smallest .lit source whose Result selects stable ID set.union_nonempty_left	reject a forged set.union_nonempty_left Result with mismatched target, evidence, order, or effects	attach a positive tracer and real Lean kernel gate for set.union_nonempty_left
P3_kernelize_mapped_route	builtin_typed	set.union_nonempty_right		mapped_not_kernel_checked	Codex	required: smallest .lit source whose Result selects stable ID set.union_nonempty_right	reject a forged set.union_nonempty_right Result with mismatched target, evidence, order, or effects	attach a positive tracer and real Lean kernel gate for set.union_nonempty_right
P3_kernelize_mapped_route	builtin_typed	set.union_set_minus_decomposition		mapped_not_kernel_checked	Codex	required: smallest .lit source whose Result selects stable ID set.union_set_minus_decomposition	reject a forged set.union_set_minus_decomposition Result with mismatched target, evidence, order, or effects	attach a positive tracer and real Lean kernel gate for set.union_set_minus_decomposition
P3_kernelize_mapped_route	builtin_typed	set.union_subset		mapped_not_kernel_checked	Codex	required: smallest .lit source whose Result selects stable ID set.union_subset	reject a forged set.union_subset Result with mismatched target, evidence, order, or effects	attach a positive tracer and real Lean kernel gate for set.union_subset
P3_kernelize_mapped_route	builtin_typed	tuple.cartesian_membership		mapped_not_kernel_checked	Codex	required: smallest .lit source whose Result selects stable ID tuple.cartesian_membership	reject a forged tuple.cartesian_membership Result with mismatched target, evidence, order, or effects	attach a positive tracer and real Lean kernel gate for tuple.cartesian_membership
P3_kernelize_mapped_route	builtin_typed	tuple.literal_shape		mapped_not_kernel_checked	Codex	required: smallest .lit source whose Result selects stable ID tuple.literal_shape	reject a forged tuple.literal_shape Result with mismatched target, evidence, order, or effects	attach a positive tracer and real Lean kernel gate for tuple.literal_shape
P3_kernelize_mapped_route	builtin_uncatalogued	builtin.verify.verify_builtin_rules.in_fact_builtin.set_membership.verify_in_fact_by_known_direct_superset		mapped_not_kernel_checked	Codex	required: smallest .lit source whose Result selects stable ID builtin.verify.verify_builtin_rules.in_fact_builtin.set_membership.verify_in_fact_by_known_direct_superset	reject a forged builtin.verify.verify_builtin_rules.in_fact_builtin.set_membership.verify_in_fact_by_known_direct_superset Result with mismatched target, evidence, order, or effects	attach a positive tracer and real Lean kernel gate for builtin.verify.verify_builtin_rules.in_fact_builtin.set_membership.verify_in_fact_by_known_direct_superset
P3_kernelize_mapped_route	builtin_uncatalogued	builtin.verify.verify_builtin_rules.atomic_except_equality_dispatch.verify_atomic_except_equality_with_builtin_rules_inner		mapped_not_kernel_checked	Codex	required: smallest .lit source whose Result selects stable ID builtin.verify.verify_builtin_rules.atomic_except_equality_dispatch.verify_atomic_except_equality_with_builtin_rules_inner	reject a forged builtin.verify.verify_builtin_rules.atomic_except_equality_dispatch.verify_atomic_except_equality_with_builtin_rules_inner Result with mismatched target, evidence, order, or effects	attach a positive tracer and real Lean kernel gate for builtin.verify.verify_builtin_rules.atomic_except_equality_dispatch.verify_atomic_except_equality_with_builtin_rules_inner
P3_kernelize_mapped_route	fact	Fact::AndFact		mapped_not_kernel_checked	Codex	required: smallest .lit source whose completed Result contains Fact::AndFact	reject a forged Fact::AndFact Result with mismatched target, evidence, order, or effects	attach a positive tracer and real Lean kernel gate for Fact::AndFact
P3_kernelize_mapped_route	fact	Fact::AtomicFact		mapped_not_kernel_checked	Codex	required: smallest .lit source whose completed Result contains Fact::AtomicFact	reject a forged Fact::AtomicFact Result with mismatched target, evidence, order, or effects	attach a positive tracer and real Lean kernel gate for Fact::AtomicFact
P3_kernelize_mapped_route	fact	Fact::ChainFact		mapped_not_kernel_checked	Codex	required: smallest .lit source whose completed Result contains Fact::ChainFact	reject a forged Fact::ChainFact Result with mismatched target, evidence, order, or effects	attach a positive tracer and real Lean kernel gate for Fact::ChainFact
P3_kernelize_mapped_route	fact	Fact::ExistFact		mapped_not_kernel_checked	Codex	required: smallest .lit source whose completed Result contains Fact::ExistFact	reject a forged Fact::ExistFact Result with mismatched target, evidence, order, or effects	attach a positive tracer and real Lean kernel gate for Fact::ExistFact
P3_kernelize_mapped_route	fact	Fact::ForallFact		mapped_not_kernel_checked	Codex	required: smallest .lit source whose completed Result contains Fact::ForallFact	reject a forged Fact::ForallFact Result with mismatched target, evidence, order, or effects	attach a positive tracer and real Lean kernel gate for Fact::ForallFact
P3_kernelize_mapped_route	fact	Fact::OrFact		mapped_not_kernel_checked	Codex	required: smallest .lit source whose completed Result contains Fact::OrFact	reject a forged Fact::OrFact Result with mismatched target, evidence, order, or effects	attach a positive tracer and real Lean kernel gate for Fact::OrFact
P3_kernelize_mapped_route	fact_proof	SuccessFactProofResult::BuiltinRule		mapped_not_kernel_checked	Codex	required: smallest .lit source whose completed Result contains SuccessFactProofResult::BuiltinRule	reject a forged SuccessFactProofResult::BuiltinRule Result with mismatched target, evidence, order, or effects	attach a positive tracer and real Lean kernel gate for SuccessFactProofResult::BuiltinRule
P3_kernelize_mapped_route	fact_proof	SuccessFactProofResult::BuiltinStrategy		mapped_not_kernel_checked	Codex	required: smallest .lit source whose completed Result contains SuccessFactProofResult::BuiltinStrategy	reject a forged SuccessFactProofResult::BuiltinStrategy Result with mismatched target, evidence, order, or effects	attach a positive tracer and real Lean kernel gate for SuccessFactProofResult::BuiltinStrategy
P3_kernelize_mapped_route	fact_proof	SuccessFactProofResult::CheckedFunctionDefinitionReduction		mapped_not_kernel_checked	Codex	required: smallest .lit source whose completed Result contains SuccessFactProofResult::CheckedFunctionDefinitionReduction	reject a forged SuccessFactProofResult::CheckedFunctionDefinitionReduction Result with mismatched target, evidence, order, or effects	attach a positive tracer and real Lean kernel gate for SuccessFactProofResult::CheckedFunctionDefinitionReduction
P3_kernelize_mapped_route	fact_proof	SuccessFactProofResult::CombinedProofs		mapped_not_kernel_checked	Codex	required: smallest .lit source whose completed Result contains SuccessFactProofResult::CombinedProofs	reject a forged SuccessFactProofResult::CombinedProofs Result with mismatched target, evidence, order, or effects	attach a positive tracer and real Lean kernel gate for SuccessFactProofResult::CombinedProofs
P3_kernelize_mapped_route	fact_proof	SuccessFactProofResult::ForallProof		mapped_not_kernel_checked	Codex	required: smallest .lit source whose completed Result contains SuccessFactProofResult::ForallProof	reject a forged SuccessFactProofResult::ForallProof Result with mismatched target, evidence, order, or effects	attach a positive tracer and real Lean kernel gate for SuccessFactProofResult::ForallProof
P3_kernelize_mapped_route	fact_proof	SuccessFactProofResult::KnownForallInstantiation		mapped_not_kernel_checked	Codex	required: smallest .lit source whose completed Result contains SuccessFactProofResult::KnownForallInstantiation	reject a forged SuccessFactProofResult::KnownForallInstantiation Result with mismatched target, evidence, order, or effects	attach a positive tracer and real Lean kernel gate for SuccessFactProofResult::KnownForallInstantiation
P3_kernelize_mapped_route	fact_proof	SuccessFactProofResult::Reuse		mapped_not_kernel_checked	Codex	required: smallest .lit source whose completed Result contains SuccessFactProofResult::Reuse	reject a forged SuccessFactProofResult::Reuse Result with mismatched target, evidence, order, or effects	attach a positive tracer and real Lean kernel gate for SuccessFactProofResult::Reuse
P3_kernelize_mapped_route	fact_proof	SuccessFactProofResult::StoredFactCitation		mapped_not_kernel_checked	Codex	required: smallest .lit source whose completed Result contains SuccessFactProofResult::StoredFactCitation	reject a forged SuccessFactProofResult::StoredFactCitation Result with mismatched target, evidence, order, or effects	attach a positive tracer and real Lean kernel gate for SuccessFactProofResult::StoredFactCitation
P3_kernelize_mapped_route	fact_proof	SuccessFactProofResult::Transform		mapped_not_kernel_checked	Codex	required: smallest .lit source whose completed Result contains SuccessFactProofResult::Transform	reject a forged SuccessFactProofResult::Transform Result with mismatched target, evidence, order, or effects	attach a positive tracer and real Lean kernel gate for SuccessFactProofResult::Transform
P3_kernelize_mapped_route	inference	InferRule::CartesianMembershipProjection		mapped_not_kernel_checked	Codex	required: smallest .lit source whose completed Result contains InferRule::CartesianMembershipProjection	reject a forged InferRule::CartesianMembershipProjection Result with mismatched target, evidence, order, or effects	attach a positive tracer and real Lean kernel gate for InferRule::CartesianMembershipProjection
P3_kernelize_mapped_route	inference	InferRule::ChainImpliesComponent		mapped_not_kernel_checked	Codex	required: smallest .lit source whose completed Result contains InferRule::ChainImpliesComponent	reject a forged InferRule::ChainImpliesComponent Result with mismatched target, evidence, order, or effects	attach a positive tracer and real Lean kernel gate for InferRule::ChainImpliesComponent
P3_kernelize_mapped_route	inference	InferRule::ClosedPositivePowerEqualityImpliesEqualSideMembership		mapped_not_kernel_checked	Codex	required: smallest .lit source whose completed Result contains InferRule::ClosedPositivePowerEqualityImpliesEqualSideMembership	reject a forged InferRule::ClosedPositivePowerEqualityImpliesEqualSideMembership Result with mismatched target, evidence, order, or effects	attach a positive tracer and real Lean kernel gate for InferRule::ClosedPositivePowerEqualityImpliesEqualSideMembership
P3_kernelize_mapped_route	inference	InferRule::ConjunctionImpliesComponent		mapped_not_kernel_checked	Codex	required: smallest .lit source whose completed Result contains InferRule::ConjunctionImpliesComponent	reject a forged InferRule::ConjunctionImpliesComponent Result with mismatched target, evidence, order, or effects	attach a positive tracer and real Lean kernel gate for InferRule::ConjunctionImpliesComponent
P3_kernelize_mapped_route	inference	InferRule::DefinedPredicateDefinitionClauseProjection		mapped_not_kernel_checked	Codex	required: smallest .lit source whose completed Result contains InferRule::DefinedPredicateDefinitionClauseProjection	reject a forged InferRule::DefinedPredicateDefinitionClauseProjection Result with mismatched target, evidence, order, or effects	attach a positive tracer and real Lean kernel gate for InferRule::DefinedPredicateDefinitionClauseProjection
P3_kernelize_mapped_route	inference	InferRule::DefinedPredicateParameterRequirementProjection		mapped_not_kernel_checked	Codex	required: smallest .lit source whose completed Result contains InferRule::DefinedPredicateParameterRequirementProjection	reject a forged InferRule::DefinedPredicateParameterRequirementProjection Result with mismatched target, evidence, order, or effects	attach a positive tracer and real Lean kernel gate for InferRule::DefinedPredicateParameterRequirementProjection
P3_kernelize_mapped_route	inference	InferRule::EqualityChainClosure		mapped_not_kernel_checked	Codex	required: smallest .lit source whose completed Result contains InferRule::EqualityChainClosure	reject a forged InferRule::EqualityChainClosure Result with mismatched target, evidence, order, or effects	attach a positive tracer and real Lean kernel gate for InferRule::EqualityChainClosure
P3_kernelize_mapped_route	inference	InferRule::FunctionRangeMembershipImpliesCodomainMembership		mapped_not_kernel_checked	Codex	required: smallest .lit source whose completed Result contains InferRule::FunctionRangeMembershipImpliesCodomainMembership	reject a forged InferRule::FunctionRangeMembershipImpliesCodomainMembership Result with mismatched target, evidence, order, or effects	attach a positive tracer and real Lean kernel gate for InferRule::FunctionRangeMembershipImpliesCodomainMembership
P3_kernelize_mapped_route	inference	InferRule::ListSetMembershipImpliesEqualityAlternatives		mapped_not_kernel_checked	Codex	required: smallest .lit source whose completed Result contains InferRule::ListSetMembershipImpliesEqualityAlternatives	reject a forged InferRule::ListSetMembershipImpliesEqualityAlternatives Result with mismatched target, evidence, order, or effects	attach a positive tracer and real Lean kernel gate for InferRule::ListSetMembershipImpliesEqualityAlternatives
P3_kernelize_mapped_route	inference	InferRule::MembershipInSetWithKnownEqualityImpliesMembershipInEqualSet		mapped_not_kernel_checked	Codex	required: smallest .lit source whose completed Result contains InferRule::MembershipInSetWithKnownEqualityImpliesMembershipInEqualSet	reject a forged InferRule::MembershipInSetWithKnownEqualityImpliesMembershipInEqualSet Result with mismatched target, evidence, order, or effects	attach a positive tracer and real Lean kernel gate for InferRule::MembershipInSetWithKnownEqualityImpliesMembershipInEqualSet
P3_kernelize_mapped_route	inference	InferRule::MultiplicationByNegativeOneReversesOrderAgainstZero		mapped_not_kernel_checked	Codex	required: smallest .lit source whose completed Result contains InferRule::MultiplicationByNegativeOneReversesOrderAgainstZero	reject a forged InferRule::MultiplicationByNegativeOneReversesOrderAgainstZero Result with mismatched target, evidence, order, or effects	attach a positive tracer and real Lean kernel gate for InferRule::MultiplicationByNegativeOneReversesOrderAgainstZero
P3_kernelize_mapped_route	inference	InferRule::NaturalMembershipImpliesNonnegative		mapped_not_kernel_checked	Codex	required: smallest .lit source whose completed Result contains InferRule::NaturalMembershipImpliesNonnegative	reject a forged InferRule::NaturalMembershipImpliesNonnegative Result with mismatched target, evidence, order, or effects	attach a positive tracer and real Lean kernel gate for InferRule::NaturalMembershipImpliesNonnegative
P3_kernelize_mapped_route	inference	InferRule::NegativeStandardSetMembershipImpliesNegative		mapped_not_kernel_checked	Codex	required: smallest .lit source whose completed Result contains InferRule::NegativeStandardSetMembershipImpliesNegative	reject a forged InferRule::NegativeStandardSetMembershipImpliesNegative Result with mismatched target, evidence, order, or effects	attach a positive tracer and real Lean kernel gate for InferRule::NegativeStandardSetMembershipImpliesNegative
P3_kernelize_mapped_route	inference	InferRule::NonzeroStandardSetMembershipImpliesNonzero		mapped_not_kernel_checked	Codex	required: smallest .lit source whose completed Result contains InferRule::NonzeroStandardSetMembershipImpliesNonzero	reject a forged InferRule::NonzeroStandardSetMembershipImpliesNonzero Result with mismatched target, evidence, order, or effects	attach a positive tracer and real Lean kernel gate for InferRule::NonzeroStandardSetMembershipImpliesNonzero
P3_kernelize_mapped_route	inference	InferRule::NumericOrderBoundImpliesZeroSign		mapped_not_kernel_checked	Codex	required: smallest .lit source whose completed Result contains InferRule::NumericOrderBoundImpliesZeroSign	reject a forged InferRule::NumericOrderBoundImpliesZeroSign Result with mismatched target, evidence, order, or effects	attach a positive tracer and real Lean kernel gate for InferRule::NumericOrderBoundImpliesZeroSign
P3_kernelize_mapped_route	inference	InferRule::NumericOrderChainClosure		mapped_not_kernel_checked	Codex	required: smallest .lit source whose completed Result contains InferRule::NumericOrderChainClosure	reject a forged InferRule::NumericOrderChainClosure Result with mismatched target, evidence, order, or effects	attach a positive tracer and real Lean kernel gate for InferRule::NumericOrderChainClosure
P3_kernelize_mapped_route	inference	InferRule::PositiveIntegerBaseNaturalPowerEqualityImpliesEqualSideMembership		mapped_not_kernel_checked	Codex	required: smallest .lit source whose completed Result contains InferRule::PositiveIntegerBaseNaturalPowerEqualityImpliesEqualSideMembership	reject a forged InferRule::PositiveIntegerBaseNaturalPowerEqualityImpliesEqualSideMembership Result with mismatched target, evidence, order, or effects	attach a positive tracer and real Lean kernel gate for InferRule::PositiveIntegerBaseNaturalPowerEqualityImpliesEqualSideMembership
P3_kernelize_mapped_route	inference	InferRule::PositiveStandardSetMembershipImpliesPositive		mapped_not_kernel_checked	Codex	required: smallest .lit source whose completed Result contains InferRule::PositiveStandardSetMembershipImpliesPositive	reject a forged InferRule::PositiveStandardSetMembershipImpliesPositive Result with mismatched target, evidence, order, or effects	attach a positive tracer and real Lean kernel gate for InferRule::PositiveStandardSetMembershipImpliesPositive
P3_kernelize_mapped_route	inference	InferRule::RegisteredTransitivePredicateChainClosure		mapped_not_kernel_checked	Codex	required: smallest .lit source whose completed Result contains InferRule::RegisteredTransitivePredicateChainClosure	reject a forged InferRule::RegisteredTransitivePredicateChainClosure Result with mismatched target, evidence, order, or effects	attach a positive tracer and real Lean kernel gate for InferRule::RegisteredTransitivePredicateChainClosure
P3_kernelize_mapped_route	inference	InferRule::SetBuilderBaseMembershipProjection		mapped_not_kernel_checked	Codex	required: smallest .lit source whose completed Result contains InferRule::SetBuilderBaseMembershipProjection	reject a forged InferRule::SetBuilderBaseMembershipProjection Result with mismatched target, evidence, order, or effects	attach a positive tracer and real Lean kernel gate for InferRule::SetBuilderBaseMembershipProjection
P3_kernelize_mapped_route	inference	InferRule::SetBuilderPredicateProjection		mapped_not_kernel_checked	Codex	required: smallest .lit source whose completed Result contains InferRule::SetBuilderPredicateProjection	reject a forged InferRule::SetBuilderPredicateProjection Result with mismatched target, evidence, order, or effects	attach a positive tracer and real Lean kernel gate for InferRule::SetBuilderPredicateProjection
P3_kernelize_mapped_route	inference	InferRule::StrictOrderComparedToZeroImpliesWeakOrder		mapped_not_kernel_checked	Codex	required: smallest .lit source whose completed Result contains InferRule::StrictOrderComparedToZeroImpliesWeakOrder	reject a forged InferRule::StrictOrderComparedToZeroImpliesWeakOrder Result with mismatched target, evidence, order, or effects	attach a positive tracer and real Lean kernel gate for InferRule::StrictOrderComparedToZeroImpliesWeakOrder
P3_kernelize_mapped_route	inference	InferRule::SubsetImpliesElementwiseMembershipForall		mapped_not_kernel_checked	Codex	required: smallest .lit source whose completed Result contains InferRule::SubsetImpliesElementwiseMembershipForall	reject a forged InferRule::SubsetImpliesElementwiseMembershipForall Result with mismatched target, evidence, order, or effects	attach a positive tracer and real Lean kernel gate for InferRule::SubsetImpliesElementwiseMembershipForall
P3_kernelize_mapped_route	inference	InferRule::SupersetImpliesElementwiseMembershipForall		mapped_not_kernel_checked	Codex	required: smallest .lit source whose completed Result contains InferRule::SupersetImpliesElementwiseMembershipForall	reject a forged InferRule::SupersetImpliesElementwiseMembershipForall Result with mismatched target, evidence, order, or effects	attach a positive tracer and real Lean kernel gate for InferRule::SupersetImpliesElementwiseMembershipForall
P3_kernelize_mapped_route	inference	InferRule::TupleEqualityWithKnownTupleImpliesTupleShape		mapped_not_kernel_checked	Codex	required: smallest .lit source whose completed Result contains InferRule::TupleEqualityWithKnownTupleImpliesTupleShape	reject a forged InferRule::TupleEqualityWithKnownTupleImpliesTupleShape Result with mismatched target, evidence, order, or effects	attach a positive tracer and real Lean kernel gate for InferRule::TupleEqualityWithKnownTupleImpliesTupleShape
P3_kernelize_mapped_route	object	Obj::Abs	binder	mapped_not_kernel_checked	Codex	required: smallest .lit source whose completed Result contains Obj::Abs in its binder role	reject a forged Obj::Abs Result with mismatched target, evidence, order, or effects	attach a positive tracer and real Lean kernel gate for Obj::Abs
P3_kernelize_mapped_route	object	Obj::Abs	definition_value	mapped_not_kernel_checked	Codex	required: smallest .lit source whose completed Result contains Obj::Abs in its definition_value role	reject a forged Obj::Abs Result with mismatched target, evidence, order, or effects	attach a positive tracer and real Lean kernel gate for Obj::Abs
P3_kernelize_mapped_route	object	Obj::Abs	function_domain_or_codomain	mapped_not_kernel_checked	Codex	required: smallest .lit source whose completed Result contains Obj::Abs in its function_domain_or_codomain role	reject a forged Obj::Abs Result with mismatched target, evidence, order, or effects	attach a positive tracer and real Lean kernel gate for Obj::Abs
P3_kernelize_mapped_route	object	Obj::Abs	target_set	mapped_not_kernel_checked	Codex	required: smallest .lit source whose completed Result contains Obj::Abs in its target_set role	reject a forged Obj::Abs Result with mismatched target, evidence, order, or effects	attach a positive tracer and real Lean kernel gate for Obj::Abs
P3_kernelize_mapped_route	object	Obj::Abs	term	mapped_not_kernel_checked	Codex	required: smallest .lit source whose completed Result contains Obj::Abs in its term role	reject a forged Obj::Abs Result with mismatched target, evidence, order, or effects	attach a positive tracer and real Lean kernel gate for Obj::Abs
P3_kernelize_mapped_route	object	Obj::Abs	well_definedness	mapped_not_kernel_checked	Codex	required: smallest .lit source whose completed Result contains Obj::Abs in its well_definedness role	reject a forged Obj::Abs Result with mismatched target, evidence, order, or effects	attach a positive tracer and real Lean kernel gate for Obj::Abs
P3_kernelize_mapped_route	object	Obj::Add	binder	mapped_not_kernel_checked	Codex	required: smallest .lit source whose completed Result contains Obj::Add in its binder role	reject a forged Obj::Add Result with mismatched target, evidence, order, or effects	attach a positive tracer and real Lean kernel gate for Obj::Add
P3_kernelize_mapped_route	object	Obj::Add	definition_value	mapped_not_kernel_checked	Codex	required: smallest .lit source whose completed Result contains Obj::Add in its definition_value role	reject a forged Obj::Add Result with mismatched target, evidence, order, or effects	attach a positive tracer and real Lean kernel gate for Obj::Add
P3_kernelize_mapped_route	object	Obj::Add	function_domain_or_codomain	mapped_not_kernel_checked	Codex	required: smallest .lit source whose completed Result contains Obj::Add in its function_domain_or_codomain role	reject a forged Obj::Add Result with mismatched target, evidence, order, or effects	attach a positive tracer and real Lean kernel gate for Obj::Add
P3_kernelize_mapped_route	object	Obj::Add	target_set	mapped_not_kernel_checked	Codex	required: smallest .lit source whose completed Result contains Obj::Add in its target_set role	reject a forged Obj::Add Result with mismatched target, evidence, order, or effects	attach a positive tracer and real Lean kernel gate for Obj::Add
P3_kernelize_mapped_route	object	Obj::Add	term	mapped_not_kernel_checked	Codex	required: smallest .lit source whose completed Result contains Obj::Add in its term role	reject a forged Obj::Add Result with mismatched target, evidence, order, or effects	attach a positive tracer and real Lean kernel gate for Obj::Add
P3_kernelize_mapped_route	object	Obj::Add	well_definedness	mapped_not_kernel_checked	Codex	required: smallest .lit source whose completed Result contains Obj::Add in its well_definedness role	reject a forged Obj::Add Result with mismatched target, evidence, order, or effects	attach a positive tracer and real Lean kernel gate for Obj::Add
P3_kernelize_mapped_route	object	Obj::AnonymousFn	binder	mapped_not_kernel_checked	Codex	required: smallest .lit source whose completed Result contains Obj::AnonymousFn in its binder role	reject a forged Obj::AnonymousFn Result with mismatched target, evidence, order, or effects	attach a positive tracer and real Lean kernel gate for Obj::AnonymousFn
P3_kernelize_mapped_route	object	Obj::AnonymousFn	definition_value	mapped_not_kernel_checked	Codex	required: smallest .lit source whose completed Result contains Obj::AnonymousFn in its definition_value role	reject a forged Obj::AnonymousFn Result with mismatched target, evidence, order, or effects	attach a positive tracer and real Lean kernel gate for Obj::AnonymousFn
P3_kernelize_mapped_route	object	Obj::AnonymousFn	function_domain_or_codomain	mapped_not_kernel_checked	Codex	required: smallest .lit source whose completed Result contains Obj::AnonymousFn in its function_domain_or_codomain role	reject a forged Obj::AnonymousFn Result with mismatched target, evidence, order, or effects	attach a positive tracer and real Lean kernel gate for Obj::AnonymousFn
P3_kernelize_mapped_route	object	Obj::AnonymousFn	target_set	mapped_not_kernel_checked	Codex	required: smallest .lit source whose completed Result contains Obj::AnonymousFn in its target_set role	reject a forged Obj::AnonymousFn Result with mismatched target, evidence, order, or effects	attach a positive tracer and real Lean kernel gate for Obj::AnonymousFn
P3_kernelize_mapped_route	object	Obj::AnonymousFn	term	mapped_not_kernel_checked	Codex	required: smallest .lit source whose completed Result contains Obj::AnonymousFn in its term role	reject a forged Obj::AnonymousFn Result with mismatched target, evidence, order, or effects	attach a positive tracer and real Lean kernel gate for Obj::AnonymousFn
P3_kernelize_mapped_route	object	Obj::AnonymousFn	well_definedness	mapped_not_kernel_checked	Codex	required: smallest .lit source whose completed Result contains Obj::AnonymousFn in its well_definedness role	reject a forged Obj::AnonymousFn Result with mismatched target, evidence, order, or effects	attach a positive tracer and real Lean kernel gate for Obj::AnonymousFn
P3_kernelize_mapped_route	object	Obj::Arcsin	binder	mapped_not_kernel_checked	Codex	required: smallest .lit source whose completed Result contains Obj::Arcsin in its binder role	reject a forged Obj::Arcsin Result with mismatched target, evidence, order, or effects	attach a positive tracer and real Lean kernel gate for Obj::Arcsin
P3_kernelize_mapped_route	object	Obj::Arcsin	definition_value	mapped_not_kernel_checked	Codex	required: smallest .lit source whose completed Result contains Obj::Arcsin in its definition_value role	reject a forged Obj::Arcsin Result with mismatched target, evidence, order, or effects	attach a positive tracer and real Lean kernel gate for Obj::Arcsin
P3_kernelize_mapped_route	object	Obj::Arcsin	function_domain_or_codomain	mapped_not_kernel_checked	Codex	required: smallest .lit source whose completed Result contains Obj::Arcsin in its function_domain_or_codomain role	reject a forged Obj::Arcsin Result with mismatched target, evidence, order, or effects	attach a positive tracer and real Lean kernel gate for Obj::Arcsin
P3_kernelize_mapped_route	object	Obj::Arcsin	target_set	mapped_not_kernel_checked	Codex	required: smallest .lit source whose completed Result contains Obj::Arcsin in its target_set role	reject a forged Obj::Arcsin Result with mismatched target, evidence, order, or effects	attach a positive tracer and real Lean kernel gate for Obj::Arcsin
P3_kernelize_mapped_route	object	Obj::Arcsin	term	mapped_not_kernel_checked	Codex	required: smallest .lit source whose completed Result contains Obj::Arcsin in its term role	reject a forged Obj::Arcsin Result with mismatched target, evidence, order, or effects	attach a positive tracer and real Lean kernel gate for Obj::Arcsin
P3_kernelize_mapped_route	object	Obj::Arcsin	well_definedness	mapped_not_kernel_checked	Codex	required: smallest .lit source whose completed Result contains Obj::Arcsin in its well_definedness role	reject a forged Obj::Arcsin Result with mismatched target, evidence, order, or effects	attach a positive tracer and real Lean kernel gate for Obj::Arcsin
P3_kernelize_mapped_route	object	Obj::Atom	binder	mapped_not_kernel_checked	Codex	required: smallest .lit source whose completed Result contains Obj::Atom in its binder role	reject a forged Obj::Atom Result with mismatched target, evidence, order, or effects	attach a positive tracer and real Lean kernel gate for Obj::Atom
P3_kernelize_mapped_route	object	Obj::Atom	definition_value	mapped_not_kernel_checked	Codex	required: smallest .lit source whose completed Result contains Obj::Atom in its definition_value role	reject a forged Obj::Atom Result with mismatched target, evidence, order, or effects	attach a positive tracer and real Lean kernel gate for Obj::Atom
P3_kernelize_mapped_route	object	Obj::Atom	function_domain_or_codomain	mapped_not_kernel_checked	Codex	required: smallest .lit source whose completed Result contains Obj::Atom in its function_domain_or_codomain role	reject a forged Obj::Atom Result with mismatched target, evidence, order, or effects	attach a positive tracer and real Lean kernel gate for Obj::Atom
P3_kernelize_mapped_route	object	Obj::Atom	target_set	mapped_not_kernel_checked	Codex	required: smallest .lit source whose completed Result contains Obj::Atom in its target_set role	reject a forged Obj::Atom Result with mismatched target, evidence, order, or effects	attach a positive tracer and real Lean kernel gate for Obj::Atom
P3_kernelize_mapped_route	object	Obj::Atom	term	mapped_not_kernel_checked	Codex	required: smallest .lit source whose completed Result contains Obj::Atom in its term role	reject a forged Obj::Atom Result with mismatched target, evidence, order, or effects	attach a positive tracer and real Lean kernel gate for Obj::Atom
P3_kernelize_mapped_route	object	Obj::Atom	well_definedness	mapped_not_kernel_checked	Codex	required: smallest .lit source whose completed Result contains Obj::Atom in its well_definedness role	reject a forged Obj::Atom Result with mismatched target, evidence, order, or effects	attach a positive tracer and real Lean kernel gate for Obj::Atom
P3_kernelize_mapped_route	object	Obj::BigIntersect	binder	mapped_not_kernel_checked	Codex	required: smallest .lit source whose completed Result contains Obj::BigIntersect in its binder role	reject a forged Obj::BigIntersect Result with mismatched target, evidence, order, or effects	attach a positive tracer and real Lean kernel gate for Obj::BigIntersect
P3_kernelize_mapped_route	object	Obj::BigIntersect	definition_value	mapped_not_kernel_checked	Codex	required: smallest .lit source whose completed Result contains Obj::BigIntersect in its definition_value role	reject a forged Obj::BigIntersect Result with mismatched target, evidence, order, or effects	attach a positive tracer and real Lean kernel gate for Obj::BigIntersect
P3_kernelize_mapped_route	object	Obj::BigIntersect	function_domain_or_codomain	mapped_not_kernel_checked	Codex	required: smallest .lit source whose completed Result contains Obj::BigIntersect in its function_domain_or_codomain role	reject a forged Obj::BigIntersect Result with mismatched target, evidence, order, or effects	attach a positive tracer and real Lean kernel gate for Obj::BigIntersect
P3_kernelize_mapped_route	object	Obj::BigIntersect	target_set	mapped_not_kernel_checked	Codex	required: smallest .lit source whose completed Result contains Obj::BigIntersect in its target_set role	reject a forged Obj::BigIntersect Result with mismatched target, evidence, order, or effects	attach a positive tracer and real Lean kernel gate for Obj::BigIntersect
P3_kernelize_mapped_route	object	Obj::BigIntersect	term	mapped_not_kernel_checked	Codex	required: smallest .lit source whose completed Result contains Obj::BigIntersect in its term role	reject a forged Obj::BigIntersect Result with mismatched target, evidence, order, or effects	attach a positive tracer and real Lean kernel gate for Obj::BigIntersect
P3_kernelize_mapped_route	object	Obj::BigIntersect	well_definedness	mapped_not_kernel_checked	Codex	required: smallest .lit source whose completed Result contains Obj::BigIntersect in its well_definedness role	reject a forged Obj::BigIntersect Result with mismatched target, evidence, order, or effects	attach a positive tracer and real Lean kernel gate for Obj::BigIntersect
P3_kernelize_mapped_route	object	Obj::BigUnion	binder	mapped_not_kernel_checked	Codex	required: smallest .lit source whose completed Result contains Obj::BigUnion in its binder role	reject a forged Obj::BigUnion Result with mismatched target, evidence, order, or effects	attach a positive tracer and real Lean kernel gate for Obj::BigUnion
P3_kernelize_mapped_route	object	Obj::BigUnion	definition_value	mapped_not_kernel_checked	Codex	required: smallest .lit source whose completed Result contains Obj::BigUnion in its definition_value role	reject a forged Obj::BigUnion Result with mismatched target, evidence, order, or effects	attach a positive tracer and real Lean kernel gate for Obj::BigUnion
P3_kernelize_mapped_route	object	Obj::BigUnion	function_domain_or_codomain	mapped_not_kernel_checked	Codex	required: smallest .lit source whose completed Result contains Obj::BigUnion in its function_domain_or_codomain role	reject a forged Obj::BigUnion Result with mismatched target, evidence, order, or effects	attach a positive tracer and real Lean kernel gate for Obj::BigUnion
P3_kernelize_mapped_route	object	Obj::BigUnion	target_set	mapped_not_kernel_checked	Codex	required: smallest .lit source whose completed Result contains Obj::BigUnion in its target_set role	reject a forged Obj::BigUnion Result with mismatched target, evidence, order, or effects	attach a positive tracer and real Lean kernel gate for Obj::BigUnion
P3_kernelize_mapped_route	object	Obj::BigUnion	term	mapped_not_kernel_checked	Codex	required: smallest .lit source whose completed Result contains Obj::BigUnion in its term role	reject a forged Obj::BigUnion Result with mismatched target, evidence, order, or effects	attach a positive tracer and real Lean kernel gate for Obj::BigUnion
P3_kernelize_mapped_route	object	Obj::BigUnion	well_definedness	mapped_not_kernel_checked	Codex	required: smallest .lit source whose completed Result contains Obj::BigUnion in its well_definedness role	reject a forged Obj::BigUnion Result with mismatched target, evidence, order, or effects	attach a positive tracer and real Lean kernel gate for Obj::BigUnion
P3_kernelize_mapped_route	object	Obj::Cart	binder	mapped_not_kernel_checked	Codex	required: smallest .lit source whose completed Result contains Obj::Cart in its binder role	reject a forged Obj::Cart Result with mismatched target, evidence, order, or effects	attach a positive tracer and real Lean kernel gate for Obj::Cart
P3_kernelize_mapped_route	object	Obj::Cart	definition_value	mapped_not_kernel_checked	Codex	required: smallest .lit source whose completed Result contains Obj::Cart in its definition_value role	reject a forged Obj::Cart Result with mismatched target, evidence, order, or effects	attach a positive tracer and real Lean kernel gate for Obj::Cart
P3_kernelize_mapped_route	object	Obj::Cart	function_domain_or_codomain	mapped_not_kernel_checked	Codex	required: smallest .lit source whose completed Result contains Obj::Cart in its function_domain_or_codomain role	reject a forged Obj::Cart Result with mismatched target, evidence, order, or effects	attach a positive tracer and real Lean kernel gate for Obj::Cart
P3_kernelize_mapped_route	object	Obj::Cart	target_set	mapped_not_kernel_checked	Codex	required: smallest .lit source whose completed Result contains Obj::Cart in its target_set role	reject a forged Obj::Cart Result with mismatched target, evidence, order, or effects	attach a positive tracer and real Lean kernel gate for Obj::Cart
P3_kernelize_mapped_route	object	Obj::Cart	term	mapped_not_kernel_checked	Codex	required: smallest .lit source whose completed Result contains Obj::Cart in its term role	reject a forged Obj::Cart Result with mismatched target, evidence, order, or effects	attach a positive tracer and real Lean kernel gate for Obj::Cart
P3_kernelize_mapped_route	object	Obj::Cart	well_definedness	mapped_not_kernel_checked	Codex	required: smallest .lit source whose completed Result contains Obj::Cart in its well_definedness role	reject a forged Obj::Cart Result with mismatched target, evidence, order, or effects	attach a positive tracer and real Lean kernel gate for Obj::Cart
P3_kernelize_mapped_route	object	Obj::Ceil	binder	mapped_not_kernel_checked	Codex	required: smallest .lit source whose completed Result contains Obj::Ceil in its binder role	reject a forged Obj::Ceil Result with mismatched target, evidence, order, or effects	attach a positive tracer and real Lean kernel gate for Obj::Ceil
P3_kernelize_mapped_route	object	Obj::Ceil	definition_value	mapped_not_kernel_checked	Codex	required: smallest .lit source whose completed Result contains Obj::Ceil in its definition_value role	reject a forged Obj::Ceil Result with mismatched target, evidence, order, or effects	attach a positive tracer and real Lean kernel gate for Obj::Ceil
P3_kernelize_mapped_route	object	Obj::Ceil	function_domain_or_codomain	mapped_not_kernel_checked	Codex	required: smallest .lit source whose completed Result contains Obj::Ceil in its function_domain_or_codomain role	reject a forged Obj::Ceil Result with mismatched target, evidence, order, or effects	attach a positive tracer and real Lean kernel gate for Obj::Ceil
P3_kernelize_mapped_route	object	Obj::Ceil	target_set	mapped_not_kernel_checked	Codex	required: smallest .lit source whose completed Result contains Obj::Ceil in its target_set role	reject a forged Obj::Ceil Result with mismatched target, evidence, order, or effects	attach a positive tracer and real Lean kernel gate for Obj::Ceil
P3_kernelize_mapped_route	object	Obj::Ceil	term	mapped_not_kernel_checked	Codex	required: smallest .lit source whose completed Result contains Obj::Ceil in its term role	reject a forged Obj::Ceil Result with mismatched target, evidence, order, or effects	attach a positive tracer and real Lean kernel gate for Obj::Ceil
P3_kernelize_mapped_route	object	Obj::Ceil	well_definedness	mapped_not_kernel_checked	Codex	required: smallest .lit source whose completed Result contains Obj::Ceil in its well_definedness role	reject a forged Obj::Ceil Result with mismatched target, evidence, order, or effects	attach a positive tracer and real Lean kernel gate for Obj::Ceil
P3_kernelize_mapped_route	object	Obj::ClosedRange	binder	mapped_not_kernel_checked	Codex	required: smallest .lit source whose completed Result contains Obj::ClosedRange in its binder role	reject a forged Obj::ClosedRange Result with mismatched target, evidence, order, or effects	attach a positive tracer and real Lean kernel gate for Obj::ClosedRange
P3_kernelize_mapped_route	object	Obj::ClosedRange	definition_value	mapped_not_kernel_checked	Codex	required: smallest .lit source whose completed Result contains Obj::ClosedRange in its definition_value role	reject a forged Obj::ClosedRange Result with mismatched target, evidence, order, or effects	attach a positive tracer and real Lean kernel gate for Obj::ClosedRange
P3_kernelize_mapped_route	object	Obj::ClosedRange	function_domain_or_codomain	mapped_not_kernel_checked	Codex	required: smallest .lit source whose completed Result contains Obj::ClosedRange in its function_domain_or_codomain role	reject a forged Obj::ClosedRange Result with mismatched target, evidence, order, or effects	attach a positive tracer and real Lean kernel gate for Obj::ClosedRange
P3_kernelize_mapped_route	object	Obj::ClosedRange	target_set	mapped_not_kernel_checked	Codex	required: smallest .lit source whose completed Result contains Obj::ClosedRange in its target_set role	reject a forged Obj::ClosedRange Result with mismatched target, evidence, order, or effects	attach a positive tracer and real Lean kernel gate for Obj::ClosedRange
P3_kernelize_mapped_route	object	Obj::ClosedRange	term	mapped_not_kernel_checked	Codex	required: smallest .lit source whose completed Result contains Obj::ClosedRange in its term role	reject a forged Obj::ClosedRange Result with mismatched target, evidence, order, or effects	attach a positive tracer and real Lean kernel gate for Obj::ClosedRange
P3_kernelize_mapped_route	object	Obj::ClosedRange	well_definedness	mapped_not_kernel_checked	Codex	required: smallest .lit source whose completed Result contains Obj::ClosedRange in its well_definedness role	reject a forged Obj::ClosedRange Result with mismatched target, evidence, order, or effects	attach a positive tracer and real Lean kernel gate for Obj::ClosedRange
P3_kernelize_mapped_route	object	Obj::ComplexAbs	binder	mapped_not_kernel_checked	Codex	required: smallest .lit source whose completed Result contains Obj::ComplexAbs in its binder role	reject a forged Obj::ComplexAbs Result with mismatched target, evidence, order, or effects	attach a positive tracer and real Lean kernel gate for Obj::ComplexAbs
P3_kernelize_mapped_route	object	Obj::ComplexAbs	definition_value	mapped_not_kernel_checked	Codex	required: smallest .lit source whose completed Result contains Obj::ComplexAbs in its definition_value role	reject a forged Obj::ComplexAbs Result with mismatched target, evidence, order, or effects	attach a positive tracer and real Lean kernel gate for Obj::ComplexAbs
P3_kernelize_mapped_route	object	Obj::ComplexAbs	function_domain_or_codomain	mapped_not_kernel_checked	Codex	required: smallest .lit source whose completed Result contains Obj::ComplexAbs in its function_domain_or_codomain role	reject a forged Obj::ComplexAbs Result with mismatched target, evidence, order, or effects	attach a positive tracer and real Lean kernel gate for Obj::ComplexAbs
P3_kernelize_mapped_route	object	Obj::ComplexAbs	target_set	mapped_not_kernel_checked	Codex	required: smallest .lit source whose completed Result contains Obj::ComplexAbs in its target_set role	reject a forged Obj::ComplexAbs Result with mismatched target, evidence, order, or effects	attach a positive tracer and real Lean kernel gate for Obj::ComplexAbs
P3_kernelize_mapped_route	object	Obj::ComplexAbs	term	mapped_not_kernel_checked	Codex	required: smallest .lit source whose completed Result contains Obj::ComplexAbs in its term role	reject a forged Obj::ComplexAbs Result with mismatched target, evidence, order, or effects	attach a positive tracer and real Lean kernel gate for Obj::ComplexAbs
P3_kernelize_mapped_route	object	Obj::ComplexAbs	well_definedness	mapped_not_kernel_checked	Codex	required: smallest .lit source whose completed Result contains Obj::ComplexAbs in its well_definedness role	reject a forged Obj::ComplexAbs Result with mismatched target, evidence, order, or effects	attach a positive tracer and real Lean kernel gate for Obj::ComplexAbs
P3_kernelize_mapped_route	object	Obj::Cos	binder	mapped_not_kernel_checked	Codex	required: smallest .lit source whose completed Result contains Obj::Cos in its binder role	reject a forged Obj::Cos Result with mismatched target, evidence, order, or effects	attach a positive tracer and real Lean kernel gate for Obj::Cos
P3_kernelize_mapped_route	object	Obj::Cos	definition_value	mapped_not_kernel_checked	Codex	required: smallest .lit source whose completed Result contains Obj::Cos in its definition_value role	reject a forged Obj::Cos Result with mismatched target, evidence, order, or effects	attach a positive tracer and real Lean kernel gate for Obj::Cos
P3_kernelize_mapped_route	object	Obj::Cos	function_domain_or_codomain	mapped_not_kernel_checked	Codex	required: smallest .lit source whose completed Result contains Obj::Cos in its function_domain_or_codomain role	reject a forged Obj::Cos Result with mismatched target, evidence, order, or effects	attach a positive tracer and real Lean kernel gate for Obj::Cos
P3_kernelize_mapped_route	object	Obj::Cos	target_set	mapped_not_kernel_checked	Codex	required: smallest .lit source whose completed Result contains Obj::Cos in its target_set role	reject a forged Obj::Cos Result with mismatched target, evidence, order, or effects	attach a positive tracer and real Lean kernel gate for Obj::Cos
P3_kernelize_mapped_route	object	Obj::Cos	term	mapped_not_kernel_checked	Codex	required: smallest .lit source whose completed Result contains Obj::Cos in its term role	reject a forged Obj::Cos Result with mismatched target, evidence, order, or effects	attach a positive tracer and real Lean kernel gate for Obj::Cos
P3_kernelize_mapped_route	object	Obj::Cos	well_definedness	mapped_not_kernel_checked	Codex	required: smallest .lit source whose completed Result contains Obj::Cos in its well_definedness role	reject a forged Obj::Cos Result with mismatched target, evidence, order, or effects	attach a positive tracer and real Lean kernel gate for Obj::Cos
P3_kernelize_mapped_route	object	Obj::Cot	binder	mapped_not_kernel_checked	Codex	required: smallest .lit source whose completed Result contains Obj::Cot in its binder role	reject a forged Obj::Cot Result with mismatched target, evidence, order, or effects	attach a positive tracer and real Lean kernel gate for Obj::Cot
P3_kernelize_mapped_route	object	Obj::Cot	definition_value	mapped_not_kernel_checked	Codex	required: smallest .lit source whose completed Result contains Obj::Cot in its definition_value role	reject a forged Obj::Cot Result with mismatched target, evidence, order, or effects	attach a positive tracer and real Lean kernel gate for Obj::Cot
P3_kernelize_mapped_route	object	Obj::Cot	function_domain_or_codomain	mapped_not_kernel_checked	Codex	required: smallest .lit source whose completed Result contains Obj::Cot in its function_domain_or_codomain role	reject a forged Obj::Cot Result with mismatched target, evidence, order, or effects	attach a positive tracer and real Lean kernel gate for Obj::Cot
P3_kernelize_mapped_route	object	Obj::Cot	target_set	mapped_not_kernel_checked	Codex	required: smallest .lit source whose completed Result contains Obj::Cot in its target_set role	reject a forged Obj::Cot Result with mismatched target, evidence, order, or effects	attach a positive tracer and real Lean kernel gate for Obj::Cot
P3_kernelize_mapped_route	object	Obj::Cot	term	mapped_not_kernel_checked	Codex	required: smallest .lit source whose completed Result contains Obj::Cot in its term role	reject a forged Obj::Cot Result with mismatched target, evidence, order, or effects	attach a positive tracer and real Lean kernel gate for Obj::Cot
P3_kernelize_mapped_route	object	Obj::Cot	well_definedness	mapped_not_kernel_checked	Codex	required: smallest .lit source whose completed Result contains Obj::Cot in its well_definedness role	reject a forged Obj::Cot Result with mismatched target, evidence, order, or effects	attach a positive tracer and real Lean kernel gate for Obj::Cot
P3_kernelize_mapped_route	object	Obj::Div	binder	mapped_not_kernel_checked	Codex	required: smallest .lit source whose completed Result contains Obj::Div in its binder role	reject a forged Obj::Div Result with mismatched target, evidence, order, or effects	attach a positive tracer and real Lean kernel gate for Obj::Div
P3_kernelize_mapped_route	object	Obj::Div	definition_value	mapped_not_kernel_checked	Codex	required: smallest .lit source whose completed Result contains Obj::Div in its definition_value role	reject a forged Obj::Div Result with mismatched target, evidence, order, or effects	attach a positive tracer and real Lean kernel gate for Obj::Div
P3_kernelize_mapped_route	object	Obj::Div	function_domain_or_codomain	mapped_not_kernel_checked	Codex	required: smallest .lit source whose completed Result contains Obj::Div in its function_domain_or_codomain role	reject a forged Obj::Div Result with mismatched target, evidence, order, or effects	attach a positive tracer and real Lean kernel gate for Obj::Div
P3_kernelize_mapped_route	object	Obj::Div	target_set	mapped_not_kernel_checked	Codex	required: smallest .lit source whose completed Result contains Obj::Div in its target_set role	reject a forged Obj::Div Result with mismatched target, evidence, order, or effects	attach a positive tracer and real Lean kernel gate for Obj::Div
P3_kernelize_mapped_route	object	Obj::Div	term	mapped_not_kernel_checked	Codex	required: smallest .lit source whose completed Result contains Obj::Div in its term role	reject a forged Obj::Div Result with mismatched target, evidence, order, or effects	attach a positive tracer and real Lean kernel gate for Obj::Div
P3_kernelize_mapped_route	object	Obj::Div	well_definedness	mapped_not_kernel_checked	Codex	required: smallest .lit source whose completed Result contains Obj::Div in its well_definedness role	reject a forged Obj::Div Result with mismatched target, evidence, order, or effects	attach a positive tracer and real Lean kernel gate for Obj::Div
P3_kernelize_mapped_route	object	Obj::EulerNumber	binder	mapped_not_kernel_checked	Codex	required: smallest .lit source whose completed Result contains Obj::EulerNumber in its binder role	reject a forged Obj::EulerNumber Result with mismatched target, evidence, order, or effects	attach a positive tracer and real Lean kernel gate for Obj::EulerNumber
P3_kernelize_mapped_route	object	Obj::EulerNumber	definition_value	mapped_not_kernel_checked	Codex	required: smallest .lit source whose completed Result contains Obj::EulerNumber in its definition_value role	reject a forged Obj::EulerNumber Result with mismatched target, evidence, order, or effects	attach a positive tracer and real Lean kernel gate for Obj::EulerNumber
P3_kernelize_mapped_route	object	Obj::EulerNumber	function_domain_or_codomain	mapped_not_kernel_checked	Codex	required: smallest .lit source whose completed Result contains Obj::EulerNumber in its function_domain_or_codomain role	reject a forged Obj::EulerNumber Result with mismatched target, evidence, order, or effects	attach a positive tracer and real Lean kernel gate for Obj::EulerNumber
P3_kernelize_mapped_route	object	Obj::EulerNumber	target_set	mapped_not_kernel_checked	Codex	required: smallest .lit source whose completed Result contains Obj::EulerNumber in its target_set role	reject a forged Obj::EulerNumber Result with mismatched target, evidence, order, or effects	attach a positive tracer and real Lean kernel gate for Obj::EulerNumber
P3_kernelize_mapped_route	object	Obj::EulerNumber	term	mapped_not_kernel_checked	Codex	required: smallest .lit source whose completed Result contains Obj::EulerNumber in its term role	reject a forged Obj::EulerNumber Result with mismatched target, evidence, order, or effects	attach a positive tracer and real Lean kernel gate for Obj::EulerNumber
P3_kernelize_mapped_route	object	Obj::EulerNumber	well_definedness	mapped_not_kernel_checked	Codex	required: smallest .lit source whose completed Result contains Obj::EulerNumber in its well_definedness role	reject a forged Obj::EulerNumber Result with mismatched target, evidence, order, or effects	attach a positive tracer and real Lean kernel gate for Obj::EulerNumber
P3_kernelize_mapped_route	object	Obj::Exp	binder	mapped_not_kernel_checked	Codex	required: smallest .lit source whose completed Result contains Obj::Exp in its binder role	reject a forged Obj::Exp Result with mismatched target, evidence, order, or effects	attach a positive tracer and real Lean kernel gate for Obj::Exp
P3_kernelize_mapped_route	object	Obj::Exp	definition_value	mapped_not_kernel_checked	Codex	required: smallest .lit source whose completed Result contains Obj::Exp in its definition_value role	reject a forged Obj::Exp Result with mismatched target, evidence, order, or effects	attach a positive tracer and real Lean kernel gate for Obj::Exp
P3_kernelize_mapped_route	object	Obj::Exp	function_domain_or_codomain	mapped_not_kernel_checked	Codex	required: smallest .lit source whose completed Result contains Obj::Exp in its function_domain_or_codomain role	reject a forged Obj::Exp Result with mismatched target, evidence, order, or effects	attach a positive tracer and real Lean kernel gate for Obj::Exp
P3_kernelize_mapped_route	object	Obj::Exp	target_set	mapped_not_kernel_checked	Codex	required: smallest .lit source whose completed Result contains Obj::Exp in its target_set role	reject a forged Obj::Exp Result with mismatched target, evidence, order, or effects	attach a positive tracer and real Lean kernel gate for Obj::Exp
P3_kernelize_mapped_route	object	Obj::Exp	term	mapped_not_kernel_checked	Codex	required: smallest .lit source whose completed Result contains Obj::Exp in its term role	reject a forged Obj::Exp Result with mismatched target, evidence, order, or effects	attach a positive tracer and real Lean kernel gate for Obj::Exp
P3_kernelize_mapped_route	object	Obj::Exp	well_definedness	mapped_not_kernel_checked	Codex	required: smallest .lit source whose completed Result contains Obj::Exp in its well_definedness role	reject a forged Obj::Exp Result with mismatched target, evidence, order, or effects	attach a positive tracer and real Lean kernel gate for Obj::Exp
P3_kernelize_mapped_route	object	Obj::Factorial	binder	mapped_not_kernel_checked	Codex	required: smallest .lit source whose completed Result contains Obj::Factorial in its binder role	reject a forged Obj::Factorial Result with mismatched target, evidence, order, or effects	attach a positive tracer and real Lean kernel gate for Obj::Factorial
P3_kernelize_mapped_route	object	Obj::Factorial	definition_value	mapped_not_kernel_checked	Codex	required: smallest .lit source whose completed Result contains Obj::Factorial in its definition_value role	reject a forged Obj::Factorial Result with mismatched target, evidence, order, or effects	attach a positive tracer and real Lean kernel gate for Obj::Factorial
P3_kernelize_mapped_route	object	Obj::Factorial	function_domain_or_codomain	mapped_not_kernel_checked	Codex	required: smallest .lit source whose completed Result contains Obj::Factorial in its function_domain_or_codomain role	reject a forged Obj::Factorial Result with mismatched target, evidence, order, or effects	attach a positive tracer and real Lean kernel gate for Obj::Factorial
P3_kernelize_mapped_route	object	Obj::Factorial	target_set	mapped_not_kernel_checked	Codex	required: smallest .lit source whose completed Result contains Obj::Factorial in its target_set role	reject a forged Obj::Factorial Result with mismatched target, evidence, order, or effects	attach a positive tracer and real Lean kernel gate for Obj::Factorial
P3_kernelize_mapped_route	object	Obj::Factorial	term	mapped_not_kernel_checked	Codex	required: smallest .lit source whose completed Result contains Obj::Factorial in its term role	reject a forged Obj::Factorial Result with mismatched target, evidence, order, or effects	attach a positive tracer and real Lean kernel gate for Obj::Factorial
P3_kernelize_mapped_route	object	Obj::Factorial	well_definedness	mapped_not_kernel_checked	Codex	required: smallest .lit source whose completed Result contains Obj::Factorial in its well_definedness role	reject a forged Obj::Factorial Result with mismatched target, evidence, order, or effects	attach a positive tracer and real Lean kernel gate for Obj::Factorial
P3_kernelize_mapped_route	object	Obj::FiniteSeqListObj	binder	mapped_not_kernel_checked	Codex	required: smallest .lit source whose completed Result contains Obj::FiniteSeqListObj in its binder role	reject a forged Obj::FiniteSeqListObj Result with mismatched target, evidence, order, or effects	attach a positive tracer and real Lean kernel gate for Obj::FiniteSeqListObj
P3_kernelize_mapped_route	object	Obj::FiniteSeqListObj	definition_value	mapped_not_kernel_checked	Codex	required: smallest .lit source whose completed Result contains Obj::FiniteSeqListObj in its definition_value role	reject a forged Obj::FiniteSeqListObj Result with mismatched target, evidence, order, or effects	attach a positive tracer and real Lean kernel gate for Obj::FiniteSeqListObj
P3_kernelize_mapped_route	object	Obj::FiniteSeqListObj	function_domain_or_codomain	mapped_not_kernel_checked	Codex	required: smallest .lit source whose completed Result contains Obj::FiniteSeqListObj in its function_domain_or_codomain role	reject a forged Obj::FiniteSeqListObj Result with mismatched target, evidence, order, or effects	attach a positive tracer and real Lean kernel gate for Obj::FiniteSeqListObj
P3_kernelize_mapped_route	object	Obj::FiniteSeqListObj	target_set	mapped_not_kernel_checked	Codex	required: smallest .lit source whose completed Result contains Obj::FiniteSeqListObj in its target_set role	reject a forged Obj::FiniteSeqListObj Result with mismatched target, evidence, order, or effects	attach a positive tracer and real Lean kernel gate for Obj::FiniteSeqListObj
P3_kernelize_mapped_route	object	Obj::FiniteSeqListObj	term	mapped_not_kernel_checked	Codex	required: smallest .lit source whose completed Result contains Obj::FiniteSeqListObj in its term role	reject a forged Obj::FiniteSeqListObj Result with mismatched target, evidence, order, or effects	attach a positive tracer and real Lean kernel gate for Obj::FiniteSeqListObj
P3_kernelize_mapped_route	object	Obj::FiniteSeqListObj	well_definedness	mapped_not_kernel_checked	Codex	required: smallest .lit source whose completed Result contains Obj::FiniteSeqListObj in its well_definedness role	reject a forged Obj::FiniteSeqListObj Result with mismatched target, evidence, order, or effects	attach a positive tracer and real Lean kernel gate for Obj::FiniteSeqListObj
P3_kernelize_mapped_route	object	Obj::FiniteSeqSet	binder	mapped_not_kernel_checked	Codex	required: smallest .lit source whose completed Result contains Obj::FiniteSeqSet in its binder role	reject a forged Obj::FiniteSeqSet Result with mismatched target, evidence, order, or effects	attach a positive tracer and real Lean kernel gate for Obj::FiniteSeqSet
P3_kernelize_mapped_route	object	Obj::FiniteSeqSet	definition_value	mapped_not_kernel_checked	Codex	required: smallest .lit source whose completed Result contains Obj::FiniteSeqSet in its definition_value role	reject a forged Obj::FiniteSeqSet Result with mismatched target, evidence, order, or effects	attach a positive tracer and real Lean kernel gate for Obj::FiniteSeqSet
P3_kernelize_mapped_route	object	Obj::FiniteSeqSet	function_domain_or_codomain	mapped_not_kernel_checked	Codex	required: smallest .lit source whose completed Result contains Obj::FiniteSeqSet in its function_domain_or_codomain role	reject a forged Obj::FiniteSeqSet Result with mismatched target, evidence, order, or effects	attach a positive tracer and real Lean kernel gate for Obj::FiniteSeqSet
P3_kernelize_mapped_route	object	Obj::FiniteSeqSet	target_set	mapped_not_kernel_checked	Codex	required: smallest .lit source whose completed Result contains Obj::FiniteSeqSet in its target_set role	reject a forged Obj::FiniteSeqSet Result with mismatched target, evidence, order, or effects	attach a positive tracer and real Lean kernel gate for Obj::FiniteSeqSet
P3_kernelize_mapped_route	object	Obj::FiniteSeqSet	term	mapped_not_kernel_checked	Codex	required: smallest .lit source whose completed Result contains Obj::FiniteSeqSet in its term role	reject a forged Obj::FiniteSeqSet Result with mismatched target, evidence, order, or effects	attach a positive tracer and real Lean kernel gate for Obj::FiniteSeqSet
P3_kernelize_mapped_route	object	Obj::FiniteSeqSet	well_definedness	mapped_not_kernel_checked	Codex	required: smallest .lit source whose completed Result contains Obj::FiniteSeqSet in its well_definedness role	reject a forged Obj::FiniteSeqSet Result with mismatched target, evidence, order, or effects	attach a positive tracer and real Lean kernel gate for Obj::FiniteSeqSet
P3_kernelize_mapped_route	object	Obj::FiniteSetReduce	binder	mapped_not_kernel_checked	Codex	required: smallest .lit source whose completed Result contains Obj::FiniteSetReduce in its binder role	reject a forged Obj::FiniteSetReduce Result with mismatched target, evidence, order, or effects	attach a positive tracer and real Lean kernel gate for Obj::FiniteSetReduce
P3_kernelize_mapped_route	object	Obj::FiniteSetReduce	definition_value	mapped_not_kernel_checked	Codex	required: smallest .lit source whose completed Result contains Obj::FiniteSetReduce in its definition_value role	reject a forged Obj::FiniteSetReduce Result with mismatched target, evidence, order, or effects	attach a positive tracer and real Lean kernel gate for Obj::FiniteSetReduce
P3_kernelize_mapped_route	object	Obj::FiniteSetReduce	function_domain_or_codomain	mapped_not_kernel_checked	Codex	required: smallest .lit source whose completed Result contains Obj::FiniteSetReduce in its function_domain_or_codomain role	reject a forged Obj::FiniteSetReduce Result with mismatched target, evidence, order, or effects	attach a positive tracer and real Lean kernel gate for Obj::FiniteSetReduce
P3_kernelize_mapped_route	object	Obj::FiniteSetReduce	target_set	mapped_not_kernel_checked	Codex	required: smallest .lit source whose completed Result contains Obj::FiniteSetReduce in its target_set role	reject a forged Obj::FiniteSetReduce Result with mismatched target, evidence, order, or effects	attach a positive tracer and real Lean kernel gate for Obj::FiniteSetReduce
P3_kernelize_mapped_route	object	Obj::FiniteSetReduce	term	mapped_not_kernel_checked	Codex	required: smallest .lit source whose completed Result contains Obj::FiniteSetReduce in its term role	reject a forged Obj::FiniteSetReduce Result with mismatched target, evidence, order, or effects	attach a positive tracer and real Lean kernel gate for Obj::FiniteSetReduce
P3_kernelize_mapped_route	object	Obj::FiniteSetReduce	well_definedness	mapped_not_kernel_checked	Codex	required: smallest .lit source whose completed Result contains Obj::FiniteSetReduce in its well_definedness role	reject a forged Obj::FiniteSetReduce Result with mismatched target, evidence, order, or effects	attach a positive tracer and real Lean kernel gate for Obj::FiniteSetReduce
P3_kernelize_mapped_route	object	Obj::Floor	binder	mapped_not_kernel_checked	Codex	required: smallest .lit source whose completed Result contains Obj::Floor in its binder role	reject a forged Obj::Floor Result with mismatched target, evidence, order, or effects	attach a positive tracer and real Lean kernel gate for Obj::Floor
P3_kernelize_mapped_route	object	Obj::Floor	definition_value	mapped_not_kernel_checked	Codex	required: smallest .lit source whose completed Result contains Obj::Floor in its definition_value role	reject a forged Obj::Floor Result with mismatched target, evidence, order, or effects	attach a positive tracer and real Lean kernel gate for Obj::Floor
P3_kernelize_mapped_route	object	Obj::Floor	function_domain_or_codomain	mapped_not_kernel_checked	Codex	required: smallest .lit source whose completed Result contains Obj::Floor in its function_domain_or_codomain role	reject a forged Obj::Floor Result with mismatched target, evidence, order, or effects	attach a positive tracer and real Lean kernel gate for Obj::Floor
P3_kernelize_mapped_route	object	Obj::Floor	target_set	mapped_not_kernel_checked	Codex	required: smallest .lit source whose completed Result contains Obj::Floor in its target_set role	reject a forged Obj::Floor Result with mismatched target, evidence, order, or effects	attach a positive tracer and real Lean kernel gate for Obj::Floor
P3_kernelize_mapped_route	object	Obj::Floor	term	mapped_not_kernel_checked	Codex	required: smallest .lit source whose completed Result contains Obj::Floor in its term role	reject a forged Obj::Floor Result with mismatched target, evidence, order, or effects	attach a positive tracer and real Lean kernel gate for Obj::Floor
P3_kernelize_mapped_route	object	Obj::Floor	well_definedness	mapped_not_kernel_checked	Codex	required: smallest .lit source whose completed Result contains Obj::Floor in its well_definedness role	reject a forged Obj::Floor Result with mismatched target, evidence, order, or effects	attach a positive tracer and real Lean kernel gate for Obj::Floor
P3_kernelize_mapped_route	object	Obj::FnObj	binder	mapped_not_kernel_checked	Codex	required: smallest .lit source whose completed Result contains Obj::FnObj in its binder role	reject a forged Obj::FnObj Result with mismatched target, evidence, order, or effects	attach a positive tracer and real Lean kernel gate for Obj::FnObj
P3_kernelize_mapped_route	object	Obj::FnObj	definition_value	mapped_not_kernel_checked	Codex	required: smallest .lit source whose completed Result contains Obj::FnObj in its definition_value role	reject a forged Obj::FnObj Result with mismatched target, evidence, order, or effects	attach a positive tracer and real Lean kernel gate for Obj::FnObj
P3_kernelize_mapped_route	object	Obj::FnObj	function_domain_or_codomain	mapped_not_kernel_checked	Codex	required: smallest .lit source whose completed Result contains Obj::FnObj in its function_domain_or_codomain role	reject a forged Obj::FnObj Result with mismatched target, evidence, order, or effects	attach a positive tracer and real Lean kernel gate for Obj::FnObj
P3_kernelize_mapped_route	object	Obj::FnObj	target_set	mapped_not_kernel_checked	Codex	required: smallest .lit source whose completed Result contains Obj::FnObj in its target_set role	reject a forged Obj::FnObj Result with mismatched target, evidence, order, or effects	attach a positive tracer and real Lean kernel gate for Obj::FnObj
P3_kernelize_mapped_route	object	Obj::FnObj	term	mapped_not_kernel_checked	Codex	required: smallest .lit source whose completed Result contains Obj::FnObj in its term role	reject a forged Obj::FnObj Result with mismatched target, evidence, order, or effects	attach a positive tracer and real Lean kernel gate for Obj::FnObj
P3_kernelize_mapped_route	object	Obj::FnObj	well_definedness	mapped_not_kernel_checked	Codex	required: smallest .lit source whose completed Result contains Obj::FnObj in its well_definedness role	reject a forged Obj::FnObj Result with mismatched target, evidence, order, or effects	attach a positive tracer and real Lean kernel gate for Obj::FnObj
P3_kernelize_mapped_route	object	Obj::FnRange	binder	mapped_not_kernel_checked	Codex	required: smallest .lit source whose completed Result contains Obj::FnRange in its binder role	reject a forged Obj::FnRange Result with mismatched target, evidence, order, or effects	attach a positive tracer and real Lean kernel gate for Obj::FnRange
P3_kernelize_mapped_route	object	Obj::FnRange	definition_value	mapped_not_kernel_checked	Codex	required: smallest .lit source whose completed Result contains Obj::FnRange in its definition_value role	reject a forged Obj::FnRange Result with mismatched target, evidence, order, or effects	attach a positive tracer and real Lean kernel gate for Obj::FnRange
P3_kernelize_mapped_route	object	Obj::FnRange	function_domain_or_codomain	mapped_not_kernel_checked	Codex	required: smallest .lit source whose completed Result contains Obj::FnRange in its function_domain_or_codomain role	reject a forged Obj::FnRange Result with mismatched target, evidence, order, or effects	attach a positive tracer and real Lean kernel gate for Obj::FnRange
P3_kernelize_mapped_route	object	Obj::FnRange	target_set	mapped_not_kernel_checked	Codex	required: smallest .lit source whose completed Result contains Obj::FnRange in its target_set role	reject a forged Obj::FnRange Result with mismatched target, evidence, order, or effects	attach a positive tracer and real Lean kernel gate for Obj::FnRange
P3_kernelize_mapped_route	object	Obj::FnRange	term	mapped_not_kernel_checked	Codex	required: smallest .lit source whose completed Result contains Obj::FnRange in its term role	reject a forged Obj::FnRange Result with mismatched target, evidence, order, or effects	attach a positive tracer and real Lean kernel gate for Obj::FnRange
P3_kernelize_mapped_route	object	Obj::FnRange	well_definedness	mapped_not_kernel_checked	Codex	required: smallest .lit source whose completed Result contains Obj::FnRange in its well_definedness role	reject a forged Obj::FnRange Result with mismatched target, evidence, order, or effects	attach a positive tracer and real Lean kernel gate for Obj::FnRange
P3_kernelize_mapped_route	object	Obj::FnSet	binder	mapped_not_kernel_checked	Codex	required: smallest .lit source whose completed Result contains Obj::FnSet in its binder role	reject a forged Obj::FnSet Result with mismatched target, evidence, order, or effects	attach a positive tracer and real Lean kernel gate for Obj::FnSet
P3_kernelize_mapped_route	object	Obj::FnSet	definition_value	mapped_not_kernel_checked	Codex	required: smallest .lit source whose completed Result contains Obj::FnSet in its definition_value role	reject a forged Obj::FnSet Result with mismatched target, evidence, order, or effects	attach a positive tracer and real Lean kernel gate for Obj::FnSet
P3_kernelize_mapped_route	object	Obj::FnSet	function_domain_or_codomain	mapped_not_kernel_checked	Codex	required: smallest .lit source whose completed Result contains Obj::FnSet in its function_domain_or_codomain role	reject a forged Obj::FnSet Result with mismatched target, evidence, order, or effects	attach a positive tracer and real Lean kernel gate for Obj::FnSet
P3_kernelize_mapped_route	object	Obj::FnSet	target_set	mapped_not_kernel_checked	Codex	required: smallest .lit source whose completed Result contains Obj::FnSet in its target_set role	reject a forged Obj::FnSet Result with mismatched target, evidence, order, or effects	attach a positive tracer and real Lean kernel gate for Obj::FnSet
P3_kernelize_mapped_route	object	Obj::FnSet	term	mapped_not_kernel_checked	Codex	required: smallest .lit source whose completed Result contains Obj::FnSet in its term role	reject a forged Obj::FnSet Result with mismatched target, evidence, order, or effects	attach a positive tracer and real Lean kernel gate for Obj::FnSet
P3_kernelize_mapped_route	object	Obj::FnSet	well_definedness	mapped_not_kernel_checked	Codex	required: smallest .lit source whose completed Result contains Obj::FnSet in its well_definedness role	reject a forged Obj::FnSet Result with mismatched target, evidence, order, or effects	attach a positive tracer and real Lean kernel gate for Obj::FnSet
P3_kernelize_mapped_route	object	Obj::Gcd	binder	mapped_not_kernel_checked	Codex	required: smallest .lit source whose completed Result contains Obj::Gcd in its binder role	reject a forged Obj::Gcd Result with mismatched target, evidence, order, or effects	attach a positive tracer and real Lean kernel gate for Obj::Gcd
P3_kernelize_mapped_route	object	Obj::Gcd	definition_value	mapped_not_kernel_checked	Codex	required: smallest .lit source whose completed Result contains Obj::Gcd in its definition_value role	reject a forged Obj::Gcd Result with mismatched target, evidence, order, or effects	attach a positive tracer and real Lean kernel gate for Obj::Gcd
P3_kernelize_mapped_route	object	Obj::Gcd	function_domain_or_codomain	mapped_not_kernel_checked	Codex	required: smallest .lit source whose completed Result contains Obj::Gcd in its function_domain_or_codomain role	reject a forged Obj::Gcd Result with mismatched target, evidence, order, or effects	attach a positive tracer and real Lean kernel gate for Obj::Gcd
P3_kernelize_mapped_route	object	Obj::Gcd	target_set	mapped_not_kernel_checked	Codex	required: smallest .lit source whose completed Result contains Obj::Gcd in its target_set role	reject a forged Obj::Gcd Result with mismatched target, evidence, order, or effects	attach a positive tracer and real Lean kernel gate for Obj::Gcd
P3_kernelize_mapped_route	object	Obj::Gcd	term	mapped_not_kernel_checked	Codex	required: smallest .lit source whose completed Result contains Obj::Gcd in its term role	reject a forged Obj::Gcd Result with mismatched target, evidence, order, or effects	attach a positive tracer and real Lean kernel gate for Obj::Gcd
P3_kernelize_mapped_route	object	Obj::Gcd	well_definedness	mapped_not_kernel_checked	Codex	required: smallest .lit source whose completed Result contains Obj::Gcd in its well_definedness role	reject a forged Obj::Gcd Result with mismatched target, evidence, order, or effects	attach a positive tracer and real Lean kernel gate for Obj::Gcd
P3_kernelize_mapped_route	object	Obj::GeneralCart	binder	mapped_not_kernel_checked	Codex	required: smallest .lit source whose completed Result contains Obj::GeneralCart in its binder role	reject a forged Obj::GeneralCart Result with mismatched target, evidence, order, or effects	attach a positive tracer and real Lean kernel gate for Obj::GeneralCart
P3_kernelize_mapped_route	object	Obj::GeneralCart	definition_value	mapped_not_kernel_checked	Codex	required: smallest .lit source whose completed Result contains Obj::GeneralCart in its definition_value role	reject a forged Obj::GeneralCart Result with mismatched target, evidence, order, or effects	attach a positive tracer and real Lean kernel gate for Obj::GeneralCart
P3_kernelize_mapped_route	object	Obj::GeneralCart	function_domain_or_codomain	mapped_not_kernel_checked	Codex	required: smallest .lit source whose completed Result contains Obj::GeneralCart in its function_domain_or_codomain role	reject a forged Obj::GeneralCart Result with mismatched target, evidence, order, or effects	attach a positive tracer and real Lean kernel gate for Obj::GeneralCart
P3_kernelize_mapped_route	object	Obj::GeneralCart	target_set	mapped_not_kernel_checked	Codex	required: smallest .lit source whose completed Result contains Obj::GeneralCart in its target_set role	reject a forged Obj::GeneralCart Result with mismatched target, evidence, order, or effects	attach a positive tracer and real Lean kernel gate for Obj::GeneralCart
P3_kernelize_mapped_route	object	Obj::GeneralCart	term	mapped_not_kernel_checked	Codex	required: smallest .lit source whose completed Result contains Obj::GeneralCart in its term role	reject a forged Obj::GeneralCart Result with mismatched target, evidence, order, or effects	attach a positive tracer and real Lean kernel gate for Obj::GeneralCart
P3_kernelize_mapped_route	object	Obj::GeneralCart	well_definedness	mapped_not_kernel_checked	Codex	required: smallest .lit source whose completed Result contains Obj::GeneralCart in its well_definedness role	reject a forged Obj::GeneralCart Result with mismatched target, evidence, order, or effects	attach a positive tracer and real Lean kernel gate for Obj::GeneralCart
P3_kernelize_mapped_route	object	Obj::ImaginaryPart	binder	mapped_not_kernel_checked	Codex	required: smallest .lit source whose completed Result contains Obj::ImaginaryPart in its binder role	reject a forged Obj::ImaginaryPart Result with mismatched target, evidence, order, or effects	attach a positive tracer and real Lean kernel gate for Obj::ImaginaryPart
P3_kernelize_mapped_route	object	Obj::ImaginaryPart	definition_value	mapped_not_kernel_checked	Codex	required: smallest .lit source whose completed Result contains Obj::ImaginaryPart in its definition_value role	reject a forged Obj::ImaginaryPart Result with mismatched target, evidence, order, or effects	attach a positive tracer and real Lean kernel gate for Obj::ImaginaryPart
P3_kernelize_mapped_route	object	Obj::ImaginaryPart	function_domain_or_codomain	mapped_not_kernel_checked	Codex	required: smallest .lit source whose completed Result contains Obj::ImaginaryPart in its function_domain_or_codomain role	reject a forged Obj::ImaginaryPart Result with mismatched target, evidence, order, or effects	attach a positive tracer and real Lean kernel gate for Obj::ImaginaryPart
P3_kernelize_mapped_route	object	Obj::ImaginaryPart	target_set	mapped_not_kernel_checked	Codex	required: smallest .lit source whose completed Result contains Obj::ImaginaryPart in its target_set role	reject a forged Obj::ImaginaryPart Result with mismatched target, evidence, order, or effects	attach a positive tracer and real Lean kernel gate for Obj::ImaginaryPart
P3_kernelize_mapped_route	object	Obj::ImaginaryPart	term	mapped_not_kernel_checked	Codex	required: smallest .lit source whose completed Result contains Obj::ImaginaryPart in its term role	reject a forged Obj::ImaginaryPart Result with mismatched target, evidence, order, or effects	attach a positive tracer and real Lean kernel gate for Obj::ImaginaryPart
P3_kernelize_mapped_route	object	Obj::ImaginaryPart	well_definedness	mapped_not_kernel_checked	Codex	required: smallest .lit source whose completed Result contains Obj::ImaginaryPart in its well_definedness role	reject a forged Obj::ImaginaryPart Result with mismatched target, evidence, order, or effects	attach a positive tracer and real Lean kernel gate for Obj::ImaginaryPart
P3_kernelize_mapped_route	object	Obj::ImaginaryUnit	binder	mapped_not_kernel_checked	Codex	required: smallest .lit source whose completed Result contains Obj::ImaginaryUnit in its binder role	reject a forged Obj::ImaginaryUnit Result with mismatched target, evidence, order, or effects	attach a positive tracer and real Lean kernel gate for Obj::ImaginaryUnit
P3_kernelize_mapped_route	object	Obj::ImaginaryUnit	definition_value	mapped_not_kernel_checked	Codex	required: smallest .lit source whose completed Result contains Obj::ImaginaryUnit in its definition_value role	reject a forged Obj::ImaginaryUnit Result with mismatched target, evidence, order, or effects	attach a positive tracer and real Lean kernel gate for Obj::ImaginaryUnit
P3_kernelize_mapped_route	object	Obj::ImaginaryUnit	function_domain_or_codomain	mapped_not_kernel_checked	Codex	required: smallest .lit source whose completed Result contains Obj::ImaginaryUnit in its function_domain_or_codomain role	reject a forged Obj::ImaginaryUnit Result with mismatched target, evidence, order, or effects	attach a positive tracer and real Lean kernel gate for Obj::ImaginaryUnit
P3_kernelize_mapped_route	object	Obj::ImaginaryUnit	target_set	mapped_not_kernel_checked	Codex	required: smallest .lit source whose completed Result contains Obj::ImaginaryUnit in its target_set role	reject a forged Obj::ImaginaryUnit Result with mismatched target, evidence, order, or effects	attach a positive tracer and real Lean kernel gate for Obj::ImaginaryUnit
P3_kernelize_mapped_route	object	Obj::ImaginaryUnit	term	mapped_not_kernel_checked	Codex	required: smallest .lit source whose completed Result contains Obj::ImaginaryUnit in its term role	reject a forged Obj::ImaginaryUnit Result with mismatched target, evidence, order, or effects	attach a positive tracer and real Lean kernel gate for Obj::ImaginaryUnit
P3_kernelize_mapped_route	object	Obj::ImaginaryUnit	well_definedness	mapped_not_kernel_checked	Codex	required: smallest .lit source whose completed Result contains Obj::ImaginaryUnit in its well_definedness role	reject a forged Obj::ImaginaryUnit Result with mismatched target, evidence, order, or effects	attach a positive tracer and real Lean kernel gate for Obj::ImaginaryUnit
P3_kernelize_mapped_route	object	Obj::InstantiatedTemplateObj	binder	mapped_not_kernel_checked	Codex	required: smallest .lit source whose completed Result contains Obj::InstantiatedTemplateObj in its binder role	reject a forged Obj::InstantiatedTemplateObj Result with mismatched target, evidence, order, or effects	attach a positive tracer and real Lean kernel gate for Obj::InstantiatedTemplateObj
P3_kernelize_mapped_route	object	Obj::InstantiatedTemplateObj	definition_value	mapped_not_kernel_checked	Codex	required: smallest .lit source whose completed Result contains Obj::InstantiatedTemplateObj in its definition_value role	reject a forged Obj::InstantiatedTemplateObj Result with mismatched target, evidence, order, or effects	attach a positive tracer and real Lean kernel gate for Obj::InstantiatedTemplateObj
P3_kernelize_mapped_route	object	Obj::InstantiatedTemplateObj	function_domain_or_codomain	mapped_not_kernel_checked	Codex	required: smallest .lit source whose completed Result contains Obj::InstantiatedTemplateObj in its function_domain_or_codomain role	reject a forged Obj::InstantiatedTemplateObj Result with mismatched target, evidence, order, or effects	attach a positive tracer and real Lean kernel gate for Obj::InstantiatedTemplateObj
P3_kernelize_mapped_route	object	Obj::InstantiatedTemplateObj	target_set	mapped_not_kernel_checked	Codex	required: smallest .lit source whose completed Result contains Obj::InstantiatedTemplateObj in its target_set role	reject a forged Obj::InstantiatedTemplateObj Result with mismatched target, evidence, order, or effects	attach a positive tracer and real Lean kernel gate for Obj::InstantiatedTemplateObj
P3_kernelize_mapped_route	object	Obj::InstantiatedTemplateObj	term	mapped_not_kernel_checked	Codex	required: smallest .lit source whose completed Result contains Obj::InstantiatedTemplateObj in its term role	reject a forged Obj::InstantiatedTemplateObj Result with mismatched target, evidence, order, or effects	attach a positive tracer and real Lean kernel gate for Obj::InstantiatedTemplateObj
P3_kernelize_mapped_route	object	Obj::InstantiatedTemplateObj	well_definedness	mapped_not_kernel_checked	Codex	required: smallest .lit source whose completed Result contains Obj::InstantiatedTemplateObj in its well_definedness role	reject a forged Obj::InstantiatedTemplateObj Result with mismatched target, evidence, order, or effects	attach a positive tracer and real Lean kernel gate for Obj::InstantiatedTemplateObj
P3_kernelize_mapped_route	object	Obj::Intersect	binder	mapped_not_kernel_checked	Codex	required: smallest .lit source whose completed Result contains Obj::Intersect in its binder role	reject a forged Obj::Intersect Result with mismatched target, evidence, order, or effects	attach a positive tracer and real Lean kernel gate for Obj::Intersect
P3_kernelize_mapped_route	object	Obj::Intersect	definition_value	mapped_not_kernel_checked	Codex	required: smallest .lit source whose completed Result contains Obj::Intersect in its definition_value role	reject a forged Obj::Intersect Result with mismatched target, evidence, order, or effects	attach a positive tracer and real Lean kernel gate for Obj::Intersect
P3_kernelize_mapped_route	object	Obj::Intersect	function_domain_or_codomain	mapped_not_kernel_checked	Codex	required: smallest .lit source whose completed Result contains Obj::Intersect in its function_domain_or_codomain role	reject a forged Obj::Intersect Result with mismatched target, evidence, order, or effects	attach a positive tracer and real Lean kernel gate for Obj::Intersect
P3_kernelize_mapped_route	object	Obj::Intersect	target_set	mapped_not_kernel_checked	Codex	required: smallest .lit source whose completed Result contains Obj::Intersect in its target_set role	reject a forged Obj::Intersect Result with mismatched target, evidence, order, or effects	attach a positive tracer and real Lean kernel gate for Obj::Intersect
P3_kernelize_mapped_route	object	Obj::Intersect	term	mapped_not_kernel_checked	Codex	required: smallest .lit source whose completed Result contains Obj::Intersect in its term role	reject a forged Obj::Intersect Result with mismatched target, evidence, order, or effects	attach a positive tracer and real Lean kernel gate for Obj::Intersect
P3_kernelize_mapped_route	object	Obj::Intersect	well_definedness	mapped_not_kernel_checked	Codex	required: smallest .lit source whose completed Result contains Obj::Intersect in its well_definedness role	reject a forged Obj::Intersect Result with mismatched target, evidence, order, or effects	attach a positive tracer and real Lean kernel gate for Obj::Intersect
P3_kernelize_mapped_route	object	Obj::IntervalObj	binder	mapped_not_kernel_checked	Codex	required: smallest .lit source whose completed Result contains Obj::IntervalObj in its binder role	reject a forged Obj::IntervalObj Result with mismatched target, evidence, order, or effects	attach a positive tracer and real Lean kernel gate for Obj::IntervalObj
P3_kernelize_mapped_route	object	Obj::IntervalObj	definition_value	mapped_not_kernel_checked	Codex	required: smallest .lit source whose completed Result contains Obj::IntervalObj in its definition_value role	reject a forged Obj::IntervalObj Result with mismatched target, evidence, order, or effects	attach a positive tracer and real Lean kernel gate for Obj::IntervalObj
P3_kernelize_mapped_route	object	Obj::IntervalObj	function_domain_or_codomain	mapped_not_kernel_checked	Codex	required: smallest .lit source whose completed Result contains Obj::IntervalObj in its function_domain_or_codomain role	reject a forged Obj::IntervalObj Result with mismatched target, evidence, order, or effects	attach a positive tracer and real Lean kernel gate for Obj::IntervalObj
P3_kernelize_mapped_route	object	Obj::IntervalObj	target_set	mapped_not_kernel_checked	Codex	required: smallest .lit source whose completed Result contains Obj::IntervalObj in its target_set role	reject a forged Obj::IntervalObj Result with mismatched target, evidence, order, or effects	attach a positive tracer and real Lean kernel gate for Obj::IntervalObj
P3_kernelize_mapped_route	object	Obj::IntervalObj	term	mapped_not_kernel_checked	Codex	required: smallest .lit source whose completed Result contains Obj::IntervalObj in its term role	reject a forged Obj::IntervalObj Result with mismatched target, evidence, order, or effects	attach a positive tracer and real Lean kernel gate for Obj::IntervalObj
P3_kernelize_mapped_route	object	Obj::IntervalObj	well_definedness	mapped_not_kernel_checked	Codex	required: smallest .lit source whose completed Result contains Obj::IntervalObj in its well_definedness role	reject a forged Obj::IntervalObj Result with mismatched target, evidence, order, or effects	attach a positive tracer and real Lean kernel gate for Obj::IntervalObj
P3_kernelize_mapped_route	object	Obj::Lcm	binder	mapped_not_kernel_checked	Codex	required: smallest .lit source whose completed Result contains Obj::Lcm in its binder role	reject a forged Obj::Lcm Result with mismatched target, evidence, order, or effects	attach a positive tracer and real Lean kernel gate for Obj::Lcm
P3_kernelize_mapped_route	object	Obj::Lcm	definition_value	mapped_not_kernel_checked	Codex	required: smallest .lit source whose completed Result contains Obj::Lcm in its definition_value role	reject a forged Obj::Lcm Result with mismatched target, evidence, order, or effects	attach a positive tracer and real Lean kernel gate for Obj::Lcm
P3_kernelize_mapped_route	object	Obj::Lcm	function_domain_or_codomain	mapped_not_kernel_checked	Codex	required: smallest .lit source whose completed Result contains Obj::Lcm in its function_domain_or_codomain role	reject a forged Obj::Lcm Result with mismatched target, evidence, order, or effects	attach a positive tracer and real Lean kernel gate for Obj::Lcm
P3_kernelize_mapped_route	object	Obj::Lcm	target_set	mapped_not_kernel_checked	Codex	required: smallest .lit source whose completed Result contains Obj::Lcm in its target_set role	reject a forged Obj::Lcm Result with mismatched target, evidence, order, or effects	attach a positive tracer and real Lean kernel gate for Obj::Lcm
P3_kernelize_mapped_route	object	Obj::Lcm	term	mapped_not_kernel_checked	Codex	required: smallest .lit source whose completed Result contains Obj::Lcm in its term role	reject a forged Obj::Lcm Result with mismatched target, evidence, order, or effects	attach a positive tracer and real Lean kernel gate for Obj::Lcm
P3_kernelize_mapped_route	object	Obj::Lcm	well_definedness	mapped_not_kernel_checked	Codex	required: smallest .lit source whose completed Result contains Obj::Lcm in its well_definedness role	reject a forged Obj::Lcm Result with mismatched target, evidence, order, or effects	attach a positive tracer and real Lean kernel gate for Obj::Lcm
P3_kernelize_mapped_route	object	Obj::ListSet	binder	mapped_not_kernel_checked	Codex	required: smallest .lit source whose completed Result contains Obj::ListSet in its binder role	reject a forged Obj::ListSet Result with mismatched target, evidence, order, or effects	attach a positive tracer and real Lean kernel gate for Obj::ListSet
P3_kernelize_mapped_route	object	Obj::ListSet	definition_value	mapped_not_kernel_checked	Codex	required: smallest .lit source whose completed Result contains Obj::ListSet in its definition_value role	reject a forged Obj::ListSet Result with mismatched target, evidence, order, or effects	attach a positive tracer and real Lean kernel gate for Obj::ListSet
P3_kernelize_mapped_route	object	Obj::ListSet	function_domain_or_codomain	mapped_not_kernel_checked	Codex	required: smallest .lit source whose completed Result contains Obj::ListSet in its function_domain_or_codomain role	reject a forged Obj::ListSet Result with mismatched target, evidence, order, or effects	attach a positive tracer and real Lean kernel gate for Obj::ListSet
P3_kernelize_mapped_route	object	Obj::ListSet	target_set	mapped_not_kernel_checked	Codex	required: smallest .lit source whose completed Result contains Obj::ListSet in its target_set role	reject a forged Obj::ListSet Result with mismatched target, evidence, order, or effects	attach a positive tracer and real Lean kernel gate for Obj::ListSet
P3_kernelize_mapped_route	object	Obj::ListSet	term	mapped_not_kernel_checked	Codex	required: smallest .lit source whose completed Result contains Obj::ListSet in its term role	reject a forged Obj::ListSet Result with mismatched target, evidence, order, or effects	attach a positive tracer and real Lean kernel gate for Obj::ListSet
P3_kernelize_mapped_route	object	Obj::ListSet	well_definedness	mapped_not_kernel_checked	Codex	required: smallest .lit source whose completed Result contains Obj::ListSet in its well_definedness role	reject a forged Obj::ListSet Result with mismatched target, evidence, order, or effects	attach a positive tracer and real Lean kernel gate for Obj::ListSet
P3_kernelize_mapped_route	object	Obj::Ln	binder	mapped_not_kernel_checked	Codex	required: smallest .lit source whose completed Result contains Obj::Ln in its binder role	reject a forged Obj::Ln Result with mismatched target, evidence, order, or effects	attach a positive tracer and real Lean kernel gate for Obj::Ln
P3_kernelize_mapped_route	object	Obj::Ln	definition_value	mapped_not_kernel_checked	Codex	required: smallest .lit source whose completed Result contains Obj::Ln in its definition_value role	reject a forged Obj::Ln Result with mismatched target, evidence, order, or effects	attach a positive tracer and real Lean kernel gate for Obj::Ln
P3_kernelize_mapped_route	object	Obj::Ln	function_domain_or_codomain	mapped_not_kernel_checked	Codex	required: smallest .lit source whose completed Result contains Obj::Ln in its function_domain_or_codomain role	reject a forged Obj::Ln Result with mismatched target, evidence, order, or effects	attach a positive tracer and real Lean kernel gate for Obj::Ln
P3_kernelize_mapped_route	object	Obj::Ln	target_set	mapped_not_kernel_checked	Codex	required: smallest .lit source whose completed Result contains Obj::Ln in its target_set role	reject a forged Obj::Ln Result with mismatched target, evidence, order, or effects	attach a positive tracer and real Lean kernel gate for Obj::Ln
P3_kernelize_mapped_route	object	Obj::Ln	term	mapped_not_kernel_checked	Codex	required: smallest .lit source whose completed Result contains Obj::Ln in its term role	reject a forged Obj::Ln Result with mismatched target, evidence, order, or effects	attach a positive tracer and real Lean kernel gate for Obj::Ln
P3_kernelize_mapped_route	object	Obj::Ln	well_definedness	mapped_not_kernel_checked	Codex	required: smallest .lit source whose completed Result contains Obj::Ln in its well_definedness role	reject a forged Obj::Ln Result with mismatched target, evidence, order, or effects	attach a positive tracer and real Lean kernel gate for Obj::Ln
P3_kernelize_mapped_route	object	Obj::Log	binder	mapped_not_kernel_checked	Codex	required: smallest .lit source whose completed Result contains Obj::Log in its binder role	reject a forged Obj::Log Result with mismatched target, evidence, order, or effects	attach a positive tracer and real Lean kernel gate for Obj::Log
P3_kernelize_mapped_route	object	Obj::Log	definition_value	mapped_not_kernel_checked	Codex	required: smallest .lit source whose completed Result contains Obj::Log in its definition_value role	reject a forged Obj::Log Result with mismatched target, evidence, order, or effects	attach a positive tracer and real Lean kernel gate for Obj::Log
P3_kernelize_mapped_route	object	Obj::Log	function_domain_or_codomain	mapped_not_kernel_checked	Codex	required: smallest .lit source whose completed Result contains Obj::Log in its function_domain_or_codomain role	reject a forged Obj::Log Result with mismatched target, evidence, order, or effects	attach a positive tracer and real Lean kernel gate for Obj::Log
P3_kernelize_mapped_route	object	Obj::Log	target_set	mapped_not_kernel_checked	Codex	required: smallest .lit source whose completed Result contains Obj::Log in its target_set role	reject a forged Obj::Log Result with mismatched target, evidence, order, or effects	attach a positive tracer and real Lean kernel gate for Obj::Log
P3_kernelize_mapped_route	object	Obj::Log	term	mapped_not_kernel_checked	Codex	required: smallest .lit source whose completed Result contains Obj::Log in its term role	reject a forged Obj::Log Result with mismatched target, evidence, order, or effects	attach a positive tracer and real Lean kernel gate for Obj::Log
P3_kernelize_mapped_route	object	Obj::Log	well_definedness	mapped_not_kernel_checked	Codex	required: smallest .lit source whose completed Result contains Obj::Log in its well_definedness role	reject a forged Obj::Log Result with mismatched target, evidence, order, or effects	attach a positive tracer and real Lean kernel gate for Obj::Log
P3_kernelize_mapped_route	object	Obj::MatrixSet	binder	mapped_not_kernel_checked	Codex	required: smallest .lit source whose completed Result contains Obj::MatrixSet in its binder role	reject a forged Obj::MatrixSet Result with mismatched target, evidence, order, or effects	attach a positive tracer and real Lean kernel gate for Obj::MatrixSet
P3_kernelize_mapped_route	object	Obj::MatrixSet	definition_value	mapped_not_kernel_checked	Codex	required: smallest .lit source whose completed Result contains Obj::MatrixSet in its definition_value role	reject a forged Obj::MatrixSet Result with mismatched target, evidence, order, or effects	attach a positive tracer and real Lean kernel gate for Obj::MatrixSet
P3_kernelize_mapped_route	object	Obj::MatrixSet	function_domain_or_codomain	mapped_not_kernel_checked	Codex	required: smallest .lit source whose completed Result contains Obj::MatrixSet in its function_domain_or_codomain role	reject a forged Obj::MatrixSet Result with mismatched target, evidence, order, or effects	attach a positive tracer and real Lean kernel gate for Obj::MatrixSet
P3_kernelize_mapped_route	object	Obj::MatrixSet	target_set	mapped_not_kernel_checked	Codex	required: smallest .lit source whose completed Result contains Obj::MatrixSet in its target_set role	reject a forged Obj::MatrixSet Result with mismatched target, evidence, order, or effects	attach a positive tracer and real Lean kernel gate for Obj::MatrixSet
P3_kernelize_mapped_route	object	Obj::MatrixSet	term	mapped_not_kernel_checked	Codex	required: smallest .lit source whose completed Result contains Obj::MatrixSet in its term role	reject a forged Obj::MatrixSet Result with mismatched target, evidence, order, or effects	attach a positive tracer and real Lean kernel gate for Obj::MatrixSet
P3_kernelize_mapped_route	object	Obj::MatrixSet	well_definedness	mapped_not_kernel_checked	Codex	required: smallest .lit source whose completed Result contains Obj::MatrixSet in its well_definedness role	reject a forged Obj::MatrixSet Result with mismatched target, evidence, order, or effects	attach a positive tracer and real Lean kernel gate for Obj::MatrixSet
P3_kernelize_mapped_route	object	Obj::Max	binder	mapped_not_kernel_checked	Codex	required: smallest .lit source whose completed Result contains Obj::Max in its binder role	reject a forged Obj::Max Result with mismatched target, evidence, order, or effects	attach a positive tracer and real Lean kernel gate for Obj::Max
P3_kernelize_mapped_route	object	Obj::Max	definition_value	mapped_not_kernel_checked	Codex	required: smallest .lit source whose completed Result contains Obj::Max in its definition_value role	reject a forged Obj::Max Result with mismatched target, evidence, order, or effects	attach a positive tracer and real Lean kernel gate for Obj::Max
P3_kernelize_mapped_route	object	Obj::Max	function_domain_or_codomain	mapped_not_kernel_checked	Codex	required: smallest .lit source whose completed Result contains Obj::Max in its function_domain_or_codomain role	reject a forged Obj::Max Result with mismatched target, evidence, order, or effects	attach a positive tracer and real Lean kernel gate for Obj::Max
P3_kernelize_mapped_route	object	Obj::Max	target_set	mapped_not_kernel_checked	Codex	required: smallest .lit source whose completed Result contains Obj::Max in its target_set role	reject a forged Obj::Max Result with mismatched target, evidence, order, or effects	attach a positive tracer and real Lean kernel gate for Obj::Max
P3_kernelize_mapped_route	object	Obj::Max	term	mapped_not_kernel_checked	Codex	required: smallest .lit source whose completed Result contains Obj::Max in its term role	reject a forged Obj::Max Result with mismatched target, evidence, order, or effects	attach a positive tracer and real Lean kernel gate for Obj::Max
P3_kernelize_mapped_route	object	Obj::Max	well_definedness	mapped_not_kernel_checked	Codex	required: smallest .lit source whose completed Result contains Obj::Max in its well_definedness role	reject a forged Obj::Max Result with mismatched target, evidence, order, or effects	attach a positive tracer and real Lean kernel gate for Obj::Max
P3_kernelize_mapped_route	object	Obj::Min	binder	mapped_not_kernel_checked	Codex	required: smallest .lit source whose completed Result contains Obj::Min in its binder role	reject a forged Obj::Min Result with mismatched target, evidence, order, or effects	attach a positive tracer and real Lean kernel gate for Obj::Min
P3_kernelize_mapped_route	object	Obj::Min	definition_value	mapped_not_kernel_checked	Codex	required: smallest .lit source whose completed Result contains Obj::Min in its definition_value role	reject a forged Obj::Min Result with mismatched target, evidence, order, or effects	attach a positive tracer and real Lean kernel gate for Obj::Min
P3_kernelize_mapped_route	object	Obj::Min	function_domain_or_codomain	mapped_not_kernel_checked	Codex	required: smallest .lit source whose completed Result contains Obj::Min in its function_domain_or_codomain role	reject a forged Obj::Min Result with mismatched target, evidence, order, or effects	attach a positive tracer and real Lean kernel gate for Obj::Min
P3_kernelize_mapped_route	object	Obj::Min	target_set	mapped_not_kernel_checked	Codex	required: smallest .lit source whose completed Result contains Obj::Min in its target_set role	reject a forged Obj::Min Result with mismatched target, evidence, order, or effects	attach a positive tracer and real Lean kernel gate for Obj::Min
P3_kernelize_mapped_route	object	Obj::Min	term	mapped_not_kernel_checked	Codex	required: smallest .lit source whose completed Result contains Obj::Min in its term role	reject a forged Obj::Min Result with mismatched target, evidence, order, or effects	attach a positive tracer and real Lean kernel gate for Obj::Min
P3_kernelize_mapped_route	object	Obj::Min	well_definedness	mapped_not_kernel_checked	Codex	required: smallest .lit source whose completed Result contains Obj::Min in its well_definedness role	reject a forged Obj::Min Result with mismatched target, evidence, order, or effects	attach a positive tracer and real Lean kernel gate for Obj::Min
P3_kernelize_mapped_route	object	Obj::Mod	binder	mapped_not_kernel_checked	Codex	required: smallest .lit source whose completed Result contains Obj::Mod in its binder role	reject a forged Obj::Mod Result with mismatched target, evidence, order, or effects	attach a positive tracer and real Lean kernel gate for Obj::Mod
P3_kernelize_mapped_route	object	Obj::Mod	definition_value	mapped_not_kernel_checked	Codex	required: smallest .lit source whose completed Result contains Obj::Mod in its definition_value role	reject a forged Obj::Mod Result with mismatched target, evidence, order, or effects	attach a positive tracer and real Lean kernel gate for Obj::Mod
P3_kernelize_mapped_route	object	Obj::Mod	function_domain_or_codomain	mapped_not_kernel_checked	Codex	required: smallest .lit source whose completed Result contains Obj::Mod in its function_domain_or_codomain role	reject a forged Obj::Mod Result with mismatched target, evidence, order, or effects	attach a positive tracer and real Lean kernel gate for Obj::Mod
P3_kernelize_mapped_route	object	Obj::Mod	target_set	mapped_not_kernel_checked	Codex	required: smallest .lit source whose completed Result contains Obj::Mod in its target_set role	reject a forged Obj::Mod Result with mismatched target, evidence, order, or effects	attach a positive tracer and real Lean kernel gate for Obj::Mod
P3_kernelize_mapped_route	object	Obj::Mod	term	mapped_not_kernel_checked	Codex	required: smallest .lit source whose completed Result contains Obj::Mod in its term role	reject a forged Obj::Mod Result with mismatched target, evidence, order, or effects	attach a positive tracer and real Lean kernel gate for Obj::Mod
P3_kernelize_mapped_route	object	Obj::Mod	well_definedness	mapped_not_kernel_checked	Codex	required: smallest .lit source whose completed Result contains Obj::Mod in its well_definedness role	reject a forged Obj::Mod Result with mismatched target, evidence, order, or effects	attach a positive tracer and real Lean kernel gate for Obj::Mod
P3_kernelize_mapped_route	object	Obj::Mul	binder	mapped_not_kernel_checked	Codex	required: smallest .lit source whose completed Result contains Obj::Mul in its binder role	reject a forged Obj::Mul Result with mismatched target, evidence, order, or effects	attach a positive tracer and real Lean kernel gate for Obj::Mul
P3_kernelize_mapped_route	object	Obj::Mul	definition_value	mapped_not_kernel_checked	Codex	required: smallest .lit source whose completed Result contains Obj::Mul in its definition_value role	reject a forged Obj::Mul Result with mismatched target, evidence, order, or effects	attach a positive tracer and real Lean kernel gate for Obj::Mul
P3_kernelize_mapped_route	object	Obj::Mul	function_domain_or_codomain	mapped_not_kernel_checked	Codex	required: smallest .lit source whose completed Result contains Obj::Mul in its function_domain_or_codomain role	reject a forged Obj::Mul Result with mismatched target, evidence, order, or effects	attach a positive tracer and real Lean kernel gate for Obj::Mul
P3_kernelize_mapped_route	object	Obj::Mul	target_set	mapped_not_kernel_checked	Codex	required: smallest .lit source whose completed Result contains Obj::Mul in its target_set role	reject a forged Obj::Mul Result with mismatched target, evidence, order, or effects	attach a positive tracer and real Lean kernel gate for Obj::Mul
P3_kernelize_mapped_route	object	Obj::Mul	term	mapped_not_kernel_checked	Codex	required: smallest .lit source whose completed Result contains Obj::Mul in its term role	reject a forged Obj::Mul Result with mismatched target, evidence, order, or effects	attach a positive tracer and real Lean kernel gate for Obj::Mul
P3_kernelize_mapped_route	object	Obj::Mul	well_definedness	mapped_not_kernel_checked	Codex	required: smallest .lit source whose completed Result contains Obj::Mul in its well_definedness role	reject a forged Obj::Mul Result with mismatched target, evidence, order, or effects	attach a positive tracer and real Lean kernel gate for Obj::Mul
P3_kernelize_mapped_route	object	Obj::Number	binder	mapped_not_kernel_checked	Codex	required: smallest .lit source whose completed Result contains Obj::Number in its binder role	reject a forged Obj::Number Result with mismatched target, evidence, order, or effects	attach a positive tracer and real Lean kernel gate for Obj::Number
P3_kernelize_mapped_route	object	Obj::Number	definition_value	mapped_not_kernel_checked	Codex	required: smallest .lit source whose completed Result contains Obj::Number in its definition_value role	reject a forged Obj::Number Result with mismatched target, evidence, order, or effects	attach a positive tracer and real Lean kernel gate for Obj::Number
P3_kernelize_mapped_route	object	Obj::Number	function_domain_or_codomain	mapped_not_kernel_checked	Codex	required: smallest .lit source whose completed Result contains Obj::Number in its function_domain_or_codomain role	reject a forged Obj::Number Result with mismatched target, evidence, order, or effects	attach a positive tracer and real Lean kernel gate for Obj::Number
P3_kernelize_mapped_route	object	Obj::Number	target_set	mapped_not_kernel_checked	Codex	required: smallest .lit source whose completed Result contains Obj::Number in its target_set role	reject a forged Obj::Number Result with mismatched target, evidence, order, or effects	attach a positive tracer and real Lean kernel gate for Obj::Number
P3_kernelize_mapped_route	object	Obj::Number	term	mapped_not_kernel_checked	Codex	required: smallest .lit source whose completed Result contains Obj::Number in its term role	reject a forged Obj::Number Result with mismatched target, evidence, order, or effects	attach a positive tracer and real Lean kernel gate for Obj::Number
P3_kernelize_mapped_route	object	Obj::Number	well_definedness	mapped_not_kernel_checked	Codex	required: smallest .lit source whose completed Result contains Obj::Number in its well_definedness role	reject a forged Obj::Number Result with mismatched target, evidence, order, or effects	attach a positive tracer and real Lean kernel gate for Obj::Number
P3_kernelize_mapped_route	object	Obj::ObjAtIndex	binder	mapped_not_kernel_checked	Codex	required: smallest .lit source whose completed Result contains Obj::ObjAtIndex in its binder role	reject a forged Obj::ObjAtIndex Result with mismatched target, evidence, order, or effects	attach a positive tracer and real Lean kernel gate for Obj::ObjAtIndex
P3_kernelize_mapped_route	object	Obj::ObjAtIndex	definition_value	mapped_not_kernel_checked	Codex	required: smallest .lit source whose completed Result contains Obj::ObjAtIndex in its definition_value role	reject a forged Obj::ObjAtIndex Result with mismatched target, evidence, order, or effects	attach a positive tracer and real Lean kernel gate for Obj::ObjAtIndex
P3_kernelize_mapped_route	object	Obj::ObjAtIndex	function_domain_or_codomain	mapped_not_kernel_checked	Codex	required: smallest .lit source whose completed Result contains Obj::ObjAtIndex in its function_domain_or_codomain role	reject a forged Obj::ObjAtIndex Result with mismatched target, evidence, order, or effects	attach a positive tracer and real Lean kernel gate for Obj::ObjAtIndex
P3_kernelize_mapped_route	object	Obj::ObjAtIndex	target_set	mapped_not_kernel_checked	Codex	required: smallest .lit source whose completed Result contains Obj::ObjAtIndex in its target_set role	reject a forged Obj::ObjAtIndex Result with mismatched target, evidence, order, or effects	attach a positive tracer and real Lean kernel gate for Obj::ObjAtIndex
P3_kernelize_mapped_route	object	Obj::ObjAtIndex	term	mapped_not_kernel_checked	Codex	required: smallest .lit source whose completed Result contains Obj::ObjAtIndex in its term role	reject a forged Obj::ObjAtIndex Result with mismatched target, evidence, order, or effects	attach a positive tracer and real Lean kernel gate for Obj::ObjAtIndex
P3_kernelize_mapped_route	object	Obj::ObjAtIndex	well_definedness	mapped_not_kernel_checked	Codex	required: smallest .lit source whose completed Result contains Obj::ObjAtIndex in its well_definedness role	reject a forged Obj::ObjAtIndex Result with mismatched target, evidence, order, or effects	attach a positive tracer and real Lean kernel gate for Obj::ObjAtIndex
P3_kernelize_mapped_route	object	Obj::OneSideInfinityIntervalObj	binder	mapped_not_kernel_checked	Codex	required: smallest .lit source whose completed Result contains Obj::OneSideInfinityIntervalObj in its binder role	reject a forged Obj::OneSideInfinityIntervalObj Result with mismatched target, evidence, order, or effects	attach a positive tracer and real Lean kernel gate for Obj::OneSideInfinityIntervalObj
P3_kernelize_mapped_route	object	Obj::OneSideInfinityIntervalObj	definition_value	mapped_not_kernel_checked	Codex	required: smallest .lit source whose completed Result contains Obj::OneSideInfinityIntervalObj in its definition_value role	reject a forged Obj::OneSideInfinityIntervalObj Result with mismatched target, evidence, order, or effects	attach a positive tracer and real Lean kernel gate for Obj::OneSideInfinityIntervalObj
P3_kernelize_mapped_route	object	Obj::OneSideInfinityIntervalObj	function_domain_or_codomain	mapped_not_kernel_checked	Codex	required: smallest .lit source whose completed Result contains Obj::OneSideInfinityIntervalObj in its function_domain_or_codomain role	reject a forged Obj::OneSideInfinityIntervalObj Result with mismatched target, evidence, order, or effects	attach a positive tracer and real Lean kernel gate for Obj::OneSideInfinityIntervalObj
P3_kernelize_mapped_route	object	Obj::OneSideInfinityIntervalObj	target_set	mapped_not_kernel_checked	Codex	required: smallest .lit source whose completed Result contains Obj::OneSideInfinityIntervalObj in its target_set role	reject a forged Obj::OneSideInfinityIntervalObj Result with mismatched target, evidence, order, or effects	attach a positive tracer and real Lean kernel gate for Obj::OneSideInfinityIntervalObj
P3_kernelize_mapped_route	object	Obj::OneSideInfinityIntervalObj	term	mapped_not_kernel_checked	Codex	required: smallest .lit source whose completed Result contains Obj::OneSideInfinityIntervalObj in its term role	reject a forged Obj::OneSideInfinityIntervalObj Result with mismatched target, evidence, order, or effects	attach a positive tracer and real Lean kernel gate for Obj::OneSideInfinityIntervalObj
P3_kernelize_mapped_route	object	Obj::OneSideInfinityIntervalObj	well_definedness	mapped_not_kernel_checked	Codex	required: smallest .lit source whose completed Result contains Obj::OneSideInfinityIntervalObj in its well_definedness role	reject a forged Obj::OneSideInfinityIntervalObj Result with mismatched target, evidence, order, or effects	attach a positive tracer and real Lean kernel gate for Obj::OneSideInfinityIntervalObj
P3_kernelize_mapped_route	object	Obj::Pi	binder	mapped_not_kernel_checked	Codex	required: smallest .lit source whose completed Result contains Obj::Pi in its binder role	reject a forged Obj::Pi Result with mismatched target, evidence, order, or effects	attach a positive tracer and real Lean kernel gate for Obj::Pi
P3_kernelize_mapped_route	object	Obj::Pi	definition_value	mapped_not_kernel_checked	Codex	required: smallest .lit source whose completed Result contains Obj::Pi in its definition_value role	reject a forged Obj::Pi Result with mismatched target, evidence, order, or effects	attach a positive tracer and real Lean kernel gate for Obj::Pi
P3_kernelize_mapped_route	object	Obj::Pi	function_domain_or_codomain	mapped_not_kernel_checked	Codex	required: smallest .lit source whose completed Result contains Obj::Pi in its function_domain_or_codomain role	reject a forged Obj::Pi Result with mismatched target, evidence, order, or effects	attach a positive tracer and real Lean kernel gate for Obj::Pi
P3_kernelize_mapped_route	object	Obj::Pi	target_set	mapped_not_kernel_checked	Codex	required: smallest .lit source whose completed Result contains Obj::Pi in its target_set role	reject a forged Obj::Pi Result with mismatched target, evidence, order, or effects	attach a positive tracer and real Lean kernel gate for Obj::Pi
P3_kernelize_mapped_route	object	Obj::Pi	term	mapped_not_kernel_checked	Codex	required: smallest .lit source whose completed Result contains Obj::Pi in its term role	reject a forged Obj::Pi Result with mismatched target, evidence, order, or effects	attach a positive tracer and real Lean kernel gate for Obj::Pi
P3_kernelize_mapped_route	object	Obj::Pi	well_definedness	mapped_not_kernel_checked	Codex	required: smallest .lit source whose completed Result contains Obj::Pi in its well_definedness role	reject a forged Obj::Pi Result with mismatched target, evidence, order, or effects	attach a positive tracer and real Lean kernel gate for Obj::Pi
P3_kernelize_mapped_route	object	Obj::Pow	binder	mapped_not_kernel_checked	Codex	required: smallest .lit source whose completed Result contains Obj::Pow in its binder role	reject a forged Obj::Pow Result with mismatched target, evidence, order, or effects	attach a positive tracer and real Lean kernel gate for Obj::Pow
P3_kernelize_mapped_route	object	Obj::Pow	definition_value	mapped_not_kernel_checked	Codex	required: smallest .lit source whose completed Result contains Obj::Pow in its definition_value role	reject a forged Obj::Pow Result with mismatched target, evidence, order, or effects	attach a positive tracer and real Lean kernel gate for Obj::Pow
P3_kernelize_mapped_route	object	Obj::Pow	function_domain_or_codomain	mapped_not_kernel_checked	Codex	required: smallest .lit source whose completed Result contains Obj::Pow in its function_domain_or_codomain role	reject a forged Obj::Pow Result with mismatched target, evidence, order, or effects	attach a positive tracer and real Lean kernel gate for Obj::Pow
P3_kernelize_mapped_route	object	Obj::Pow	target_set	mapped_not_kernel_checked	Codex	required: smallest .lit source whose completed Result contains Obj::Pow in its target_set role	reject a forged Obj::Pow Result with mismatched target, evidence, order, or effects	attach a positive tracer and real Lean kernel gate for Obj::Pow
P3_kernelize_mapped_route	object	Obj::Pow	term	mapped_not_kernel_checked	Codex	required: smallest .lit source whose completed Result contains Obj::Pow in its term role	reject a forged Obj::Pow Result with mismatched target, evidence, order, or effects	attach a positive tracer and real Lean kernel gate for Obj::Pow
P3_kernelize_mapped_route	object	Obj::Pow	well_definedness	mapped_not_kernel_checked	Codex	required: smallest .lit source whose completed Result contains Obj::Pow in its well_definedness role	reject a forged Obj::Pow Result with mismatched target, evidence, order, or effects	attach a positive tracer and real Lean kernel gate for Obj::Pow
P3_kernelize_mapped_route	object	Obj::PowerSet	binder	mapped_not_kernel_checked	Codex	required: smallest .lit source whose completed Result contains Obj::PowerSet in its binder role	reject a forged Obj::PowerSet Result with mismatched target, evidence, order, or effects	attach a positive tracer and real Lean kernel gate for Obj::PowerSet
P3_kernelize_mapped_route	object	Obj::PowerSet	definition_value	mapped_not_kernel_checked	Codex	required: smallest .lit source whose completed Result contains Obj::PowerSet in its definition_value role	reject a forged Obj::PowerSet Result with mismatched target, evidence, order, or effects	attach a positive tracer and real Lean kernel gate for Obj::PowerSet
P3_kernelize_mapped_route	object	Obj::PowerSet	function_domain_or_codomain	mapped_not_kernel_checked	Codex	required: smallest .lit source whose completed Result contains Obj::PowerSet in its function_domain_or_codomain role	reject a forged Obj::PowerSet Result with mismatched target, evidence, order, or effects	attach a positive tracer and real Lean kernel gate for Obj::PowerSet
P3_kernelize_mapped_route	object	Obj::PowerSet	target_set	mapped_not_kernel_checked	Codex	required: smallest .lit source whose completed Result contains Obj::PowerSet in its target_set role	reject a forged Obj::PowerSet Result with mismatched target, evidence, order, or effects	attach a positive tracer and real Lean kernel gate for Obj::PowerSet
P3_kernelize_mapped_route	object	Obj::PowerSet	term	mapped_not_kernel_checked	Codex	required: smallest .lit source whose completed Result contains Obj::PowerSet in its term role	reject a forged Obj::PowerSet Result with mismatched target, evidence, order, or effects	attach a positive tracer and real Lean kernel gate for Obj::PowerSet
P3_kernelize_mapped_route	object	Obj::PowerSet	well_definedness	mapped_not_kernel_checked	Codex	required: smallest .lit source whose completed Result contains Obj::PowerSet in its well_definedness role	reject a forged Obj::PowerSet Result with mismatched target, evidence, order, or effects	attach a positive tracer and real Lean kernel gate for Obj::PowerSet
P3_kernelize_mapped_route	object	Obj::Product	binder	mapped_not_kernel_checked	Codex	required: smallest .lit source whose completed Result contains Obj::Product in its binder role	reject a forged Obj::Product Result with mismatched target, evidence, order, or effects	attach a positive tracer and real Lean kernel gate for Obj::Product
P3_kernelize_mapped_route	object	Obj::Product	definition_value	mapped_not_kernel_checked	Codex	required: smallest .lit source whose completed Result contains Obj::Product in its definition_value role	reject a forged Obj::Product Result with mismatched target, evidence, order, or effects	attach a positive tracer and real Lean kernel gate for Obj::Product
P3_kernelize_mapped_route	object	Obj::Product	function_domain_or_codomain	mapped_not_kernel_checked	Codex	required: smallest .lit source whose completed Result contains Obj::Product in its function_domain_or_codomain role	reject a forged Obj::Product Result with mismatched target, evidence, order, or effects	attach a positive tracer and real Lean kernel gate for Obj::Product
P3_kernelize_mapped_route	object	Obj::Product	target_set	mapped_not_kernel_checked	Codex	required: smallest .lit source whose completed Result contains Obj::Product in its target_set role	reject a forged Obj::Product Result with mismatched target, evidence, order, or effects	attach a positive tracer and real Lean kernel gate for Obj::Product
P3_kernelize_mapped_route	object	Obj::Product	term	mapped_not_kernel_checked	Codex	required: smallest .lit source whose completed Result contains Obj::Product in its term role	reject a forged Obj::Product Result with mismatched target, evidence, order, or effects	attach a positive tracer and real Lean kernel gate for Obj::Product
P3_kernelize_mapped_route	object	Obj::Product	well_definedness	mapped_not_kernel_checked	Codex	required: smallest .lit source whose completed Result contains Obj::Product in its well_definedness role	reject a forged Obj::Product Result with mismatched target, evidence, order, or effects	attach a positive tracer and real Lean kernel gate for Obj::Product
P3_kernelize_mapped_route	object	Obj::ProductOfFiniteSet	binder	mapped_not_kernel_checked	Codex	required: smallest .lit source whose completed Result contains Obj::ProductOfFiniteSet in its binder role	reject a forged Obj::ProductOfFiniteSet Result with mismatched target, evidence, order, or effects	attach a positive tracer and real Lean kernel gate for Obj::ProductOfFiniteSet
P3_kernelize_mapped_route	object	Obj::ProductOfFiniteSet	definition_value	mapped_not_kernel_checked	Codex	required: smallest .lit source whose completed Result contains Obj::ProductOfFiniteSet in its definition_value role	reject a forged Obj::ProductOfFiniteSet Result with mismatched target, evidence, order, or effects	attach a positive tracer and real Lean kernel gate for Obj::ProductOfFiniteSet
P3_kernelize_mapped_route	object	Obj::ProductOfFiniteSet	function_domain_or_codomain	mapped_not_kernel_checked	Codex	required: smallest .lit source whose completed Result contains Obj::ProductOfFiniteSet in its function_domain_or_codomain role	reject a forged Obj::ProductOfFiniteSet Result with mismatched target, evidence, order, or effects	attach a positive tracer and real Lean kernel gate for Obj::ProductOfFiniteSet
P3_kernelize_mapped_route	object	Obj::ProductOfFiniteSet	target_set	mapped_not_kernel_checked	Codex	required: smallest .lit source whose completed Result contains Obj::ProductOfFiniteSet in its target_set role	reject a forged Obj::ProductOfFiniteSet Result with mismatched target, evidence, order, or effects	attach a positive tracer and real Lean kernel gate for Obj::ProductOfFiniteSet
P3_kernelize_mapped_route	object	Obj::ProductOfFiniteSet	term	mapped_not_kernel_checked	Codex	required: smallest .lit source whose completed Result contains Obj::ProductOfFiniteSet in its term role	reject a forged Obj::ProductOfFiniteSet Result with mismatched target, evidence, order, or effects	attach a positive tracer and real Lean kernel gate for Obj::ProductOfFiniteSet
P3_kernelize_mapped_route	object	Obj::ProductOfFiniteSet	well_definedness	mapped_not_kernel_checked	Codex	required: smallest .lit source whose completed Result contains Obj::ProductOfFiniteSet in its well_definedness role	reject a forged Obj::ProductOfFiniteSet Result with mismatched target, evidence, order, or effects	attach a positive tracer and real Lean kernel gate for Obj::ProductOfFiniteSet
P3_kernelize_mapped_route	object	Obj::Range	binder	mapped_not_kernel_checked	Codex	required: smallest .lit source whose completed Result contains Obj::Range in its binder role	reject a forged Obj::Range Result with mismatched target, evidence, order, or effects	attach a positive tracer and real Lean kernel gate for Obj::Range
P3_kernelize_mapped_route	object	Obj::Range	definition_value	mapped_not_kernel_checked	Codex	required: smallest .lit source whose completed Result contains Obj::Range in its definition_value role	reject a forged Obj::Range Result with mismatched target, evidence, order, or effects	attach a positive tracer and real Lean kernel gate for Obj::Range
P3_kernelize_mapped_route	object	Obj::Range	function_domain_or_codomain	mapped_not_kernel_checked	Codex	required: smallest .lit source whose completed Result contains Obj::Range in its function_domain_or_codomain role	reject a forged Obj::Range Result with mismatched target, evidence, order, or effects	attach a positive tracer and real Lean kernel gate for Obj::Range
P3_kernelize_mapped_route	object	Obj::Range	target_set	mapped_not_kernel_checked	Codex	required: smallest .lit source whose completed Result contains Obj::Range in its target_set role	reject a forged Obj::Range Result with mismatched target, evidence, order, or effects	attach a positive tracer and real Lean kernel gate for Obj::Range
P3_kernelize_mapped_route	object	Obj::Range	term	mapped_not_kernel_checked	Codex	required: smallest .lit source whose completed Result contains Obj::Range in its term role	reject a forged Obj::Range Result with mismatched target, evidence, order, or effects	attach a positive tracer and real Lean kernel gate for Obj::Range
P3_kernelize_mapped_route	object	Obj::Range	well_definedness	mapped_not_kernel_checked	Codex	required: smallest .lit source whose completed Result contains Obj::Range in its well_definedness role	reject a forged Obj::Range Result with mismatched target, evidence, order, or effects	attach a positive tracer and real Lean kernel gate for Obj::Range
P3_kernelize_mapped_route	object	Obj::RealPart	binder	mapped_not_kernel_checked	Codex	required: smallest .lit source whose completed Result contains Obj::RealPart in its binder role	reject a forged Obj::RealPart Result with mismatched target, evidence, order, or effects	attach a positive tracer and real Lean kernel gate for Obj::RealPart
P3_kernelize_mapped_route	object	Obj::RealPart	definition_value	mapped_not_kernel_checked	Codex	required: smallest .lit source whose completed Result contains Obj::RealPart in its definition_value role	reject a forged Obj::RealPart Result with mismatched target, evidence, order, or effects	attach a positive tracer and real Lean kernel gate for Obj::RealPart
P3_kernelize_mapped_route	object	Obj::RealPart	function_domain_or_codomain	mapped_not_kernel_checked	Codex	required: smallest .lit source whose completed Result contains Obj::RealPart in its function_domain_or_codomain role	reject a forged Obj::RealPart Result with mismatched target, evidence, order, or effects	attach a positive tracer and real Lean kernel gate for Obj::RealPart
P3_kernelize_mapped_route	object	Obj::RealPart	target_set	mapped_not_kernel_checked	Codex	required: smallest .lit source whose completed Result contains Obj::RealPart in its target_set role	reject a forged Obj::RealPart Result with mismatched target, evidence, order, or effects	attach a positive tracer and real Lean kernel gate for Obj::RealPart
P3_kernelize_mapped_route	object	Obj::RealPart	term	mapped_not_kernel_checked	Codex	required: smallest .lit source whose completed Result contains Obj::RealPart in its term role	reject a forged Obj::RealPart Result with mismatched target, evidence, order, or effects	attach a positive tracer and real Lean kernel gate for Obj::RealPart
P3_kernelize_mapped_route	object	Obj::RealPart	well_definedness	mapped_not_kernel_checked	Codex	required: smallest .lit source whose completed Result contains Obj::RealPart in its well_definedness role	reject a forged Obj::RealPart Result with mismatched target, evidence, order, or effects	attach a positive tracer and real Lean kernel gate for Obj::RealPart
P3_kernelize_mapped_route	object	Obj::Reduce	binder	mapped_not_kernel_checked	Codex	required: smallest .lit source whose completed Result contains Obj::Reduce in its binder role	reject a forged Obj::Reduce Result with mismatched target, evidence, order, or effects	attach a positive tracer and real Lean kernel gate for Obj::Reduce
P3_kernelize_mapped_route	object	Obj::Reduce	definition_value	mapped_not_kernel_checked	Codex	required: smallest .lit source whose completed Result contains Obj::Reduce in its definition_value role	reject a forged Obj::Reduce Result with mismatched target, evidence, order, or effects	attach a positive tracer and real Lean kernel gate for Obj::Reduce
P3_kernelize_mapped_route	object	Obj::Reduce	function_domain_or_codomain	mapped_not_kernel_checked	Codex	required: smallest .lit source whose completed Result contains Obj::Reduce in its function_domain_or_codomain role	reject a forged Obj::Reduce Result with mismatched target, evidence, order, or effects	attach a positive tracer and real Lean kernel gate for Obj::Reduce
P3_kernelize_mapped_route	object	Obj::Reduce	target_set	mapped_not_kernel_checked	Codex	required: smallest .lit source whose completed Result contains Obj::Reduce in its target_set role	reject a forged Obj::Reduce Result with mismatched target, evidence, order, or effects	attach a positive tracer and real Lean kernel gate for Obj::Reduce
P3_kernelize_mapped_route	object	Obj::Reduce	term	mapped_not_kernel_checked	Codex	required: smallest .lit source whose completed Result contains Obj::Reduce in its term role	reject a forged Obj::Reduce Result with mismatched target, evidence, order, or effects	attach a positive tracer and real Lean kernel gate for Obj::Reduce
P3_kernelize_mapped_route	object	Obj::Reduce	well_definedness	mapped_not_kernel_checked	Codex	required: smallest .lit source whose completed Result contains Obj::Reduce in its well_definedness role	reject a forged Obj::Reduce Result with mismatched target, evidence, order, or effects	attach a positive tracer and real Lean kernel gate for Obj::Reduce
P3_kernelize_mapped_route	object	Obj::SeqSet	binder	mapped_not_kernel_checked	Codex	required: smallest .lit source whose completed Result contains Obj::SeqSet in its binder role	reject a forged Obj::SeqSet Result with mismatched target, evidence, order, or effects	attach a positive tracer and real Lean kernel gate for Obj::SeqSet
P3_kernelize_mapped_route	object	Obj::SeqSet	definition_value	mapped_not_kernel_checked	Codex	required: smallest .lit source whose completed Result contains Obj::SeqSet in its definition_value role	reject a forged Obj::SeqSet Result with mismatched target, evidence, order, or effects	attach a positive tracer and real Lean kernel gate for Obj::SeqSet
P3_kernelize_mapped_route	object	Obj::SeqSet	function_domain_or_codomain	mapped_not_kernel_checked	Codex	required: smallest .lit source whose completed Result contains Obj::SeqSet in its function_domain_or_codomain role	reject a forged Obj::SeqSet Result with mismatched target, evidence, order, or effects	attach a positive tracer and real Lean kernel gate for Obj::SeqSet
P3_kernelize_mapped_route	object	Obj::SeqSet	target_set	mapped_not_kernel_checked	Codex	required: smallest .lit source whose completed Result contains Obj::SeqSet in its target_set role	reject a forged Obj::SeqSet Result with mismatched target, evidence, order, or effects	attach a positive tracer and real Lean kernel gate for Obj::SeqSet
P3_kernelize_mapped_route	object	Obj::SeqSet	term	mapped_not_kernel_checked	Codex	required: smallest .lit source whose completed Result contains Obj::SeqSet in its term role	reject a forged Obj::SeqSet Result with mismatched target, evidence, order, or effects	attach a positive tracer and real Lean kernel gate for Obj::SeqSet
P3_kernelize_mapped_route	object	Obj::SeqSet	well_definedness	mapped_not_kernel_checked	Codex	required: smallest .lit source whose completed Result contains Obj::SeqSet in its well_definedness role	reject a forged Obj::SeqSet Result with mismatched target, evidence, order, or effects	attach a positive tracer and real Lean kernel gate for Obj::SeqSet
P3_kernelize_mapped_route	object	Obj::SetBuilder	binder	mapped_not_kernel_checked	Codex	required: smallest .lit source whose completed Result contains Obj::SetBuilder in its binder role	reject a forged Obj::SetBuilder Result with mismatched target, evidence, order, or effects	attach a positive tracer and real Lean kernel gate for Obj::SetBuilder
P3_kernelize_mapped_route	object	Obj::SetBuilder	definition_value	mapped_not_kernel_checked	Codex	required: smallest .lit source whose completed Result contains Obj::SetBuilder in its definition_value role	reject a forged Obj::SetBuilder Result with mismatched target, evidence, order, or effects	attach a positive tracer and real Lean kernel gate for Obj::SetBuilder
P3_kernelize_mapped_route	object	Obj::SetBuilder	function_domain_or_codomain	mapped_not_kernel_checked	Codex	required: smallest .lit source whose completed Result contains Obj::SetBuilder in its function_domain_or_codomain role	reject a forged Obj::SetBuilder Result with mismatched target, evidence, order, or effects	attach a positive tracer and real Lean kernel gate for Obj::SetBuilder
P3_kernelize_mapped_route	object	Obj::SetBuilder	target_set	mapped_not_kernel_checked	Codex	required: smallest .lit source whose completed Result contains Obj::SetBuilder in its target_set role	reject a forged Obj::SetBuilder Result with mismatched target, evidence, order, or effects	attach a positive tracer and real Lean kernel gate for Obj::SetBuilder
P3_kernelize_mapped_route	object	Obj::SetBuilder	term	mapped_not_kernel_checked	Codex	required: smallest .lit source whose completed Result contains Obj::SetBuilder in its term role	reject a forged Obj::SetBuilder Result with mismatched target, evidence, order, or effects	attach a positive tracer and real Lean kernel gate for Obj::SetBuilder
P3_kernelize_mapped_route	object	Obj::SetBuilder	well_definedness	mapped_not_kernel_checked	Codex	required: smallest .lit source whose completed Result contains Obj::SetBuilder in its well_definedness role	reject a forged Obj::SetBuilder Result with mismatched target, evidence, order, or effects	attach a positive tracer and real Lean kernel gate for Obj::SetBuilder
P3_kernelize_mapped_route	object	Obj::SetMinus	binder	mapped_not_kernel_checked	Codex	required: smallest .lit source whose completed Result contains Obj::SetMinus in its binder role	reject a forged Obj::SetMinus Result with mismatched target, evidence, order, or effects	attach a positive tracer and real Lean kernel gate for Obj::SetMinus
P3_kernelize_mapped_route	object	Obj::SetMinus	definition_value	mapped_not_kernel_checked	Codex	required: smallest .lit source whose completed Result contains Obj::SetMinus in its definition_value role	reject a forged Obj::SetMinus Result with mismatched target, evidence, order, or effects	attach a positive tracer and real Lean kernel gate for Obj::SetMinus
P3_kernelize_mapped_route	object	Obj::SetMinus	function_domain_or_codomain	mapped_not_kernel_checked	Codex	required: smallest .lit source whose completed Result contains Obj::SetMinus in its function_domain_or_codomain role	reject a forged Obj::SetMinus Result with mismatched target, evidence, order, or effects	attach a positive tracer and real Lean kernel gate for Obj::SetMinus
P3_kernelize_mapped_route	object	Obj::SetMinus	target_set	mapped_not_kernel_checked	Codex	required: smallest .lit source whose completed Result contains Obj::SetMinus in its target_set role	reject a forged Obj::SetMinus Result with mismatched target, evidence, order, or effects	attach a positive tracer and real Lean kernel gate for Obj::SetMinus
P3_kernelize_mapped_route	object	Obj::SetMinus	term	mapped_not_kernel_checked	Codex	required: smallest .lit source whose completed Result contains Obj::SetMinus in its term role	reject a forged Obj::SetMinus Result with mismatched target, evidence, order, or effects	attach a positive tracer and real Lean kernel gate for Obj::SetMinus
P3_kernelize_mapped_route	object	Obj::SetMinus	well_definedness	mapped_not_kernel_checked	Codex	required: smallest .lit source whose completed Result contains Obj::SetMinus in its well_definedness role	reject a forged Obj::SetMinus Result with mismatched target, evidence, order, or effects	attach a positive tracer and real Lean kernel gate for Obj::SetMinus
P3_kernelize_mapped_route	object	Obj::Sign	binder	mapped_not_kernel_checked	Codex	required: smallest .lit source whose completed Result contains Obj::Sign in its binder role	reject a forged Obj::Sign Result with mismatched target, evidence, order, or effects	attach a positive tracer and real Lean kernel gate for Obj::Sign
P3_kernelize_mapped_route	object	Obj::Sign	definition_value	mapped_not_kernel_checked	Codex	required: smallest .lit source whose completed Result contains Obj::Sign in its definition_value role	reject a forged Obj::Sign Result with mismatched target, evidence, order, or effects	attach a positive tracer and real Lean kernel gate for Obj::Sign
P3_kernelize_mapped_route	object	Obj::Sign	function_domain_or_codomain	mapped_not_kernel_checked	Codex	required: smallest .lit source whose completed Result contains Obj::Sign in its function_domain_or_codomain role	reject a forged Obj::Sign Result with mismatched target, evidence, order, or effects	attach a positive tracer and real Lean kernel gate for Obj::Sign
P3_kernelize_mapped_route	object	Obj::Sign	target_set	mapped_not_kernel_checked	Codex	required: smallest .lit source whose completed Result contains Obj::Sign in its target_set role	reject a forged Obj::Sign Result with mismatched target, evidence, order, or effects	attach a positive tracer and real Lean kernel gate for Obj::Sign
P3_kernelize_mapped_route	object	Obj::Sign	term	mapped_not_kernel_checked	Codex	required: smallest .lit source whose completed Result contains Obj::Sign in its term role	reject a forged Obj::Sign Result with mismatched target, evidence, order, or effects	attach a positive tracer and real Lean kernel gate for Obj::Sign
P3_kernelize_mapped_route	object	Obj::Sign	well_definedness	mapped_not_kernel_checked	Codex	required: smallest .lit source whose completed Result contains Obj::Sign in its well_definedness role	reject a forged Obj::Sign Result with mismatched target, evidence, order, or effects	attach a positive tracer and real Lean kernel gate for Obj::Sign
P3_kernelize_mapped_route	object	Obj::Sin	binder	mapped_not_kernel_checked	Codex	required: smallest .lit source whose completed Result contains Obj::Sin in its binder role	reject a forged Obj::Sin Result with mismatched target, evidence, order, or effects	attach a positive tracer and real Lean kernel gate for Obj::Sin
P3_kernelize_mapped_route	object	Obj::Sin	definition_value	mapped_not_kernel_checked	Codex	required: smallest .lit source whose completed Result contains Obj::Sin in its definition_value role	reject a forged Obj::Sin Result with mismatched target, evidence, order, or effects	attach a positive tracer and real Lean kernel gate for Obj::Sin
P3_kernelize_mapped_route	object	Obj::Sin	function_domain_or_codomain	mapped_not_kernel_checked	Codex	required: smallest .lit source whose completed Result contains Obj::Sin in its function_domain_or_codomain role	reject a forged Obj::Sin Result with mismatched target, evidence, order, or effects	attach a positive tracer and real Lean kernel gate for Obj::Sin
P3_kernelize_mapped_route	object	Obj::Sin	target_set	mapped_not_kernel_checked	Codex	required: smallest .lit source whose completed Result contains Obj::Sin in its target_set role	reject a forged Obj::Sin Result with mismatched target, evidence, order, or effects	attach a positive tracer and real Lean kernel gate for Obj::Sin
P3_kernelize_mapped_route	object	Obj::Sin	term	mapped_not_kernel_checked	Codex	required: smallest .lit source whose completed Result contains Obj::Sin in its term role	reject a forged Obj::Sin Result with mismatched target, evidence, order, or effects	attach a positive tracer and real Lean kernel gate for Obj::Sin
P3_kernelize_mapped_route	object	Obj::Sin	well_definedness	mapped_not_kernel_checked	Codex	required: smallest .lit source whose completed Result contains Obj::Sin in its well_definedness role	reject a forged Obj::Sin Result with mismatched target, evidence, order, or effects	attach a positive tracer and real Lean kernel gate for Obj::Sin
P3_kernelize_mapped_route	object	Obj::Sqrt	binder	mapped_not_kernel_checked	Codex	required: smallest .lit source whose completed Result contains Obj::Sqrt in its binder role	reject a forged Obj::Sqrt Result with mismatched target, evidence, order, or effects	attach a positive tracer and real Lean kernel gate for Obj::Sqrt
P3_kernelize_mapped_route	object	Obj::Sqrt	definition_value	mapped_not_kernel_checked	Codex	required: smallest .lit source whose completed Result contains Obj::Sqrt in its definition_value role	reject a forged Obj::Sqrt Result with mismatched target, evidence, order, or effects	attach a positive tracer and real Lean kernel gate for Obj::Sqrt
P3_kernelize_mapped_route	object	Obj::Sqrt	function_domain_or_codomain	mapped_not_kernel_checked	Codex	required: smallest .lit source whose completed Result contains Obj::Sqrt in its function_domain_or_codomain role	reject a forged Obj::Sqrt Result with mismatched target, evidence, order, or effects	attach a positive tracer and real Lean kernel gate for Obj::Sqrt
P3_kernelize_mapped_route	object	Obj::Sqrt	target_set	mapped_not_kernel_checked	Codex	required: smallest .lit source whose completed Result contains Obj::Sqrt in its target_set role	reject a forged Obj::Sqrt Result with mismatched target, evidence, order, or effects	attach a positive tracer and real Lean kernel gate for Obj::Sqrt
P3_kernelize_mapped_route	object	Obj::Sqrt	term	mapped_not_kernel_checked	Codex	required: smallest .lit source whose completed Result contains Obj::Sqrt in its term role	reject a forged Obj::Sqrt Result with mismatched target, evidence, order, or effects	attach a positive tracer and real Lean kernel gate for Obj::Sqrt
P3_kernelize_mapped_route	object	Obj::Sqrt	well_definedness	mapped_not_kernel_checked	Codex	required: smallest .lit source whose completed Result contains Obj::Sqrt in its well_definedness role	reject a forged Obj::Sqrt Result with mismatched target, evidence, order, or effects	attach a positive tracer and real Lean kernel gate for Obj::Sqrt
P3_kernelize_mapped_route	object	Obj::StandardSet	binder	mapped_not_kernel_checked	Codex	required: smallest .lit source whose completed Result contains Obj::StandardSet in its binder role	reject a forged Obj::StandardSet Result with mismatched target, evidence, order, or effects	attach a positive tracer and real Lean kernel gate for Obj::StandardSet
P3_kernelize_mapped_route	object	Obj::StandardSet	definition_value	mapped_not_kernel_checked	Codex	required: smallest .lit source whose completed Result contains Obj::StandardSet in its definition_value role	reject a forged Obj::StandardSet Result with mismatched target, evidence, order, or effects	attach a positive tracer and real Lean kernel gate for Obj::StandardSet
P3_kernelize_mapped_route	object	Obj::StandardSet	function_domain_or_codomain	mapped_not_kernel_checked	Codex	required: smallest .lit source whose completed Result contains Obj::StandardSet in its function_domain_or_codomain role	reject a forged Obj::StandardSet Result with mismatched target, evidence, order, or effects	attach a positive tracer and real Lean kernel gate for Obj::StandardSet
P3_kernelize_mapped_route	object	Obj::StandardSet	target_set	mapped_not_kernel_checked	Codex	required: smallest .lit source whose completed Result contains Obj::StandardSet in its target_set role	reject a forged Obj::StandardSet Result with mismatched target, evidence, order, or effects	attach a positive tracer and real Lean kernel gate for Obj::StandardSet
P3_kernelize_mapped_route	object	Obj::StandardSet	term	mapped_not_kernel_checked	Codex	required: smallest .lit source whose completed Result contains Obj::StandardSet in its term role	reject a forged Obj::StandardSet Result with mismatched target, evidence, order, or effects	attach a positive tracer and real Lean kernel gate for Obj::StandardSet
P3_kernelize_mapped_route	object	Obj::StandardSet	well_definedness	mapped_not_kernel_checked	Codex	required: smallest .lit source whose completed Result contains Obj::StandardSet in its well_definedness role	reject a forged Obj::StandardSet Result with mismatched target, evidence, order, or effects	attach a positive tracer and real Lean kernel gate for Obj::StandardSet
P3_kernelize_mapped_route	object	Obj::StructObj	binder	mapped_not_kernel_checked	Codex	required: smallest .lit source whose completed Result contains Obj::StructObj in its binder role	reject a forged Obj::StructObj Result with mismatched target, evidence, order, or effects	attach a positive tracer and real Lean kernel gate for Obj::StructObj
P3_kernelize_mapped_route	object	Obj::StructObj	definition_value	mapped_not_kernel_checked	Codex	required: smallest .lit source whose completed Result contains Obj::StructObj in its definition_value role	reject a forged Obj::StructObj Result with mismatched target, evidence, order, or effects	attach a positive tracer and real Lean kernel gate for Obj::StructObj
P3_kernelize_mapped_route	object	Obj::StructObj	function_domain_or_codomain	mapped_not_kernel_checked	Codex	required: smallest .lit source whose completed Result contains Obj::StructObj in its function_domain_or_codomain role	reject a forged Obj::StructObj Result with mismatched target, evidence, order, or effects	attach a positive tracer and real Lean kernel gate for Obj::StructObj
P3_kernelize_mapped_route	object	Obj::StructObj	target_set	mapped_not_kernel_checked	Codex	required: smallest .lit source whose completed Result contains Obj::StructObj in its target_set role	reject a forged Obj::StructObj Result with mismatched target, evidence, order, or effects	attach a positive tracer and real Lean kernel gate for Obj::StructObj
P3_kernelize_mapped_route	object	Obj::StructObj	term	mapped_not_kernel_checked	Codex	required: smallest .lit source whose completed Result contains Obj::StructObj in its term role	reject a forged Obj::StructObj Result with mismatched target, evidence, order, or effects	attach a positive tracer and real Lean kernel gate for Obj::StructObj
P3_kernelize_mapped_route	object	Obj::StructObj	well_definedness	mapped_not_kernel_checked	Codex	required: smallest .lit source whose completed Result contains Obj::StructObj in its well_definedness role	reject a forged Obj::StructObj Result with mismatched target, evidence, order, or effects	attach a positive tracer and real Lean kernel gate for Obj::StructObj
P3_kernelize_mapped_route	object	Obj::Sub	binder	mapped_not_kernel_checked	Codex	required: smallest .lit source whose completed Result contains Obj::Sub in its binder role	reject a forged Obj::Sub Result with mismatched target, evidence, order, or effects	attach a positive tracer and real Lean kernel gate for Obj::Sub
P3_kernelize_mapped_route	object	Obj::Sub	definition_value	mapped_not_kernel_checked	Codex	required: smallest .lit source whose completed Result contains Obj::Sub in its definition_value role	reject a forged Obj::Sub Result with mismatched target, evidence, order, or effects	attach a positive tracer and real Lean kernel gate for Obj::Sub
P3_kernelize_mapped_route	object	Obj::Sub	function_domain_or_codomain	mapped_not_kernel_checked	Codex	required: smallest .lit source whose completed Result contains Obj::Sub in its function_domain_or_codomain role	reject a forged Obj::Sub Result with mismatched target, evidence, order, or effects	attach a positive tracer and real Lean kernel gate for Obj::Sub
P3_kernelize_mapped_route	object	Obj::Sub	target_set	mapped_not_kernel_checked	Codex	required: smallest .lit source whose completed Result contains Obj::Sub in its target_set role	reject a forged Obj::Sub Result with mismatched target, evidence, order, or effects	attach a positive tracer and real Lean kernel gate for Obj::Sub
P3_kernelize_mapped_route	object	Obj::Sub	term	mapped_not_kernel_checked	Codex	required: smallest .lit source whose completed Result contains Obj::Sub in its term role	reject a forged Obj::Sub Result with mismatched target, evidence, order, or effects	attach a positive tracer and real Lean kernel gate for Obj::Sub
P3_kernelize_mapped_route	object	Obj::Sub	well_definedness	mapped_not_kernel_checked	Codex	required: smallest .lit source whose completed Result contains Obj::Sub in its well_definedness role	reject a forged Obj::Sub Result with mismatched target, evidence, order, or effects	attach a positive tracer and real Lean kernel gate for Obj::Sub
P3_kernelize_mapped_route	object	Obj::Sum	binder	mapped_not_kernel_checked	Codex	required: smallest .lit source whose completed Result contains Obj::Sum in its binder role	reject a forged Obj::Sum Result with mismatched target, evidence, order, or effects	attach a positive tracer and real Lean kernel gate for Obj::Sum
P3_kernelize_mapped_route	object	Obj::Sum	definition_value	mapped_not_kernel_checked	Codex	required: smallest .lit source whose completed Result contains Obj::Sum in its definition_value role	reject a forged Obj::Sum Result with mismatched target, evidence, order, or effects	attach a positive tracer and real Lean kernel gate for Obj::Sum
P3_kernelize_mapped_route	object	Obj::Sum	function_domain_or_codomain	mapped_not_kernel_checked	Codex	required: smallest .lit source whose completed Result contains Obj::Sum in its function_domain_or_codomain role	reject a forged Obj::Sum Result with mismatched target, evidence, order, or effects	attach a positive tracer and real Lean kernel gate for Obj::Sum
P3_kernelize_mapped_route	object	Obj::Sum	target_set	mapped_not_kernel_checked	Codex	required: smallest .lit source whose completed Result contains Obj::Sum in its target_set role	reject a forged Obj::Sum Result with mismatched target, evidence, order, or effects	attach a positive tracer and real Lean kernel gate for Obj::Sum
P3_kernelize_mapped_route	object	Obj::Sum	term	mapped_not_kernel_checked	Codex	required: smallest .lit source whose completed Result contains Obj::Sum in its term role	reject a forged Obj::Sum Result with mismatched target, evidence, order, or effects	attach a positive tracer and real Lean kernel gate for Obj::Sum
P3_kernelize_mapped_route	object	Obj::Sum	well_definedness	mapped_not_kernel_checked	Codex	required: smallest .lit source whose completed Result contains Obj::Sum in its well_definedness role	reject a forged Obj::Sum Result with mismatched target, evidence, order, or effects	attach a positive tracer and real Lean kernel gate for Obj::Sum
P3_kernelize_mapped_route	object	Obj::SumOfFiniteSet	binder	mapped_not_kernel_checked	Codex	required: smallest .lit source whose completed Result contains Obj::SumOfFiniteSet in its binder role	reject a forged Obj::SumOfFiniteSet Result with mismatched target, evidence, order, or effects	attach a positive tracer and real Lean kernel gate for Obj::SumOfFiniteSet
P3_kernelize_mapped_route	object	Obj::SumOfFiniteSet	definition_value	mapped_not_kernel_checked	Codex	required: smallest .lit source whose completed Result contains Obj::SumOfFiniteSet in its definition_value role	reject a forged Obj::SumOfFiniteSet Result with mismatched target, evidence, order, or effects	attach a positive tracer and real Lean kernel gate for Obj::SumOfFiniteSet
P3_kernelize_mapped_route	object	Obj::SumOfFiniteSet	function_domain_or_codomain	mapped_not_kernel_checked	Codex	required: smallest .lit source whose completed Result contains Obj::SumOfFiniteSet in its function_domain_or_codomain role	reject a forged Obj::SumOfFiniteSet Result with mismatched target, evidence, order, or effects	attach a positive tracer and real Lean kernel gate for Obj::SumOfFiniteSet
P3_kernelize_mapped_route	object	Obj::SumOfFiniteSet	target_set	mapped_not_kernel_checked	Codex	required: smallest .lit source whose completed Result contains Obj::SumOfFiniteSet in its target_set role	reject a forged Obj::SumOfFiniteSet Result with mismatched target, evidence, order, or effects	attach a positive tracer and real Lean kernel gate for Obj::SumOfFiniteSet
P3_kernelize_mapped_route	object	Obj::SumOfFiniteSet	term	mapped_not_kernel_checked	Codex	required: smallest .lit source whose completed Result contains Obj::SumOfFiniteSet in its term role	reject a forged Obj::SumOfFiniteSet Result with mismatched target, evidence, order, or effects	attach a positive tracer and real Lean kernel gate for Obj::SumOfFiniteSet
P3_kernelize_mapped_route	object	Obj::SumOfFiniteSet	well_definedness	mapped_not_kernel_checked	Codex	required: smallest .lit source whose completed Result contains Obj::SumOfFiniteSet in its well_definedness role	reject a forged Obj::SumOfFiniteSet Result with mismatched target, evidence, order, or effects	attach a positive tracer and real Lean kernel gate for Obj::SumOfFiniteSet
P3_kernelize_mapped_route	object	Obj::Tan	binder	mapped_not_kernel_checked	Codex	required: smallest .lit source whose completed Result contains Obj::Tan in its binder role	reject a forged Obj::Tan Result with mismatched target, evidence, order, or effects	attach a positive tracer and real Lean kernel gate for Obj::Tan
P3_kernelize_mapped_route	object	Obj::Tan	definition_value	mapped_not_kernel_checked	Codex	required: smallest .lit source whose completed Result contains Obj::Tan in its definition_value role	reject a forged Obj::Tan Result with mismatched target, evidence, order, or effects	attach a positive tracer and real Lean kernel gate for Obj::Tan
P3_kernelize_mapped_route	object	Obj::Tan	function_domain_or_codomain	mapped_not_kernel_checked	Codex	required: smallest .lit source whose completed Result contains Obj::Tan in its function_domain_or_codomain role	reject a forged Obj::Tan Result with mismatched target, evidence, order, or effects	attach a positive tracer and real Lean kernel gate for Obj::Tan
P3_kernelize_mapped_route	object	Obj::Tan	target_set	mapped_not_kernel_checked	Codex	required: smallest .lit source whose completed Result contains Obj::Tan in its target_set role	reject a forged Obj::Tan Result with mismatched target, evidence, order, or effects	attach a positive tracer and real Lean kernel gate for Obj::Tan
P3_kernelize_mapped_route	object	Obj::Tan	term	mapped_not_kernel_checked	Codex	required: smallest .lit source whose completed Result contains Obj::Tan in its term role	reject a forged Obj::Tan Result with mismatched target, evidence, order, or effects	attach a positive tracer and real Lean kernel gate for Obj::Tan
P3_kernelize_mapped_route	object	Obj::Tan	well_definedness	mapped_not_kernel_checked	Codex	required: smallest .lit source whose completed Result contains Obj::Tan in its well_definedness role	reject a forged Obj::Tan Result with mismatched target, evidence, order, or effects	attach a positive tracer and real Lean kernel gate for Obj::Tan
P3_kernelize_mapped_route	object	Obj::Tuple	binder	mapped_not_kernel_checked	Codex	required: smallest .lit source whose completed Result contains Obj::Tuple in its binder role	reject a forged Obj::Tuple Result with mismatched target, evidence, order, or effects	attach a positive tracer and real Lean kernel gate for Obj::Tuple
P3_kernelize_mapped_route	object	Obj::Tuple	definition_value	mapped_not_kernel_checked	Codex	required: smallest .lit source whose completed Result contains Obj::Tuple in its definition_value role	reject a forged Obj::Tuple Result with mismatched target, evidence, order, or effects	attach a positive tracer and real Lean kernel gate for Obj::Tuple
P3_kernelize_mapped_route	object	Obj::Tuple	function_domain_or_codomain	mapped_not_kernel_checked	Codex	required: smallest .lit source whose completed Result contains Obj::Tuple in its function_domain_or_codomain role	reject a forged Obj::Tuple Result with mismatched target, evidence, order, or effects	attach a positive tracer and real Lean kernel gate for Obj::Tuple
P3_kernelize_mapped_route	object	Obj::Tuple	target_set	mapped_not_kernel_checked	Codex	required: smallest .lit source whose completed Result contains Obj::Tuple in its target_set role	reject a forged Obj::Tuple Result with mismatched target, evidence, order, or effects	attach a positive tracer and real Lean kernel gate for Obj::Tuple
P3_kernelize_mapped_route	object	Obj::Tuple	term	mapped_not_kernel_checked	Codex	required: smallest .lit source whose completed Result contains Obj::Tuple in its term role	reject a forged Obj::Tuple Result with mismatched target, evidence, order, or effects	attach a positive tracer and real Lean kernel gate for Obj::Tuple
P3_kernelize_mapped_route	object	Obj::Tuple	well_definedness	mapped_not_kernel_checked	Codex	required: smallest .lit source whose completed Result contains Obj::Tuple in its well_definedness role	reject a forged Obj::Tuple Result with mismatched target, evidence, order, or effects	attach a positive tracer and real Lean kernel gate for Obj::Tuple
P3_kernelize_mapped_route	object	Obj::TupleDim	binder	mapped_not_kernel_checked	Codex	required: smallest .lit source whose completed Result contains Obj::TupleDim in its binder role	reject a forged Obj::TupleDim Result with mismatched target, evidence, order, or effects	attach a positive tracer and real Lean kernel gate for Obj::TupleDim
P3_kernelize_mapped_route	object	Obj::TupleDim	definition_value	mapped_not_kernel_checked	Codex	required: smallest .lit source whose completed Result contains Obj::TupleDim in its definition_value role	reject a forged Obj::TupleDim Result with mismatched target, evidence, order, or effects	attach a positive tracer and real Lean kernel gate for Obj::TupleDim
P3_kernelize_mapped_route	object	Obj::TupleDim	function_domain_or_codomain	mapped_not_kernel_checked	Codex	required: smallest .lit source whose completed Result contains Obj::TupleDim in its function_domain_or_codomain role	reject a forged Obj::TupleDim Result with mismatched target, evidence, order, or effects	attach a positive tracer and real Lean kernel gate for Obj::TupleDim
P3_kernelize_mapped_route	object	Obj::TupleDim	target_set	mapped_not_kernel_checked	Codex	required: smallest .lit source whose completed Result contains Obj::TupleDim in its target_set role	reject a forged Obj::TupleDim Result with mismatched target, evidence, order, or effects	attach a positive tracer and real Lean kernel gate for Obj::TupleDim
P3_kernelize_mapped_route	object	Obj::TupleDim	term	mapped_not_kernel_checked	Codex	required: smallest .lit source whose completed Result contains Obj::TupleDim in its term role	reject a forged Obj::TupleDim Result with mismatched target, evidence, order, or effects	attach a positive tracer and real Lean kernel gate for Obj::TupleDim
P3_kernelize_mapped_route	object	Obj::TupleDim	well_definedness	mapped_not_kernel_checked	Codex	required: smallest .lit source whose completed Result contains Obj::TupleDim in its well_definedness role	reject a forged Obj::TupleDim Result with mismatched target, evidence, order, or effects	attach a positive tracer and real Lean kernel gate for Obj::TupleDim
P3_kernelize_mapped_route	object	Obj::Union	binder	mapped_not_kernel_checked	Codex	required: smallest .lit source whose completed Result contains Obj::Union in its binder role	reject a forged Obj::Union Result with mismatched target, evidence, order, or effects	attach a positive tracer and real Lean kernel gate for Obj::Union
P3_kernelize_mapped_route	object	Obj::Union	definition_value	mapped_not_kernel_checked	Codex	required: smallest .lit source whose completed Result contains Obj::Union in its definition_value role	reject a forged Obj::Union Result with mismatched target, evidence, order, or effects	attach a positive tracer and real Lean kernel gate for Obj::Union
P3_kernelize_mapped_route	object	Obj::Union	function_domain_or_codomain	mapped_not_kernel_checked	Codex	required: smallest .lit source whose completed Result contains Obj::Union in its function_domain_or_codomain role	reject a forged Obj::Union Result with mismatched target, evidence, order, or effects	attach a positive tracer and real Lean kernel gate for Obj::Union
P3_kernelize_mapped_route	object	Obj::Union	target_set	mapped_not_kernel_checked	Codex	required: smallest .lit source whose completed Result contains Obj::Union in its target_set role	reject a forged Obj::Union Result with mismatched target, evidence, order, or effects	attach a positive tracer and real Lean kernel gate for Obj::Union
P3_kernelize_mapped_route	object	Obj::Union	term	mapped_not_kernel_checked	Codex	required: smallest .lit source whose completed Result contains Obj::Union in its term role	reject a forged Obj::Union Result with mismatched target, evidence, order, or effects	attach a positive tracer and real Lean kernel gate for Obj::Union
P3_kernelize_mapped_route	object	Obj::Union	well_definedness	mapped_not_kernel_checked	Codex	required: smallest .lit source whose completed Result contains Obj::Union in its well_definedness role	reject a forged Obj::Union Result with mismatched target, evidence, order, or effects	attach a positive tracer and real Lean kernel gate for Obj::Union
P3_kernelize_mapped_route	object_atom	AtomObj::Bound		mapped_not_kernel_checked	Codex	required: smallest .lit source whose completed Result contains AtomObj::Bound	reject a forged AtomObj::Bound Result with mismatched target, evidence, order, or effects	attach a positive tracer and real Lean kernel gate for AtomObj::Bound
P3_kernelize_mapped_route	object_atom	AtomObj::Identifier		mapped_not_kernel_checked	Codex	required: smallest .lit source whose completed Result contains AtomObj::Identifier	reject a forged AtomObj::Identifier Result with mismatched target, evidence, order, or effects	attach a positive tracer and real Lean kernel gate for AtomObj::Identifier
P3_kernelize_mapped_route	statement	ByStmt::ByAxiomOfChoiceStmt		mapped_not_kernel_checked	Codex	required: smallest .lit source whose completed Result contains ByStmt::ByAxiomOfChoiceStmt	reject a forged ByStmt::ByAxiomOfChoiceStmt Result with mismatched target, evidence, order, or effects	attach a positive tracer and real Lean kernel gate for ByStmt::ByAxiomOfChoiceStmt
P3_kernelize_mapped_route	statement	ByStmt::ByCasesStmt		mapped_not_kernel_checked	Codex	required: smallest .lit source whose completed Result contains ByStmt::ByCasesStmt	reject a forged ByStmt::ByCasesStmt Result with mismatched target, evidence, order, or effects	attach a positive tracer and real Lean kernel gate for ByStmt::ByCasesStmt
P3_kernelize_mapped_route	statement	ByStmt::ByClosedRangeAsCasesStmt		mapped_not_kernel_checked	Codex	required: smallest .lit source whose completed Result contains ByStmt::ByClosedRangeAsCasesStmt	reject a forged ByStmt::ByClosedRangeAsCasesStmt Result with mismatched target, evidence, order, or effects	attach a positive tracer and real Lean kernel gate for ByStmt::ByClosedRangeAsCasesStmt
P3_kernelize_mapped_route	statement	ByStmt::ByContraStmt		mapped_not_kernel_checked	Codex	required: smallest .lit source whose completed Result contains ByStmt::ByContraStmt	reject a forged ByStmt::ByContraStmt Result with mismatched target, evidence, order, or effects	attach a positive tracer and real Lean kernel gate for ByStmt::ByContraStmt
P3_kernelize_mapped_route	statement	ByStmt::ByDefStmt		mapped_not_kernel_checked	Codex	required: smallest .lit source whose completed Result contains ByStmt::ByDefStmt	reject a forged ByStmt::ByDefStmt Result with mismatched target, evidence, order, or effects	attach a positive tracer and real Lean kernel gate for ByStmt::ByDefStmt
P3_kernelize_mapped_route	statement	ByStmt::ByEnumerateFiniteSetStmt		mapped_not_kernel_checked	Codex	required: smallest .lit source whose completed Result contains ByStmt::ByEnumerateFiniteSetStmt	reject a forged ByStmt::ByEnumerateFiniteSetStmt Result with mismatched target, evidence, order, or effects	attach a positive tracer and real Lean kernel gate for ByStmt::ByEnumerateFiniteSetStmt
P3_kernelize_mapped_route	statement	ByStmt::ByEnumerateRangeStmt		mapped_not_kernel_checked	Codex	required: smallest .lit source whose completed Result contains ByStmt::ByEnumerateRangeStmt	reject a forged ByStmt::ByEnumerateRangeStmt Result with mismatched target, evidence, order, or effects	attach a positive tracer and real Lean kernel gate for ByStmt::ByEnumerateRangeStmt
P3_kernelize_mapped_route	statement	ByStmt::ByExtensionStmt		mapped_not_kernel_checked	Codex	required: smallest .lit source whose completed Result contains ByStmt::ByExtensionStmt	reject a forged ByStmt::ByExtensionStmt Result with mismatched target, evidence, order, or effects	attach a positive tracer and real Lean kernel gate for ByStmt::ByExtensionStmt
P3_kernelize_mapped_route	statement	ByStmt::ByFiniteSetInducStmt		mapped_not_kernel_checked	Codex	required: smallest .lit source whose completed Result contains ByStmt::ByFiniteSetInducStmt	reject a forged ByStmt::ByFiniteSetInducStmt Result with mismatched target, evidence, order, or effects	attach a positive tracer and real Lean kernel gate for ByStmt::ByFiniteSetInducStmt
P3_kernelize_mapped_route	statement	ByStmt::ByForStmt		mapped_not_kernel_checked	Codex	required: smallest .lit source whose completed Result contains ByStmt::ByForStmt	reject a forged ByStmt::ByForStmt Result with mismatched target, evidence, order, or effects	attach a positive tracer and real Lean kernel gate for ByStmt::ByForStmt
P3_kernelize_mapped_route	statement	ByStmt::ByInducStmt		mapped_not_kernel_checked	Codex	required: smallest .lit source whose completed Result contains ByStmt::ByInducStmt	reject a forged ByStmt::ByInducStmt Result with mismatched target, evidence, order, or effects	attach a positive tracer and real Lean kernel gate for ByStmt::ByInducStmt
P3_kernelize_mapped_route	statement	ByStmt::ByReflexivePropStmt		mapped_not_kernel_checked	Codex	required: smallest .lit source whose completed Result contains ByStmt::ByReflexivePropStmt	reject a forged ByStmt::ByReflexivePropStmt Result with mismatched target, evidence, order, or effects	attach a positive tracer and real Lean kernel gate for ByStmt::ByReflexivePropStmt
P3_kernelize_mapped_route	statement	ByStmt::ByRegularityAxiomStmt		mapped_not_kernel_checked	Codex	required: smallest .lit source whose completed Result contains ByStmt::ByRegularityAxiomStmt	reject a forged ByStmt::ByRegularityAxiomStmt Result with mismatched target, evidence, order, or effects	attach a positive tracer and real Lean kernel gate for ByStmt::ByRegularityAxiomStmt
P3_kernelize_mapped_route	statement	ByStmt::ByStructDefStmt		mapped_not_kernel_checked	Codex	required: smallest .lit source whose completed Result contains ByStmt::ByStructDefStmt	reject a forged ByStmt::ByStructDefStmt Result with mismatched target, evidence, order, or effects	attach a positive tracer and real Lean kernel gate for ByStmt::ByStructDefStmt
P3_kernelize_mapped_route	statement	ByStmt::BySymmetricPropStmt		mapped_not_kernel_checked	Codex	required: smallest .lit source whose completed Result contains ByStmt::BySymmetricPropStmt	reject a forged ByStmt::BySymmetricPropStmt Result with mismatched target, evidence, order, or effects	attach a positive tracer and real Lean kernel gate for ByStmt::BySymmetricPropStmt
P3_kernelize_mapped_route	statement	ByStmt::ByThmStmt		mapped_not_kernel_checked	Codex	required: smallest .lit source whose completed Result contains ByStmt::ByThmStmt	reject a forged ByStmt::ByThmStmt Result with mismatched target, evidence, order, or effects	attach a positive tracer and real Lean kernel gate for ByStmt::ByThmStmt
P3_kernelize_mapped_route	statement	ByStmt::ByTransitivePropStmt		mapped_not_kernel_checked	Codex	required: smallest .lit source whose completed Result contains ByStmt::ByTransitivePropStmt	reject a forged ByStmt::ByTransitivePropStmt Result with mismatched target, evidence, order, or effects	attach a positive tracer and real Lean kernel gate for ByStmt::ByTransitivePropStmt
P3_kernelize_mapped_route	statement	ByStmt::ByZornLemmaStmt		mapped_not_kernel_checked	Codex	required: smallest .lit source whose completed Result contains ByStmt::ByZornLemmaStmt	reject a forged ByStmt::ByZornLemmaStmt Result with mismatched target, evidence, order, or effects	attach a positive tracer and real Lean kernel gate for ByStmt::ByZornLemmaStmt
P3_kernelize_mapped_route	statement	CommandStmt::EvalStmt		mapped_not_kernel_checked	Codex	required: smallest .lit source whose completed Result contains CommandStmt::EvalStmt	reject a forged CommandStmt::EvalStmt Result with mismatched target, evidence, order, or effects	attach a positive tracer and real Lean kernel gate for CommandStmt::EvalStmt
P3_kernelize_mapped_route	statement	DefinitionStmt::AxiomStmt		mapped_not_kernel_checked	Codex	required: smallest .lit source whose completed Result contains DefinitionStmt::AxiomStmt	reject a forged DefinitionStmt::AxiomStmt Result with mismatched target, evidence, order, or effects	attach a positive tracer and real Lean kernel gate for DefinitionStmt::AxiomStmt
P3_kernelize_mapped_route	statement	DefinitionStmt::DefAbstractPropStmt		mapped_not_kernel_checked	Codex	required: smallest .lit source whose completed Result contains DefinitionStmt::DefAbstractPropStmt	reject a forged DefinitionStmt::DefAbstractPropStmt Result with mismatched target, evidence, order, or effects	attach a positive tracer and real Lean kernel gate for DefinitionStmt::DefAbstractPropStmt
P3_kernelize_mapped_route	statement	DefinitionStmt::DefAlgoStmt		mapped_not_kernel_checked	Codex	required: smallest .lit source whose completed Result contains DefinitionStmt::DefAlgoStmt	reject a forged DefinitionStmt::DefAlgoStmt Result with mismatched target, evidence, order, or effects	attach a positive tracer and real Lean kernel gate for DefinitionStmt::DefAlgoStmt
P3_kernelize_mapped_route	statement	DefinitionStmt::DefPropStmt		mapped_not_kernel_checked	Codex	required: smallest .lit source whose completed Result contains DefinitionStmt::DefPropStmt	reject a forged DefinitionStmt::DefPropStmt Result with mismatched target, evidence, order, or effects	attach a positive tracer and real Lean kernel gate for DefinitionStmt::DefPropStmt
P3_kernelize_mapped_route	statement	DefinitionStmt::DefSettingStmt		mapped_not_kernel_checked	Codex	required: smallest .lit source whose completed Result contains DefinitionStmt::DefSettingStmt	reject a forged DefinitionStmt::DefSettingStmt Result with mismatched target, evidence, order, or effects	attach a positive tracer and real Lean kernel gate for DefinitionStmt::DefSettingStmt
P3_kernelize_mapped_route	statement	DefinitionStmt::DefStrategyStmt		mapped_not_kernel_checked	Codex	required: smallest .lit source whose completed Result contains DefinitionStmt::DefStrategyStmt	reject a forged DefinitionStmt::DefStrategyStmt Result with mismatched target, evidence, order, or effects	attach a positive tracer and real Lean kernel gate for DefinitionStmt::DefStrategyStmt
P3_kernelize_mapped_route	statement	DefinitionStmt::DefStructStmt		mapped_not_kernel_checked	Codex	required: smallest .lit source whose completed Result contains DefinitionStmt::DefStructStmt	reject a forged DefinitionStmt::DefStructStmt Result with mismatched target, evidence, order, or effects	attach a positive tracer and real Lean kernel gate for DefinitionStmt::DefStructStmt
P3_kernelize_mapped_route	statement	DefinitionStmt::DefTemplateStmt		mapped_not_kernel_checked	Codex	required: smallest .lit source whose completed Result contains DefinitionStmt::DefTemplateStmt	reject a forged DefinitionStmt::DefTemplateStmt Result with mismatched target, evidence, order, or effects	attach a positive tracer and real Lean kernel gate for DefinitionStmt::DefTemplateStmt
P3_kernelize_mapped_route	statement	DefinitionStmt::DefThmStmt		mapped_not_kernel_checked	Codex	required: smallest .lit source whose completed Result contains DefinitionStmt::DefThmStmt	reject a forged DefinitionStmt::DefThmStmt Result with mismatched target, evidence, order, or effects	attach a positive tracer and real Lean kernel gate for DefinitionStmt::DefThmStmt
P3_kernelize_mapped_route	statement	DefinitionStmt::HaveByPreimageStmt		mapped_not_kernel_checked	Codex	required: smallest .lit source whose completed Result contains DefinitionStmt::HaveByPreimageStmt	reject a forged DefinitionStmt::HaveByPreimageStmt Result with mismatched target, evidence, order, or effects	attach a positive tracer and real Lean kernel gate for DefinitionStmt::HaveByPreimageStmt
P3_kernelize_mapped_route	statement	DefinitionStmt::HaveCartStmt		mapped_not_kernel_checked	Codex	required: smallest .lit source whose completed Result contains DefinitionStmt::HaveCartStmt	reject a forged DefinitionStmt::HaveCartStmt Result with mismatched target, evidence, order, or effects	attach a positive tracer and real Lean kernel gate for DefinitionStmt::HaveCartStmt
P3_kernelize_mapped_route	statement	DefinitionStmt::HaveFiniteSeqStmt		mapped_not_kernel_checked	Codex	required: smallest .lit source whose completed Result contains DefinitionStmt::HaveFiniteSeqStmt	reject a forged DefinitionStmt::HaveFiniteSeqStmt Result with mismatched target, evidence, order, or effects	attach a positive tracer and real Lean kernel gate for DefinitionStmt::HaveFiniteSeqStmt
P3_kernelize_mapped_route	statement	DefinitionStmt::HaveFnByForallExistUniqueStmt		mapped_not_kernel_checked	Codex	required: smallest .lit source whose completed Result contains DefinitionStmt::HaveFnByForallExistUniqueStmt	reject a forged DefinitionStmt::HaveFnByForallExistUniqueStmt Result with mismatched target, evidence, order, or effects	attach a positive tracer and real Lean kernel gate for DefinitionStmt::HaveFnByForallExistUniqueStmt
P3_kernelize_mapped_route	statement	DefinitionStmt::HaveFnByInducStmt		mapped_not_kernel_checked	Codex	required: smallest .lit source whose completed Result contains DefinitionStmt::HaveFnByInducStmt	reject a forged DefinitionStmt::HaveFnByInducStmt Result with mismatched target, evidence, order, or effects	attach a positive tracer and real Lean kernel gate for DefinitionStmt::HaveFnByInducStmt
P3_kernelize_mapped_route	statement	DefinitionStmt::HaveFnEqualCaseByCaseStmt		mapped_not_kernel_checked	Codex	required: smallest .lit source whose completed Result contains DefinitionStmt::HaveFnEqualCaseByCaseStmt	reject a forged DefinitionStmt::HaveFnEqualCaseByCaseStmt Result with mismatched target, evidence, order, or effects	attach a positive tracer and real Lean kernel gate for DefinitionStmt::HaveFnEqualCaseByCaseStmt
P3_kernelize_mapped_route	statement	DefinitionStmt::HaveFnEqualStmt		mapped_not_kernel_checked	Codex	required: smallest .lit source whose completed Result contains DefinitionStmt::HaveFnEqualStmt	reject a forged DefinitionStmt::HaveFnEqualStmt Result with mismatched target, evidence, order, or effects	attach a positive tracer and real Lean kernel gate for DefinitionStmt::HaveFnEqualStmt
P3_kernelize_mapped_route	statement	DefinitionStmt::HaveMatrixStmt		mapped_not_kernel_checked	Codex	required: smallest .lit source whose completed Result contains DefinitionStmt::HaveMatrixStmt	reject a forged DefinitionStmt::HaveMatrixStmt Result with mismatched target, evidence, order, or effects	attach a positive tracer and real Lean kernel gate for DefinitionStmt::HaveMatrixStmt
P3_kernelize_mapped_route	statement	DefinitionStmt::HaveObjByExistFactsStmt		mapped_not_kernel_checked	Codex	required: smallest .lit source whose completed Result contains DefinitionStmt::HaveObjByExistFactsStmt	reject a forged DefinitionStmt::HaveObjByExistFactsStmt Result with mismatched target, evidence, order, or effects	attach a positive tracer and real Lean kernel gate for DefinitionStmt::HaveObjByExistFactsStmt
P3_kernelize_mapped_route	statement	DefinitionStmt::HaveObjEqualStmt		mapped_not_kernel_checked	Codex	required: smallest .lit source whose completed Result contains DefinitionStmt::HaveObjEqualStmt	reject a forged DefinitionStmt::HaveObjEqualStmt Result with mismatched target, evidence, order, or effects	attach a positive tracer and real Lean kernel gate for DefinitionStmt::HaveObjEqualStmt
P3_kernelize_mapped_route	statement	DefinitionStmt::HaveObjInNonemptySetStmt		mapped_not_kernel_checked	Codex	required: smallest .lit source whose completed Result contains DefinitionStmt::HaveObjInNonemptySetStmt	reject a forged DefinitionStmt::HaveObjInNonemptySetStmt Result with mismatched target, evidence, order, or effects	attach a positive tracer and real Lean kernel gate for DefinitionStmt::HaveObjInNonemptySetStmt
P3_kernelize_mapped_route	statement	DefinitionStmt::HaveSeqStmt		mapped_not_kernel_checked	Codex	required: smallest .lit source whose completed Result contains DefinitionStmt::HaveSeqStmt	reject a forged DefinitionStmt::HaveSeqStmt Result with mismatched target, evidence, order, or effects	attach a positive tracer and real Lean kernel gate for DefinitionStmt::HaveSeqStmt
P3_kernelize_mapped_route	statement	DefinitionStmt::HaveTupleStmt		mapped_not_kernel_checked	Codex	required: smallest .lit source whose completed Result contains DefinitionStmt::HaveTupleStmt	reject a forged DefinitionStmt::HaveTupleStmt Result with mismatched target, evidence, order, or effects	attach a positive tracer and real Lean kernel gate for DefinitionStmt::HaveTupleStmt
P3_kernelize_mapped_route	statement	DefinitionStmt::LetObjStmt		mapped_not_kernel_checked	Codex	required: smallest .lit source whose completed Result contains DefinitionStmt::LetObjStmt	reject a forged DefinitionStmt::LetObjStmt Result with mismatched target, evidence, order, or effects	attach a positive tracer and real Lean kernel gate for DefinitionStmt::LetObjStmt
P3_kernelize_mapped_route	statement	DefinitionStmt::ObtainObjFromAtomicFact		mapped_not_kernel_checked	Codex	required: smallest .lit source whose completed Result contains DefinitionStmt::ObtainObjFromAtomicFact	reject a forged DefinitionStmt::ObtainObjFromAtomicFact Result with mismatched target, evidence, order, or effects	attach a positive tracer and real Lean kernel gate for DefinitionStmt::ObtainObjFromAtomicFact
P3_kernelize_mapped_route	statement	DefinitionStmt::ObtainObjFromExistFact		mapped_not_kernel_checked	Codex	required: smallest .lit source whose completed Result contains DefinitionStmt::ObtainObjFromExistFact	reject a forged DefinitionStmt::ObtainObjFromExistFact Result with mismatched target, evidence, order, or effects	attach a positive tracer and real Lean kernel gate for DefinitionStmt::ObtainObjFromExistFact
P3_kernelize_mapped_route	statement	DefinitionStmt::ObtainObjFromThm		mapped_not_kernel_checked	Codex	required: smallest .lit source whose completed Result contains DefinitionStmt::ObtainObjFromThm	reject a forged DefinitionStmt::ObtainObjFromThm Result with mismatched target, evidence, order, or effects	attach a positive tracer and real Lean kernel gate for DefinitionStmt::ObtainObjFromThm
P3_kernelize_mapped_route	statement	ProofBlockStmt::ClaimStmt		mapped_not_kernel_checked	Codex	required: smallest .lit source whose completed Result contains ProofBlockStmt::ClaimStmt	reject a forged ProofBlockStmt::ClaimStmt Result with mismatched target, evidence, order, or effects	attach a positive tracer and real Lean kernel gate for ProofBlockStmt::ClaimStmt
P3_kernelize_mapped_route	statement	ProofBlockStmt::ExampleStmt		mapped_not_kernel_checked	Codex	required: smallest .lit source whose completed Result contains ProofBlockStmt::ExampleStmt	reject a forged ProofBlockStmt::ExampleStmt Result with mismatched target, evidence, order, or effects	attach a positive tracer and real Lean kernel gate for ProofBlockStmt::ExampleStmt
P3_kernelize_mapped_route	statement	ProofBlockStmt::SketchStmt		mapped_not_kernel_checked	Codex	required: smallest .lit source whose completed Result contains ProofBlockStmt::SketchStmt	reject a forged ProofBlockStmt::SketchStmt Result with mismatched target, evidence, order, or effects	attach a positive tracer and real Lean kernel gate for ProofBlockStmt::SketchStmt
P3_kernelize_mapped_route	statement	ProofBlockStmt::TryStmt		mapped_not_kernel_checked	Codex	required: smallest .lit source whose completed Result contains ProofBlockStmt::TryStmt	reject a forged ProofBlockStmt::TryStmt Result with mismatched target, evidence, order, or effects	attach a positive tracer and real Lean kernel gate for ProofBlockStmt::TryStmt
P3_kernelize_mapped_route	statement	Stmt::By		mapped_not_kernel_checked	Codex	required: smallest .lit source whose completed Result contains Stmt::By	reject a forged Stmt::By Result with mismatched target, evidence, order, or effects	attach a positive tracer and real Lean kernel gate for Stmt::By
P3_kernelize_mapped_route	statement	Stmt::Command		mapped_not_kernel_checked	Codex	required: smallest .lit source whose completed Result contains Stmt::Command	reject a forged Stmt::Command Result with mismatched target, evidence, order, or effects	attach a positive tracer and real Lean kernel gate for Stmt::Command
P3_kernelize_mapped_route	statement	Stmt::Definition		mapped_not_kernel_checked	Codex	required: smallest .lit source whose completed Result contains Stmt::Definition	reject a forged Stmt::Definition Result with mismatched target, evidence, order, or effects	attach a positive tracer and real Lean kernel gate for Stmt::Definition
P3_kernelize_mapped_route	statement	Stmt::Fact		mapped_not_kernel_checked	Codex	required: smallest .lit source whose completed Result contains Stmt::Fact	reject a forged Stmt::Fact Result with mismatched target, evidence, order, or effects	attach a positive tracer and real Lean kernel gate for Stmt::Fact
P3_kernelize_mapped_route	statement	Stmt::ProofBlock		mapped_not_kernel_checked	Codex	required: smallest .lit source whose completed Result contains Stmt::ProofBlock	reject a forged Stmt::ProofBlock Result with mismatched target, evidence, order, or effects	attach a positive tracer and real Lean kernel gate for Stmt::ProofBlock
P3_kernelize_mapped_route	statement	Stmt::ReleaseThmStmt		mapped_not_kernel_checked	Codex	required: smallest .lit source whose completed Result contains Stmt::ReleaseThmStmt	reject a forged Stmt::ReleaseThmStmt Result with mismatched target, evidence, order, or effects	attach a positive tracer and real Lean kernel gate for Stmt::ReleaseThmStmt
P3_kernelize_mapped_route	statement	Stmt::UnsafeStmt		mapped_not_kernel_checked	Codex	required: smallest .lit source whose completed Result contains Stmt::UnsafeStmt	reject a forged Stmt::UnsafeStmt Result with mismatched target, evidence, order, or effects	attach a positive tracer and real Lean kernel gate for Stmt::UnsafeStmt
P3_kernelize_mapped_route	statement	Stmt::Witness		mapped_not_kernel_checked	Codex	required: smallest .lit source whose completed Result contains Stmt::Witness	reject a forged Stmt::Witness Result with mismatched target, evidence, order, or effects	attach a positive tracer and real Lean kernel gate for Stmt::Witness
P3_kernelize_mapped_route	statement	UnsafeStmt::TrustHaveStmt		mapped_not_kernel_checked	Codex	required: smallest .lit source whose completed Result contains UnsafeStmt::TrustHaveStmt	reject a forged UnsafeStmt::TrustHaveStmt Result with mismatched target, evidence, order, or effects	attach a positive tracer and real Lean kernel gate for UnsafeStmt::TrustHaveStmt
P3_kernelize_mapped_route	statement	UnsafeStmt::TrustStmt		mapped_not_kernel_checked	Codex	required: smallest .lit source whose completed Result contains UnsafeStmt::TrustStmt	reject a forged UnsafeStmt::TrustStmt Result with mismatched target, evidence, order, or effects	attach a positive tracer and real Lean kernel gate for UnsafeStmt::TrustStmt
P3_kernelize_mapped_route	statement	WitnessStmt::WitnessAtomicFact		mapped_not_kernel_checked	Codex	required: smallest .lit source whose completed Result contains WitnessStmt::WitnessAtomicFact	reject a forged WitnessStmt::WitnessAtomicFact Result with mismatched target, evidence, order, or effects	attach a positive tracer and real Lean kernel gate for WitnessStmt::WitnessAtomicFact
P3_kernelize_mapped_route	statement	WitnessStmt::WitnessExistFact		mapped_not_kernel_checked	Codex	required: smallest .lit source whose completed Result contains WitnessStmt::WitnessExistFact	reject a forged WitnessStmt::WitnessExistFact Result with mismatched target, evidence, order, or effects	attach a positive tracer and real Lean kernel gate for WitnessStmt::WitnessExistFact
P3_kernelize_mapped_route	statement	WitnessStmt::WitnessNonemptySet		mapped_not_kernel_checked	Codex	required: smallest .lit source whose completed Result contains WitnessStmt::WitnessNonemptySet	reject a forged WitnessStmt::WitnessNonemptySet Result with mismatched target, evidence, order, or effects	attach a positive tracer and real Lean kernel gate for WitnessStmt::WitnessNonemptySet
P3_kernelize_mapped_route	statement_result	SuccessByStmtResult::ByAxiomOfChoiceStmt		mapped_not_kernel_checked	Codex	required: smallest .lit source whose completed Result contains SuccessByStmtResult::ByAxiomOfChoiceStmt	reject a forged SuccessByStmtResult::ByAxiomOfChoiceStmt Result with mismatched target, evidence, order, or effects	attach a positive tracer and real Lean kernel gate for SuccessByStmtResult::ByAxiomOfChoiceStmt
P3_kernelize_mapped_route	statement_result	SuccessByStmtResult::ByCasesStmt		mapped_not_kernel_checked	Codex	required: smallest .lit source whose completed Result contains SuccessByStmtResult::ByCasesStmt	reject a forged SuccessByStmtResult::ByCasesStmt Result with mismatched target, evidence, order, or effects	attach a positive tracer and real Lean kernel gate for SuccessByStmtResult::ByCasesStmt
P3_kernelize_mapped_route	statement_result	SuccessByStmtResult::ByClosedRangeAsCasesStmt		mapped_not_kernel_checked	Codex	required: smallest .lit source whose completed Result contains SuccessByStmtResult::ByClosedRangeAsCasesStmt	reject a forged SuccessByStmtResult::ByClosedRangeAsCasesStmt Result with mismatched target, evidence, order, or effects	attach a positive tracer and real Lean kernel gate for SuccessByStmtResult::ByClosedRangeAsCasesStmt
P3_kernelize_mapped_route	statement_result	SuccessByStmtResult::ByContraStmt		mapped_not_kernel_checked	Codex	required: smallest .lit source whose completed Result contains SuccessByStmtResult::ByContraStmt	reject a forged SuccessByStmtResult::ByContraStmt Result with mismatched target, evidence, order, or effects	attach a positive tracer and real Lean kernel gate for SuccessByStmtResult::ByContraStmt
P3_kernelize_mapped_route	statement_result	SuccessByStmtResult::ByDefStmt		mapped_not_kernel_checked	Codex	required: smallest .lit source whose completed Result contains SuccessByStmtResult::ByDefStmt	reject a forged SuccessByStmtResult::ByDefStmt Result with mismatched target, evidence, order, or effects	attach a positive tracer and real Lean kernel gate for SuccessByStmtResult::ByDefStmt
P3_kernelize_mapped_route	statement_result	SuccessByStmtResult::ByEnumerateFiniteSetStmt		mapped_not_kernel_checked	Codex	required: smallest .lit source whose completed Result contains SuccessByStmtResult::ByEnumerateFiniteSetStmt	reject a forged SuccessByStmtResult::ByEnumerateFiniteSetStmt Result with mismatched target, evidence, order, or effects	attach a positive tracer and real Lean kernel gate for SuccessByStmtResult::ByEnumerateFiniteSetStmt
P3_kernelize_mapped_route	statement_result	SuccessByStmtResult::ByEnumerateRangeStmt		mapped_not_kernel_checked	Codex	required: smallest .lit source whose completed Result contains SuccessByStmtResult::ByEnumerateRangeStmt	reject a forged SuccessByStmtResult::ByEnumerateRangeStmt Result with mismatched target, evidence, order, or effects	attach a positive tracer and real Lean kernel gate for SuccessByStmtResult::ByEnumerateRangeStmt
P3_kernelize_mapped_route	statement_result	SuccessByStmtResult::ByExtensionStmt		mapped_not_kernel_checked	Codex	required: smallest .lit source whose completed Result contains SuccessByStmtResult::ByExtensionStmt	reject a forged SuccessByStmtResult::ByExtensionStmt Result with mismatched target, evidence, order, or effects	attach a positive tracer and real Lean kernel gate for SuccessByStmtResult::ByExtensionStmt
P3_kernelize_mapped_route	statement_result	SuccessByStmtResult::ByFiniteSetInducStmt		mapped_not_kernel_checked	Codex	required: smallest .lit source whose completed Result contains SuccessByStmtResult::ByFiniteSetInducStmt	reject a forged SuccessByStmtResult::ByFiniteSetInducStmt Result with mismatched target, evidence, order, or effects	attach a positive tracer and real Lean kernel gate for SuccessByStmtResult::ByFiniteSetInducStmt
P3_kernelize_mapped_route	statement_result	SuccessByStmtResult::ByForStmt		mapped_not_kernel_checked	Codex	required: smallest .lit source whose completed Result contains SuccessByStmtResult::ByForStmt	reject a forged SuccessByStmtResult::ByForStmt Result with mismatched target, evidence, order, or effects	attach a positive tracer and real Lean kernel gate for SuccessByStmtResult::ByForStmt
P3_kernelize_mapped_route	statement_result	SuccessByStmtResult::ByInducStmt		mapped_not_kernel_checked	Codex	required: smallest .lit source whose completed Result contains SuccessByStmtResult::ByInducStmt	reject a forged SuccessByStmtResult::ByInducStmt Result with mismatched target, evidence, order, or effects	attach a positive tracer and real Lean kernel gate for SuccessByStmtResult::ByInducStmt
P3_kernelize_mapped_route	statement_result	SuccessByStmtResult::ByReflexivePropStmt		mapped_not_kernel_checked	Codex	required: smallest .lit source whose completed Result contains SuccessByStmtResult::ByReflexivePropStmt	reject a forged SuccessByStmtResult::ByReflexivePropStmt Result with mismatched target, evidence, order, or effects	attach a positive tracer and real Lean kernel gate for SuccessByStmtResult::ByReflexivePropStmt
P3_kernelize_mapped_route	statement_result	SuccessByStmtResult::ByRegularityAxiomStmt		mapped_not_kernel_checked	Codex	required: smallest .lit source whose completed Result contains SuccessByStmtResult::ByRegularityAxiomStmt	reject a forged SuccessByStmtResult::ByRegularityAxiomStmt Result with mismatched target, evidence, order, or effects	attach a positive tracer and real Lean kernel gate for SuccessByStmtResult::ByRegularityAxiomStmt
P3_kernelize_mapped_route	statement_result	SuccessByStmtResult::ByStructDefStmt		mapped_not_kernel_checked	Codex	required: smallest .lit source whose completed Result contains SuccessByStmtResult::ByStructDefStmt	reject a forged SuccessByStmtResult::ByStructDefStmt Result with mismatched target, evidence, order, or effects	attach a positive tracer and real Lean kernel gate for SuccessByStmtResult::ByStructDefStmt
P3_kernelize_mapped_route	statement_result	SuccessByStmtResult::BySymmetricPropStmt		mapped_not_kernel_checked	Codex	required: smallest .lit source whose completed Result contains SuccessByStmtResult::BySymmetricPropStmt	reject a forged SuccessByStmtResult::BySymmetricPropStmt Result with mismatched target, evidence, order, or effects	attach a positive tracer and real Lean kernel gate for SuccessByStmtResult::BySymmetricPropStmt
P3_kernelize_mapped_route	statement_result	SuccessByStmtResult::ByThmStmt		mapped_not_kernel_checked	Codex	required: smallest .lit source whose completed Result contains SuccessByStmtResult::ByThmStmt	reject a forged SuccessByStmtResult::ByThmStmt Result with mismatched target, evidence, order, or effects	attach a positive tracer and real Lean kernel gate for SuccessByStmtResult::ByThmStmt
P3_kernelize_mapped_route	statement_result	SuccessByStmtResult::ByTransitivePropStmt		mapped_not_kernel_checked	Codex	required: smallest .lit source whose completed Result contains SuccessByStmtResult::ByTransitivePropStmt	reject a forged SuccessByStmtResult::ByTransitivePropStmt Result with mismatched target, evidence, order, or effects	attach a positive tracer and real Lean kernel gate for SuccessByStmtResult::ByTransitivePropStmt
P3_kernelize_mapped_route	statement_result	SuccessByStmtResult::ByZornLemmaStmt		mapped_not_kernel_checked	Codex	required: smallest .lit source whose completed Result contains SuccessByStmtResult::ByZornLemmaStmt	reject a forged SuccessByStmtResult::ByZornLemmaStmt Result with mismatched target, evidence, order, or effects	attach a positive tracer and real Lean kernel gate for SuccessByStmtResult::ByZornLemmaStmt
P3_kernelize_mapped_route	statement_result	SuccessCommandStmtResult::EvalStmt		mapped_not_kernel_checked	Codex	required: smallest .lit source whose completed Result contains SuccessCommandStmtResult::EvalStmt	reject a forged SuccessCommandStmtResult::EvalStmt Result with mismatched target, evidence, order, or effects	attach a positive tracer and real Lean kernel gate for SuccessCommandStmtResult::EvalStmt
P3_kernelize_mapped_route	statement_result	SuccessDefinitionStmtResult::AxiomStmt		mapped_not_kernel_checked	Codex	required: smallest .lit source whose completed Result contains SuccessDefinitionStmtResult::AxiomStmt	reject a forged SuccessDefinitionStmtResult::AxiomStmt Result with mismatched target, evidence, order, or effects	attach a positive tracer and real Lean kernel gate for SuccessDefinitionStmtResult::AxiomStmt
P3_kernelize_mapped_route	statement_result	SuccessDefinitionStmtResult::DefAbstractPropStmt		mapped_not_kernel_checked	Codex	required: smallest .lit source whose completed Result contains SuccessDefinitionStmtResult::DefAbstractPropStmt	reject a forged SuccessDefinitionStmtResult::DefAbstractPropStmt Result with mismatched target, evidence, order, or effects	attach a positive tracer and real Lean kernel gate for SuccessDefinitionStmtResult::DefAbstractPropStmt
P3_kernelize_mapped_route	statement_result	SuccessDefinitionStmtResult::DefAlgoStmt		mapped_not_kernel_checked	Codex	required: smallest .lit source whose completed Result contains SuccessDefinitionStmtResult::DefAlgoStmt	reject a forged SuccessDefinitionStmtResult::DefAlgoStmt Result with mismatched target, evidence, order, or effects	attach a positive tracer and real Lean kernel gate for SuccessDefinitionStmtResult::DefAlgoStmt
P3_kernelize_mapped_route	statement_result	SuccessDefinitionStmtResult::DefPropStmt		mapped_not_kernel_checked	Codex	required: smallest .lit source whose completed Result contains SuccessDefinitionStmtResult::DefPropStmt	reject a forged SuccessDefinitionStmtResult::DefPropStmt Result with mismatched target, evidence, order, or effects	attach a positive tracer and real Lean kernel gate for SuccessDefinitionStmtResult::DefPropStmt
P3_kernelize_mapped_route	statement_result	SuccessDefinitionStmtResult::DefSettingStmt		mapped_not_kernel_checked	Codex	required: smallest .lit source whose completed Result contains SuccessDefinitionStmtResult::DefSettingStmt	reject a forged SuccessDefinitionStmtResult::DefSettingStmt Result with mismatched target, evidence, order, or effects	attach a positive tracer and real Lean kernel gate for SuccessDefinitionStmtResult::DefSettingStmt
P3_kernelize_mapped_route	statement_result	SuccessDefinitionStmtResult::DefStrategyStmt		mapped_not_kernel_checked	Codex	required: smallest .lit source whose completed Result contains SuccessDefinitionStmtResult::DefStrategyStmt	reject a forged SuccessDefinitionStmtResult::DefStrategyStmt Result with mismatched target, evidence, order, or effects	attach a positive tracer and real Lean kernel gate for SuccessDefinitionStmtResult::DefStrategyStmt
P3_kernelize_mapped_route	statement_result	SuccessDefinitionStmtResult::DefStructStmt		mapped_not_kernel_checked	Codex	required: smallest .lit source whose completed Result contains SuccessDefinitionStmtResult::DefStructStmt	reject a forged SuccessDefinitionStmtResult::DefStructStmt Result with mismatched target, evidence, order, or effects	attach a positive tracer and real Lean kernel gate for SuccessDefinitionStmtResult::DefStructStmt
P3_kernelize_mapped_route	statement_result	SuccessDefinitionStmtResult::DefTemplateStmt		mapped_not_kernel_checked	Codex	required: smallest .lit source whose completed Result contains SuccessDefinitionStmtResult::DefTemplateStmt	reject a forged SuccessDefinitionStmtResult::DefTemplateStmt Result with mismatched target, evidence, order, or effects	attach a positive tracer and real Lean kernel gate for SuccessDefinitionStmtResult::DefTemplateStmt
P3_kernelize_mapped_route	statement_result	SuccessDefinitionStmtResult::DefThmStmt		mapped_not_kernel_checked	Codex	required: smallest .lit source whose completed Result contains SuccessDefinitionStmtResult::DefThmStmt	reject a forged SuccessDefinitionStmtResult::DefThmStmt Result with mismatched target, evidence, order, or effects	attach a positive tracer and real Lean kernel gate for SuccessDefinitionStmtResult::DefThmStmt
P3_kernelize_mapped_route	statement_result	SuccessDefinitionStmtResult::HaveByPreimageStmt		mapped_not_kernel_checked	Codex	required: smallest .lit source whose completed Result contains SuccessDefinitionStmtResult::HaveByPreimageStmt	reject a forged SuccessDefinitionStmtResult::HaveByPreimageStmt Result with mismatched target, evidence, order, or effects	attach a positive tracer and real Lean kernel gate for SuccessDefinitionStmtResult::HaveByPreimageStmt
P3_kernelize_mapped_route	statement_result	SuccessDefinitionStmtResult::HaveCartStmt		mapped_not_kernel_checked	Codex	required: smallest .lit source whose completed Result contains SuccessDefinitionStmtResult::HaveCartStmt	reject a forged SuccessDefinitionStmtResult::HaveCartStmt Result with mismatched target, evidence, order, or effects	attach a positive tracer and real Lean kernel gate for SuccessDefinitionStmtResult::HaveCartStmt
P3_kernelize_mapped_route	statement_result	SuccessDefinitionStmtResult::HaveFiniteSeqStmt		mapped_not_kernel_checked	Codex	required: smallest .lit source whose completed Result contains SuccessDefinitionStmtResult::HaveFiniteSeqStmt	reject a forged SuccessDefinitionStmtResult::HaveFiniteSeqStmt Result with mismatched target, evidence, order, or effects	attach a positive tracer and real Lean kernel gate for SuccessDefinitionStmtResult::HaveFiniteSeqStmt
P3_kernelize_mapped_route	statement_result	SuccessDefinitionStmtResult::HaveFnByForallExistUniqueStmt		mapped_not_kernel_checked	Codex	required: smallest .lit source whose completed Result contains SuccessDefinitionStmtResult::HaveFnByForallExistUniqueStmt	reject a forged SuccessDefinitionStmtResult::HaveFnByForallExistUniqueStmt Result with mismatched target, evidence, order, or effects	attach a positive tracer and real Lean kernel gate for SuccessDefinitionStmtResult::HaveFnByForallExistUniqueStmt
P3_kernelize_mapped_route	statement_result	SuccessDefinitionStmtResult::HaveFnByInducStmt		mapped_not_kernel_checked	Codex	required: smallest .lit source whose completed Result contains SuccessDefinitionStmtResult::HaveFnByInducStmt	reject a forged SuccessDefinitionStmtResult::HaveFnByInducStmt Result with mismatched target, evidence, order, or effects	attach a positive tracer and real Lean kernel gate for SuccessDefinitionStmtResult::HaveFnByInducStmt
P3_kernelize_mapped_route	statement_result	SuccessDefinitionStmtResult::HaveFnEqualCaseByCaseStmt		mapped_not_kernel_checked	Codex	required: smallest .lit source whose completed Result contains SuccessDefinitionStmtResult::HaveFnEqualCaseByCaseStmt	reject a forged SuccessDefinitionStmtResult::HaveFnEqualCaseByCaseStmt Result with mismatched target, evidence, order, or effects	attach a positive tracer and real Lean kernel gate for SuccessDefinitionStmtResult::HaveFnEqualCaseByCaseStmt
P3_kernelize_mapped_route	statement_result	SuccessDefinitionStmtResult::HaveFnEqualStmt		mapped_not_kernel_checked	Codex	required: smallest .lit source whose completed Result contains SuccessDefinitionStmtResult::HaveFnEqualStmt	reject a forged SuccessDefinitionStmtResult::HaveFnEqualStmt Result with mismatched target, evidence, order, or effects	attach a positive tracer and real Lean kernel gate for SuccessDefinitionStmtResult::HaveFnEqualStmt
P3_kernelize_mapped_route	statement_result	SuccessDefinitionStmtResult::HaveMatrixStmt		mapped_not_kernel_checked	Codex	required: smallest .lit source whose completed Result contains SuccessDefinitionStmtResult::HaveMatrixStmt	reject a forged SuccessDefinitionStmtResult::HaveMatrixStmt Result with mismatched target, evidence, order, or effects	attach a positive tracer and real Lean kernel gate for SuccessDefinitionStmtResult::HaveMatrixStmt
P3_kernelize_mapped_route	statement_result	SuccessDefinitionStmtResult::HaveObjByExistFactsStmt		mapped_not_kernel_checked	Codex	required: smallest .lit source whose completed Result contains SuccessDefinitionStmtResult::HaveObjByExistFactsStmt	reject a forged SuccessDefinitionStmtResult::HaveObjByExistFactsStmt Result with mismatched target, evidence, order, or effects	attach a positive tracer and real Lean kernel gate for SuccessDefinitionStmtResult::HaveObjByExistFactsStmt
P3_kernelize_mapped_route	statement_result	SuccessDefinitionStmtResult::HaveObjEqualStmt		mapped_not_kernel_checked	Codex	required: smallest .lit source whose completed Result contains SuccessDefinitionStmtResult::HaveObjEqualStmt	reject a forged SuccessDefinitionStmtResult::HaveObjEqualStmt Result with mismatched target, evidence, order, or effects	attach a positive tracer and real Lean kernel gate for SuccessDefinitionStmtResult::HaveObjEqualStmt
P3_kernelize_mapped_route	statement_result	SuccessDefinitionStmtResult::HaveObjInNonemptySetStmt		mapped_not_kernel_checked	Codex	required: smallest .lit source whose completed Result contains SuccessDefinitionStmtResult::HaveObjInNonemptySetStmt	reject a forged SuccessDefinitionStmtResult::HaveObjInNonemptySetStmt Result with mismatched target, evidence, order, or effects	attach a positive tracer and real Lean kernel gate for SuccessDefinitionStmtResult::HaveObjInNonemptySetStmt
P3_kernelize_mapped_route	statement_result	SuccessDefinitionStmtResult::HaveSeqStmt		mapped_not_kernel_checked	Codex	required: smallest .lit source whose completed Result contains SuccessDefinitionStmtResult::HaveSeqStmt	reject a forged SuccessDefinitionStmtResult::HaveSeqStmt Result with mismatched target, evidence, order, or effects	attach a positive tracer and real Lean kernel gate for SuccessDefinitionStmtResult::HaveSeqStmt
P3_kernelize_mapped_route	statement_result	SuccessDefinitionStmtResult::HaveTupleStmt		mapped_not_kernel_checked	Codex	required: smallest .lit source whose completed Result contains SuccessDefinitionStmtResult::HaveTupleStmt	reject a forged SuccessDefinitionStmtResult::HaveTupleStmt Result with mismatched target, evidence, order, or effects	attach a positive tracer and real Lean kernel gate for SuccessDefinitionStmtResult::HaveTupleStmt
P3_kernelize_mapped_route	statement_result	SuccessDefinitionStmtResult::LetObjStmt		mapped_not_kernel_checked	Codex	required: smallest .lit source whose completed Result contains SuccessDefinitionStmtResult::LetObjStmt	reject a forged SuccessDefinitionStmtResult::LetObjStmt Result with mismatched target, evidence, order, or effects	attach a positive tracer and real Lean kernel gate for SuccessDefinitionStmtResult::LetObjStmt
P3_kernelize_mapped_route	statement_result	SuccessDefinitionStmtResult::ObtainObjFromAtomicFact		mapped_not_kernel_checked	Codex	required: smallest .lit source whose completed Result contains SuccessDefinitionStmtResult::ObtainObjFromAtomicFact	reject a forged SuccessDefinitionStmtResult::ObtainObjFromAtomicFact Result with mismatched target, evidence, order, or effects	attach a positive tracer and real Lean kernel gate for SuccessDefinitionStmtResult::ObtainObjFromAtomicFact
P3_kernelize_mapped_route	statement_result	SuccessDefinitionStmtResult::ObtainObjFromExistFact		mapped_not_kernel_checked	Codex	required: smallest .lit source whose completed Result contains SuccessDefinitionStmtResult::ObtainObjFromExistFact	reject a forged SuccessDefinitionStmtResult::ObtainObjFromExistFact Result with mismatched target, evidence, order, or effects	attach a positive tracer and real Lean kernel gate for SuccessDefinitionStmtResult::ObtainObjFromExistFact
P3_kernelize_mapped_route	statement_result	SuccessDefinitionStmtResult::ObtainObjFromThm		mapped_not_kernel_checked	Codex	required: smallest .lit source whose completed Result contains SuccessDefinitionStmtResult::ObtainObjFromThm	reject a forged SuccessDefinitionStmtResult::ObtainObjFromThm Result with mismatched target, evidence, order, or effects	attach a positive tracer and real Lean kernel gate for SuccessDefinitionStmtResult::ObtainObjFromThm
P3_kernelize_mapped_route	statement_result	SuccessProofBlockStmtResult::ClaimStmt		mapped_not_kernel_checked	Codex	required: smallest .lit source whose completed Result contains SuccessProofBlockStmtResult::ClaimStmt	reject a forged SuccessProofBlockStmtResult::ClaimStmt Result with mismatched target, evidence, order, or effects	attach a positive tracer and real Lean kernel gate for SuccessProofBlockStmtResult::ClaimStmt
P3_kernelize_mapped_route	statement_result	SuccessProofBlockStmtResult::ExampleStmt		mapped_not_kernel_checked	Codex	required: smallest .lit source whose completed Result contains SuccessProofBlockStmtResult::ExampleStmt	reject a forged SuccessProofBlockStmtResult::ExampleStmt Result with mismatched target, evidence, order, or effects	attach a positive tracer and real Lean kernel gate for SuccessProofBlockStmtResult::ExampleStmt
P3_kernelize_mapped_route	statement_result	SuccessProofBlockStmtResult::SketchStmt		mapped_not_kernel_checked	Codex	required: smallest .lit source whose completed Result contains SuccessProofBlockStmtResult::SketchStmt	reject a forged SuccessProofBlockStmtResult::SketchStmt Result with mismatched target, evidence, order, or effects	attach a positive tracer and real Lean kernel gate for SuccessProofBlockStmtResult::SketchStmt
P3_kernelize_mapped_route	statement_result	SuccessProofBlockStmtResult::TryStmt		mapped_not_kernel_checked	Codex	required: smallest .lit source whose completed Result contains SuccessProofBlockStmtResult::TryStmt	reject a forged SuccessProofBlockStmtResult::TryStmt Result with mismatched target, evidence, order, or effects	attach a positive tracer and real Lean kernel gate for SuccessProofBlockStmtResult::TryStmt
P3_kernelize_mapped_route	statement_result	SuccessStmtResult::By		mapped_not_kernel_checked	Codex	required: smallest .lit source whose completed Result contains SuccessStmtResult::By	reject a forged SuccessStmtResult::By Result with mismatched target, evidence, order, or effects	attach a positive tracer and real Lean kernel gate for SuccessStmtResult::By
P3_kernelize_mapped_route	statement_result	SuccessStmtResult::Command		mapped_not_kernel_checked	Codex	required: smallest .lit source whose completed Result contains SuccessStmtResult::Command	reject a forged SuccessStmtResult::Command Result with mismatched target, evidence, order, or effects	attach a positive tracer and real Lean kernel gate for SuccessStmtResult::Command
P3_kernelize_mapped_route	statement_result	SuccessStmtResult::Definition		mapped_not_kernel_checked	Codex	required: smallest .lit source whose completed Result contains SuccessStmtResult::Definition	reject a forged SuccessStmtResult::Definition Result with mismatched target, evidence, order, or effects	attach a positive tracer and real Lean kernel gate for SuccessStmtResult::Definition
P3_kernelize_mapped_route	statement_result	SuccessStmtResult::Fact		mapped_not_kernel_checked	Codex	required: smallest .lit source whose completed Result contains SuccessStmtResult::Fact	reject a forged SuccessStmtResult::Fact Result with mismatched target, evidence, order, or effects	attach a positive tracer and real Lean kernel gate for SuccessStmtResult::Fact
P3_kernelize_mapped_route	statement_result	SuccessStmtResult::ProofBlock		mapped_not_kernel_checked	Codex	required: smallest .lit source whose completed Result contains SuccessStmtResult::ProofBlock	reject a forged SuccessStmtResult::ProofBlock Result with mismatched target, evidence, order, or effects	attach a positive tracer and real Lean kernel gate for SuccessStmtResult::ProofBlock
P3_kernelize_mapped_route	statement_result	SuccessStmtResult::ReleaseThmStmt		mapped_not_kernel_checked	Codex	required: smallest .lit source whose completed Result contains SuccessStmtResult::ReleaseThmStmt	reject a forged SuccessStmtResult::ReleaseThmStmt Result with mismatched target, evidence, order, or effects	attach a positive tracer and real Lean kernel gate for SuccessStmtResult::ReleaseThmStmt
P3_kernelize_mapped_route	statement_result	SuccessStmtResult::UnsafeStmt		mapped_not_kernel_checked	Codex	required: smallest .lit source whose completed Result contains SuccessStmtResult::UnsafeStmt	reject a forged SuccessStmtResult::UnsafeStmt Result with mismatched target, evidence, order, or effects	attach a positive tracer and real Lean kernel gate for SuccessStmtResult::UnsafeStmt
P3_kernelize_mapped_route	statement_result	SuccessStmtResult::Witness		mapped_not_kernel_checked	Codex	required: smallest .lit source whose completed Result contains SuccessStmtResult::Witness	reject a forged SuccessStmtResult::Witness Result with mismatched target, evidence, order, or effects	attach a positive tracer and real Lean kernel gate for SuccessStmtResult::Witness
P3_kernelize_mapped_route	statement_result	SuccessUnsafeStmtResult::TrustHaveStmt		mapped_not_kernel_checked	Codex	required: smallest .lit source whose completed Result contains SuccessUnsafeStmtResult::TrustHaveStmt	reject a forged SuccessUnsafeStmtResult::TrustHaveStmt Result with mismatched target, evidence, order, or effects	attach a positive tracer and real Lean kernel gate for SuccessUnsafeStmtResult::TrustHaveStmt
P3_kernelize_mapped_route	statement_result	SuccessUnsafeStmtResult::TrustStmt		mapped_not_kernel_checked	Codex	required: smallest .lit source whose completed Result contains SuccessUnsafeStmtResult::TrustStmt	reject a forged SuccessUnsafeStmtResult::TrustStmt Result with mismatched target, evidence, order, or effects	attach a positive tracer and real Lean kernel gate for SuccessUnsafeStmtResult::TrustStmt
P3_kernelize_mapped_route	statement_result	SuccessWitnessStmtResult::WitnessAtomicFact		mapped_not_kernel_checked	Codex	required: smallest .lit source whose completed Result contains SuccessWitnessStmtResult::WitnessAtomicFact	reject a forged SuccessWitnessStmtResult::WitnessAtomicFact Result with mismatched target, evidence, order, or effects	attach a positive tracer and real Lean kernel gate for SuccessWitnessStmtResult::WitnessAtomicFact
P3_kernelize_mapped_route	statement_result	SuccessWitnessStmtResult::WitnessExistFact		mapped_not_kernel_checked	Codex	required: smallest .lit source whose completed Result contains SuccessWitnessStmtResult::WitnessExistFact	reject a forged SuccessWitnessStmtResult::WitnessExistFact Result with mismatched target, evidence, order, or effects	attach a positive tracer and real Lean kernel gate for SuccessWitnessStmtResult::WitnessExistFact
P3_kernelize_mapped_route	statement_result	SuccessWitnessStmtResult::WitnessNonemptySet		mapped_not_kernel_checked	Codex	required: smallest .lit source whose completed Result contains SuccessWitnessStmtResult::WitnessNonemptySet	reject a forged SuccessWitnessStmtResult::WitnessNonemptySet Result with mismatched target, evidence, order, or effects	attach a positive tracer and real Lean kernel gate for SuccessWitnessStmtResult::WitnessNonemptySet
P3_kernelize_mapped_route	well_definedness_result	SuccessReuseObjWellDefinedResult		mapped_not_kernel_checked	Codex	required: smallest .lit source whose completed Result contains SuccessReuseObjWellDefinedResult	reject a forged SuccessReuseObjWellDefinedResult Result with mismatched target, evidence, order, or effects	attach a positive tracer and real Lean kernel gate for SuccessReuseObjWellDefinedResult
P3_kernelize_mapped_route	well_definedness_result	SuccessVerifyAndFactWellDefinedResult		mapped_not_kernel_checked	Codex	required: smallest .lit source whose completed Result contains SuccessVerifyAndFactWellDefinedResult	reject a forged SuccessVerifyAndFactWellDefinedResult Result with mismatched target, evidence, order, or effects	attach a positive tracer and real Lean kernel gate for SuccessVerifyAndFactWellDefinedResult
P3_kernelize_mapped_route	well_definedness_result	SuccessVerifyAnonymousFunctionWellDefinedResult		mapped_not_kernel_checked	Codex	required: smallest .lit source whose completed Result contains SuccessVerifyAnonymousFunctionWellDefinedResult	reject a forged SuccessVerifyAnonymousFunctionWellDefinedResult Result with mismatched target, evidence, order, or effects	attach a positive tracer and real Lean kernel gate for SuccessVerifyAnonymousFunctionWellDefinedResult
P3_kernelize_mapped_route	well_definedness_result	SuccessVerifyAtomicFactWellDefinedResult		mapped_not_kernel_checked	Codex	required: smallest .lit source whose completed Result contains SuccessVerifyAtomicFactWellDefinedResult	reject a forged SuccessVerifyAtomicFactWellDefinedResult Result with mismatched target, evidence, order, or effects	attach a positive tracer and real Lean kernel gate for SuccessVerifyAtomicFactWellDefinedResult
P3_kernelize_mapped_route	well_definedness_result	SuccessVerifyAtomicPredicateDomainCheckResult		mapped_not_kernel_checked	Codex	required: smallest .lit source whose completed Result contains SuccessVerifyAtomicPredicateDomainCheckResult	reject a forged SuccessVerifyAtomicPredicateDomainCheckResult Result with mismatched target, evidence, order, or effects	attach a positive tracer and real Lean kernel gate for SuccessVerifyAtomicPredicateDomainCheckResult
P3_kernelize_mapped_route	well_definedness_result	SuccessVerifyAtomicPredicateWellDefinedResult		mapped_not_kernel_checked	Codex	required: smallest .lit source whose completed Result contains SuccessVerifyAtomicPredicateWellDefinedResult	reject a forged SuccessVerifyAtomicPredicateWellDefinedResult Result with mismatched target, evidence, order, or effects	attach a positive tracer and real Lean kernel gate for SuccessVerifyAtomicPredicateWellDefinedResult
P3_kernelize_mapped_route	well_definedness_result	SuccessVerifyBinderObjectWellDefinedResult		mapped_not_kernel_checked	Codex	required: smallest .lit source whose completed Result contains SuccessVerifyBinderObjectWellDefinedResult	reject a forged SuccessVerifyBinderObjectWellDefinedResult Result with mismatched target, evidence, order, or effects	attach a positive tracer and real Lean kernel gate for SuccessVerifyBinderObjectWellDefinedResult
P3_kernelize_mapped_route	well_definedness_result	SuccessVerifyBinderPremiseResult		mapped_not_kernel_checked	Codex	required: smallest .lit source whose completed Result contains SuccessVerifyBinderPremiseResult	reject a forged SuccessVerifyBinderPremiseResult Result with mismatched target, evidence, order, or effects	attach a positive tracer and real Lean kernel gate for SuccessVerifyBinderPremiseResult
P3_kernelize_mapped_route	well_definedness_result	SuccessVerifyChainFactWellDefinedResult		mapped_not_kernel_checked	Codex	required: smallest .lit source whose completed Result contains SuccessVerifyChainFactWellDefinedResult	reject a forged SuccessVerifyChainFactWellDefinedResult Result with mismatched target, evidence, order, or effects	attach a positive tracer and real Lean kernel gate for SuccessVerifyChainFactWellDefinedResult
P3_kernelize_mapped_route	well_definedness_result	SuccessVerifyChildObjWellDefinedResult		mapped_not_kernel_checked	Codex	required: smallest .lit source whose completed Result contains SuccessVerifyChildObjWellDefinedResult	reject a forged SuccessVerifyChildObjWellDefinedResult Result with mismatched target, evidence, order, or effects	attach a positive tracer and real Lean kernel gate for SuccessVerifyChildObjWellDefinedResult
P3_kernelize_mapped_route	well_definedness_result	SuccessVerifyDirectObjWellDefinedResult		mapped_not_kernel_checked	Codex	required: smallest .lit source whose completed Result contains SuccessVerifyDirectObjWellDefinedResult	reject a forged SuccessVerifyDirectObjWellDefinedResult Result with mismatched target, evidence, order, or effects	attach a positive tracer and real Lean kernel gate for SuccessVerifyDirectObjWellDefinedResult
P3_kernelize_mapped_route	well_definedness_result	SuccessVerifyElementwiseReduceResult		mapped_not_kernel_checked	Codex	required: smallest .lit source whose completed Result contains SuccessVerifyElementwiseReduceResult	reject a forged SuccessVerifyElementwiseReduceResult Result with mismatched target, evidence, order, or effects	attach a positive tracer and real Lean kernel gate for SuccessVerifyElementwiseReduceResult
P3_kernelize_mapped_route	well_definedness_result	SuccessVerifyEmptyFiniteAggregateResult		mapped_not_kernel_checked	Codex	required: smallest .lit source whose completed Result contains SuccessVerifyEmptyFiniteAggregateResult	reject a forged SuccessVerifyEmptyFiniteAggregateResult Result with mismatched target, evidence, order, or effects	attach a positive tracer and real Lean kernel gate for SuccessVerifyEmptyFiniteAggregateResult
P3_kernelize_mapped_route	well_definedness_result	SuccessVerifyEmptyReduceResult		mapped_not_kernel_checked	Codex	required: smallest .lit source whose completed Result contains SuccessVerifyEmptyReduceResult	reject a forged SuccessVerifyEmptyReduceResult Result with mismatched target, evidence, order, or effects	attach a positive tracer and real Lean kernel gate for SuccessVerifyEmptyReduceResult
P3_kernelize_mapped_route	well_definedness_result	SuccessVerifyEndpointIterationCoverageResult		mapped_not_kernel_checked	Codex	required: smallest .lit source whose completed Result contains SuccessVerifyEndpointIterationCoverageResult	reject a forged SuccessVerifyEndpointIterationCoverageResult Result with mismatched target, evidence, order, or effects	attach a positive tracer and real Lean kernel gate for SuccessVerifyEndpointIterationCoverageResult
P3_kernelize_mapped_route	well_definedness_result	SuccessVerifyEnumeratedIterationCoverageResult		mapped_not_kernel_checked	Codex	required: smallest .lit source whose completed Result contains SuccessVerifyEnumeratedIterationCoverageResult	reject a forged SuccessVerifyEnumeratedIterationCoverageResult Result with mismatched target, evidence, order, or effects	attach a positive tracer and real Lean kernel gate for SuccessVerifyEnumeratedIterationCoverageResult
P3_kernelize_mapped_route	well_definedness_result	SuccessVerifyExactFiniteReduceDomainResult		mapped_not_kernel_checked	Codex	required: smallest .lit source whose completed Result contains SuccessVerifyExactFiniteReduceDomainResult	reject a forged SuccessVerifyExactFiniteReduceDomainResult Result with mismatched target, evidence, order, or effects	attach a positive tracer and real Lean kernel gate for SuccessVerifyExactFiniteReduceDomainResult
P3_kernelize_mapped_route	well_definedness_result	SuccessVerifyExistFactWellDefinedResult		mapped_not_kernel_checked	Codex	required: smallest .lit source whose completed Result contains SuccessVerifyExistFactWellDefinedResult	reject a forged SuccessVerifyExistFactWellDefinedResult Result with mismatched target, evidence, order, or effects	attach a positive tracer and real Lean kernel gate for SuccessVerifyExistFactWellDefinedResult
P3_kernelize_mapped_route	well_definedness_result	SuccessVerifyFactBinderResult		mapped_not_kernel_checked	Codex	required: smallest .lit source whose completed Result contains SuccessVerifyFactBinderResult	reject a forged SuccessVerifyFactBinderResult Result with mismatched target, evidence, order, or effects	attach a positive tracer and real Lean kernel gate for SuccessVerifyFactBinderResult
P3_kernelize_mapped_route	well_definedness_result	SuccessVerifyFactForObjWellDefinedResult		mapped_not_kernel_checked	Codex	required: smallest .lit source whose completed Result contains SuccessVerifyFactForObjWellDefinedResult	reject a forged SuccessVerifyFactForObjWellDefinedResult Result with mismatched target, evidence, order, or effects	attach a positive tracer and real Lean kernel gate for SuccessVerifyFactForObjWellDefinedResult
P3_kernelize_mapped_route	well_definedness_result	SuccessVerifyFactObjectWellDefinedResult		mapped_not_kernel_checked	Codex	required: smallest .lit source whose completed Result contains SuccessVerifyFactObjectWellDefinedResult	reject a forged SuccessVerifyFactObjectWellDefinedResult Result with mismatched target, evidence, order, or effects	attach a positive tracer and real Lean kernel gate for SuccessVerifyFactObjectWellDefinedResult
P3_kernelize_mapped_route	well_definedness_result	SuccessVerifyFactParameterGroupResult		mapped_not_kernel_checked	Codex	required: smallest .lit source whose completed Result contains SuccessVerifyFactParameterGroupResult	reject a forged SuccessVerifyFactParameterGroupResult Result with mismatched target, evidence, order, or effects	attach a positive tracer and real Lean kernel gate for SuccessVerifyFactParameterGroupResult
P3_kernelize_mapped_route	well_definedness_result	SuccessVerifyFactWellDefinedProofResult		mapped_not_kernel_checked	Codex	required: smallest .lit source whose completed Result contains SuccessVerifyFactWellDefinedProofResult	reject a forged SuccessVerifyFactWellDefinedProofResult Result with mismatched target, evidence, order, or effects	attach a positive tracer and real Lean kernel gate for SuccessVerifyFactWellDefinedProofResult
P3_kernelize_mapped_route	well_definedness_result	SuccessVerifyFiniteAggregateClosedRangeResult		mapped_not_kernel_checked	Codex	required: smallest .lit source whose completed Result contains SuccessVerifyFiniteAggregateClosedRangeResult	reject a forged SuccessVerifyFiniteAggregateClosedRangeResult Result with mismatched target, evidence, order, or effects	attach a positive tracer and real Lean kernel gate for SuccessVerifyFiniteAggregateClosedRangeResult
P3_kernelize_mapped_route	well_definedness_result	SuccessVerifyFiniteAggregateElementsResult		mapped_not_kernel_checked	Codex	required: smallest .lit source whose completed Result contains SuccessVerifyFiniteAggregateElementsResult	reject a forged SuccessVerifyFiniteAggregateElementsResult Result with mismatched target, evidence, order, or effects	attach a positive tracer and real Lean kernel gate for SuccessVerifyFiniteAggregateElementsResult
P3_kernelize_mapped_route	well_definedness_result	SuccessVerifyFiniteAggregateModeResult		mapped_not_kernel_checked	Codex	required: smallest .lit source whose completed Result contains SuccessVerifyFiniteAggregateModeResult	reject a forged SuccessVerifyFiniteAggregateModeResult Result with mismatched target, evidence, order, or effects	attach a positive tracer and real Lean kernel gate for SuccessVerifyFiniteAggregateModeResult
P3_kernelize_mapped_route	well_definedness_result	SuccessVerifyFiniteAggregateWellDefinedResult		mapped_not_kernel_checked	Codex	required: smallest .lit source whose completed Result contains SuccessVerifyFiniteAggregateWellDefinedResult	reject a forged SuccessVerifyFiniteAggregateWellDefinedResult Result with mismatched target, evidence, order, or effects	attach a positive tracer and real Lean kernel gate for SuccessVerifyFiniteAggregateWellDefinedResult
P3_kernelize_mapped_route	well_definedness_result	SuccessVerifyFiniteReduceDomainCoverageResult		mapped_not_kernel_checked	Codex	required: smallest .lit source whose completed Result contains SuccessVerifyFiniteReduceDomainCoverageResult	reject a forged SuccessVerifyFiniteReduceDomainCoverageResult Result with mismatched target, evidence, order, or effects	attach a positive tracer and real Lean kernel gate for SuccessVerifyFiniteReduceDomainCoverageResult
P3_kernelize_mapped_route	well_definedness_result	SuccessVerifyFiniteReduceOperationLawsResult		mapped_not_kernel_checked	Codex	required: smallest .lit source whose completed Result contains SuccessVerifyFiniteReduceOperationLawsResult	reject a forged SuccessVerifyFiniteReduceOperationLawsResult Result with mismatched target, evidence, order, or effects	attach a positive tracer and real Lean kernel gate for SuccessVerifyFiniteReduceOperationLawsResult
P3_kernelize_mapped_route	well_definedness_result	SuccessVerifyForallFactWellDefinedResult		mapped_not_kernel_checked	Codex	required: smallest .lit source whose completed Result contains SuccessVerifyForallFactWellDefinedResult	reject a forged SuccessVerifyForallFactWellDefinedResult Result with mismatched target, evidence, order, or effects	attach a positive tracer and real Lean kernel gate for SuccessVerifyForallFactWellDefinedResult
P3_kernelize_mapped_route	well_definedness_result	SuccessVerifyForallFactWithIffWellDefinedResult		mapped_not_kernel_checked	Codex	required: smallest .lit source whose completed Result contains SuccessVerifyForallFactWithIffWellDefinedResult	reject a forged SuccessVerifyForallFactWithIffWellDefinedResult Result with mismatched target, evidence, order, or effects	attach a positive tracer and real Lean kernel gate for SuccessVerifyForallFactWithIffWellDefinedResult
P3_kernelize_mapped_route	well_definedness_result	SuccessVerifyFunctionSetWellDefinedResult		mapped_not_kernel_checked	Codex	required: smallest .lit source whose completed Result contains SuccessVerifyFunctionSetWellDefinedResult	reject a forged SuccessVerifyFunctionSetWellDefinedResult Result with mismatched target, evidence, order, or effects	attach a positive tracer and real Lean kernel gate for SuccessVerifyFunctionSetWellDefinedResult
P3_kernelize_mapped_route	well_definedness_result	SuccessVerifyIntervalReduceResult		mapped_not_kernel_checked	Codex	required: smallest .lit source whose completed Result contains SuccessVerifyIntervalReduceResult	reject a forged SuccessVerifyIntervalReduceResult Result with mismatched target, evidence, order, or effects	attach a positive tracer and real Lean kernel gate for SuccessVerifyIntervalReduceResult
P3_kernelize_mapped_route	well_definedness_result	SuccessVerifyIntervalSubsetCoverageResult		mapped_not_kernel_checked	Codex	required: smallest .lit source whose completed Result contains SuccessVerifyIntervalSubsetCoverageResult	reject a forged SuccessVerifyIntervalSubsetCoverageResult Result with mismatched target, evidence, order, or effects	attach a positive tracer and real Lean kernel gate for SuccessVerifyIntervalSubsetCoverageResult
P3_kernelize_mapped_route	well_definedness_result	SuccessVerifyIterationCoverageResult		mapped_not_kernel_checked	Codex	required: smallest .lit source whose completed Result contains SuccessVerifyIterationCoverageResult	reject a forged SuccessVerifyIterationCoverageResult Result with mismatched target, evidence, order, or effects	attach a positive tracer and real Lean kernel gate for SuccessVerifyIterationCoverageResult
P3_kernelize_mapped_route	well_definedness_result	SuccessVerifyIterationDomainResult		mapped_not_kernel_checked	Codex	required: smallest .lit source whose completed Result contains SuccessVerifyIterationDomainResult	reject a forged SuccessVerifyIterationDomainResult Result with mismatched target, evidence, order, or effects	attach a positive tracer and real Lean kernel gate for SuccessVerifyIterationDomainResult
P3_kernelize_mapped_route	well_definedness_result	SuccessVerifyIterationIntervalResult		mapped_not_kernel_checked	Codex	required: smallest .lit source whose completed Result contains SuccessVerifyIterationIntervalResult	reject a forged SuccessVerifyIterationIntervalResult Result with mismatched target, evidence, order, or effects	attach a positive tracer and real Lean kernel gate for SuccessVerifyIterationIntervalResult
P3_kernelize_mapped_route	well_definedness_result	SuccessVerifyIterationScalarReturnResult		mapped_not_kernel_checked	Codex	required: smallest .lit source whose completed Result contains SuccessVerifyIterationScalarReturnResult	reject a forged SuccessVerifyIterationScalarReturnResult Result with mismatched target, evidence, order, or effects	attach a positive tracer and real Lean kernel gate for SuccessVerifyIterationScalarReturnResult
P3_kernelize_mapped_route	well_definedness_result	SuccessVerifyIterationWellDefinedResult		mapped_not_kernel_checked	Codex	required: smallest .lit source whose completed Result contains SuccessVerifyIterationWellDefinedResult	reject a forged SuccessVerifyIterationWellDefinedResult Result with mismatched target, evidence, order, or effects	attach a positive tracer and real Lean kernel gate for SuccessVerifyIterationWellDefinedResult
P3_kernelize_mapped_route	well_definedness_result	SuccessVerifyLocalFactWellDefinedResult		mapped_not_kernel_checked	Codex	required: smallest .lit source whose completed Result contains SuccessVerifyLocalFactWellDefinedResult	reject a forged SuccessVerifyLocalFactWellDefinedResult Result with mismatched target, evidence, order, or effects	attach a positive tracer and real Lean kernel gate for SuccessVerifyLocalFactWellDefinedResult
P3_kernelize_mapped_route	well_definedness_result	SuccessVerifyNotForallFactWellDefinedResult		mapped_not_kernel_checked	Codex	required: smallest .lit source whose completed Result contains SuccessVerifyNotForallFactWellDefinedResult	reject a forged SuccessVerifyNotForallFactWellDefinedResult Result with mismatched target, evidence, order, or effects	attach a positive tracer and real Lean kernel gate for SuccessVerifyNotForallFactWellDefinedResult
P3_kernelize_mapped_route	well_definedness_result	SuccessVerifyObjTargetRequirementResult		mapped_not_kernel_checked	Codex	required: smallest .lit source whose completed Result contains SuccessVerifyObjTargetRequirementResult	reject a forged SuccessVerifyObjTargetRequirementResult Result with mismatched target, evidence, order, or effects	attach a positive tracer and real Lean kernel gate for SuccessVerifyObjTargetRequirementResult
P3_kernelize_mapped_route	well_definedness_result	SuccessVerifyObjWellDefinedResult		mapped_not_kernel_checked	Codex	required: smallest .lit source whose completed Result contains SuccessVerifyObjWellDefinedResult	reject a forged SuccessVerifyObjWellDefinedResult Result with mismatched target, evidence, order, or effects	attach a positive tracer and real Lean kernel gate for SuccessVerifyObjWellDefinedResult
P3_kernelize_mapped_route	well_definedness_result	SuccessVerifyObjWellDefinedStepsResult		mapped_not_kernel_checked	Codex	required: smallest .lit source whose completed Result contains SuccessVerifyObjWellDefinedStepsResult	reject a forged SuccessVerifyObjWellDefinedStepsResult Result with mismatched target, evidence, order, or effects	attach a positive tracer and real Lean kernel gate for SuccessVerifyObjWellDefinedStepsResult
P3_kernelize_mapped_route	well_definedness_result	SuccessVerifyOrFactWellDefinedResult		mapped_not_kernel_checked	Codex	required: smallest .lit source whose completed Result contains SuccessVerifyOrFactWellDefinedResult	reject a forged SuccessVerifyOrFactWellDefinedResult Result with mismatched target, evidence, order, or effects	attach a positive tracer and real Lean kernel gate for SuccessVerifyOrFactWellDefinedResult
P3_kernelize_mapped_route	well_definedness_result	SuccessVerifyReduceModeResult		mapped_not_kernel_checked	Codex	required: smallest .lit source whose completed Result contains SuccessVerifyReduceModeResult	reject a forged SuccessVerifyReduceModeResult Result with mismatched target, evidence, order, or effects	attach a positive tracer and real Lean kernel gate for SuccessVerifyReduceModeResult
P3_kernelize_mapped_route	well_definedness_result	SuccessVerifyReduceOperationSignatureResult		mapped_not_kernel_checked	Codex	required: smallest .lit source whose completed Result contains SuccessVerifyReduceOperationSignatureResult	reject a forged SuccessVerifyReduceOperationSignatureResult Result with mismatched target, evidence, order, or effects	attach a positive tracer and real Lean kernel gate for SuccessVerifyReduceOperationSignatureResult
P3_kernelize_mapped_route	well_definedness_result	SuccessVerifyReduceWellDefinedResult		mapped_not_kernel_checked	Codex	required: smallest .lit source whose completed Result contains SuccessVerifyReduceWellDefinedResult	reject a forged SuccessVerifyReduceWellDefinedResult Result with mismatched target, evidence, order, or effects	attach a positive tracer and real Lean kernel gate for SuccessVerifyReduceWellDefinedResult
P3_kernelize_mapped_route	well_definedness_result	SuccessVerifySetBuilderConditionResult		mapped_not_kernel_checked	Codex	required: smallest .lit source whose completed Result contains SuccessVerifySetBuilderConditionResult	reject a forged SuccessVerifySetBuilderConditionResult Result with mismatched target, evidence, order, or effects	attach a positive tracer and real Lean kernel gate for SuccessVerifySetBuilderConditionResult
P3_kernelize_mapped_route	well_definedness_result	SuccessVerifySetBuilderWellDefinedResult		mapped_not_kernel_checked	Codex	required: smallest .lit source whose completed Result contains SuccessVerifySetBuilderWellDefinedResult	reject a forged SuccessVerifySetBuilderWellDefinedResult Result with mismatched target, evidence, order, or effects	attach a positive tracer and real Lean kernel gate for SuccessVerifySetBuilderWellDefinedResult
P3_kernelize_mapped_route	well_definedness_result	SuccessVerifyStructureEquivalentFactResult		mapped_not_kernel_checked	Codex	required: smallest .lit source whose completed Result contains SuccessVerifyStructureEquivalentFactResult	reject a forged SuccessVerifyStructureEquivalentFactResult Result with mismatched target, evidence, order, or effects	attach a positive tracer and real Lean kernel gate for SuccessVerifyStructureEquivalentFactResult
P3_kernelize_mapped_route	well_definedness_result	SuccessVerifyStructureFieldResult		mapped_not_kernel_checked	Codex	required: smallest .lit source whose completed Result contains SuccessVerifyStructureFieldResult	reject a forged SuccessVerifyStructureFieldResult Result with mismatched target, evidence, order, or effects	attach a positive tracer and real Lean kernel gate for SuccessVerifyStructureFieldResult
P3_kernelize_mapped_route	well_definedness_result	SuccessVerifyStructureHeaderArgumentResult		mapped_not_kernel_checked	Codex	required: smallest .lit source whose completed Result contains SuccessVerifyStructureHeaderArgumentResult	reject a forged SuccessVerifyStructureHeaderArgumentResult Result with mismatched target, evidence, order, or effects	attach a positive tracer and real Lean kernel gate for SuccessVerifyStructureHeaderArgumentResult
P3_kernelize_mapped_route	well_definedness_result	SuccessVerifyStructureWellDefinedResult		mapped_not_kernel_checked	Codex	required: smallest .lit source whose completed Result contains SuccessVerifyStructureWellDefinedResult	reject a forged SuccessVerifyStructureWellDefinedResult Result with mismatched target, evidence, order, or effects	attach a positive tracer and real Lean kernel gate for SuccessVerifyStructureWellDefinedResult
P3_kernelize_mapped_route	well_definedness_result	SuccessVerifySubsetFiniteReduceDomainResult		mapped_not_kernel_checked	Codex	required: smallest .lit source whose completed Result contains SuccessVerifySubsetFiniteReduceDomainResult	reject a forged SuccessVerifySubsetFiniteReduceDomainResult Result with mismatched target, evidence, order, or effects	attach a positive tracer and real Lean kernel gate for SuccessVerifySubsetFiniteReduceDomainResult
P3_kernelize_mapped_route	well_definedness_result	SuccessVerifySymbolicFiniteAggregateResult		mapped_not_kernel_checked	Codex	required: smallest .lit source whose completed Result contains SuccessVerifySymbolicFiniteAggregateResult	reject a forged SuccessVerifySymbolicFiniteAggregateResult Result with mismatched target, evidence, order, or effects	attach a positive tracer and real Lean kernel gate for SuccessVerifySymbolicFiniteAggregateResult
P3_kernelize_mapped_route	well_definedness_result	SuccessVerifySymbolicReduceResult		mapped_not_kernel_checked	Codex	required: smallest .lit source whose completed Result contains SuccessVerifySymbolicReduceResult	reject a forged SuccessVerifySymbolicReduceResult Result with mismatched target, evidence, order, or effects	attach a positive tracer and real Lean kernel gate for SuccessVerifySymbolicReduceResult
P3_kernelize_mapped_route	well_definedness_result	SuccessVerifyUniversalIntegerCarrierCoverageResult		mapped_not_kernel_checked	Codex	required: smallest .lit source whose completed Result contains SuccessVerifyUniversalIntegerCarrierCoverageResult	reject a forged SuccessVerifyUniversalIntegerCarrierCoverageResult Result with mismatched target, evidence, order, or effects	attach a positive tracer and real Lean kernel gate for SuccessVerifyUniversalIntegerCarrierCoverageResult
P3_kernelize_mapped_route	well_definedness_result	WellDefinedBinderPremiseRole		mapped_not_kernel_checked	Codex	required: smallest .lit source whose completed Result contains WellDefinedBinderPremiseRole	reject a forged WellDefinedBinderPremiseRole Result with mismatched target, evidence, order, or effects	attach a positive tracer and real Lean kernel gate for WellDefinedBinderPremiseRole
P3_kernelize_mapped_route	well_definedness_result	WellDefinedFunctionContract		mapped_not_kernel_checked	Codex	required: smallest .lit source whose completed Result contains WellDefinedFunctionContract	reject a forged WellDefinedFunctionContract Result with mismatched target, evidence, order, or effects	attach a positive tracer and real Lean kernel gate for WellDefinedFunctionContract
P3_kernelize_mapped_route	well_definedness_result	WellDefinedObjChildRole		mapped_not_kernel_checked	Codex	required: smallest .lit source whose completed Result contains WellDefinedObjChildRole	reject a forged WellDefinedObjChildRole Result with mismatched target, evidence, order, or effects	attach a positive tracer and real Lean kernel gate for WellDefinedObjChildRole
P3_kernelize_mapped_route	well_definedness_result	WellDefinednessRequirementRole		mapped_not_kernel_checked	Codex	required: smallest .lit source whose completed Result contains WellDefinednessRequirementRole	reject a forged WellDefinednessRequirementRole Result with mismatched target, evidence, order, or effects	attach a positive tracer and real Lean kernel gate for WellDefinednessRequirementRole
