stable_rule_id	rust_symbol	mechanism	mechanism_basis	status	owner	producer_reference_count	producer_references	compiler_consumers	next_gate
builtin.execute.explicit_verify.theorem_application.exec_builtin_thm_stmt_impl	UncataloguedBuiltinRule::ExecBuiltinThmStmtImpl	proof_composition_or_recursive_strategy	identity names an intermediate Result/composition boundary	evidence_gap	Codex	1	src/execution/proof_directives/theorem_application.rs:850		inspect the exact producer Result and replace generic evidence for builtin.execute.explicit_verify.theorem_application.exec_builtin_thm_stmt_impl
builtin.test.fixture	UncataloguedBuiltinRule::TestFixture	mathematical_leaf_law	default leaf candidate pending exact target/premise review	unreachable	Codex	0			prove a real producer or delete/retire builtin.test.fixture
builtin.verify.atomic.definition.verify_choice_function_for_fact_by_definition	UncataloguedBuiltinRule::VerifyChoiceFunctionForFactByDefinition	evidence_contract_gap	definition/quantifier replay needs richer structured evidence than one identity	evidence_gap	Codex	1	src/verification/atomic/definition.rs:163		inspect the exact producer Result and replace generic evidence for builtin.verify.atomic.definition.verify_choice_function_for_fact_by_definition
builtin.verify.atomic.definition.verify_coprime_fact_by_definition	UncataloguedBuiltinRule::VerifyCoprimeFactByDefinition	evidence_contract_gap	definition/quantifier replay needs richer structured evidence than one identity	evidence_gap	Codex	1	src/verification/atomic/definition.rs:97		inspect the exact producer Result and replace generic evidence for builtin.verify.atomic.definition.verify_coprime_fact_by_definition
builtin.verify.atomic.definition.verify_dvd_fact_by_definition	UncataloguedBuiltinRule::VerifyDvdFactByDefinition	evidence_contract_gap	definition/quantifier replay needs richer structured evidence than one identity	evidence_gap	Codex	1	src/verification/atomic/definition.rs:129		inspect the exact producer Result and replace generic evidence for builtin.verify.atomic.definition.verify_dvd_fact_by_definition
builtin.verify.atomic.definition.verify_prime_fact_by_definition	UncataloguedBuiltinRule::VerifyPrimeFactByDefinition	evidence_contract_gap	definition/quantifier replay needs richer structured evidence than one identity	evidence_gap	Codex	1	src/verification/atomic/definition.rs:65		inspect the exact producer Result and replace generic evidence for builtin.verify.atomic.definition.verify_prime_fact_by_definition
builtin.verify.atomic.definition.verify_subset_fact_by_membership_forall_definition	UncataloguedBuiltinRule::VerifySubsetFactByMembershipForallDefinition	evidence_contract_gap	definition/quantifier replay needs richer structured evidence than one identity	evidence_gap	Codex	1	src/verification/atomic/definition.rs:248		inspect the exact producer Result and replace generic evidence for builtin.verify.atomic.definition.verify_subset_fact_by_membership_forall_definition
builtin.verify.atomic.definition.verify_superset_fact_by_membership_forall_definition	UncataloguedBuiltinRule::VerifySupersetFactByMembershipForallDefinition	evidence_contract_gap	definition/quantifier replay needs richer structured evidence than one identity	evidence_gap	Codex	1	src/verification/atomic/definition.rs:288		inspect the exact producer Result and replace generic evidence for builtin.verify.atomic.definition.verify_superset_fact_by_membership_forall_definition
builtin.verify.atomic.function_membership.verify_indexed_value_in_definition_return_set_via_cart_projection	UncataloguedBuiltinRule::VerifyIndexedValueInDefinitionReturnSetViaCartProjection	target_abi_decision	producer targets a constructor family with an explicit object/fact compiler gap	abi_decision	user	1	src/verification/atomic/function_membership.rs:165		freeze the Lean representation contract before compiling builtin.verify.atomic.function_membership.verify_indexed_value_in_definition_return_set_via_cart_projection
builtin.verify.atomic.function_membership.verify_value_in_definition_return_set	UncataloguedBuiltinRule::VerifyValueInDefinitionReturnSet	mathematical_leaf_law	default leaf candidate pending exact target/premise review	evidence_gap	Codex	1	src/verification/atomic/function_membership.rs:74		inspect the exact producer Result and replace generic evidence for builtin.verify.atomic.function_membership.verify_value_in_definition_return_set
builtin.verify.atomic.function_properties.verify_builtin_function_property_by_definition	UncataloguedBuiltinRule::VerifyBuiltinFunctionPropertyByDefinition	evidence_contract_gap	definition/quantifier replay needs richer structured evidence than one identity	evidence_gap	Codex	1	src/verification/atomic/function_properties.rs:35		inspect the exact producer Result and replace generic evidence for builtin.verify.atomic.function_properties.verify_builtin_function_property_by_definition
builtin.verify.atomic.set_relations.verify_builtin_proper_set_relation_by_definition	UncataloguedBuiltinRule::VerifyBuiltinProperSetRelationByDefinition	evidence_contract_gap	definition/quantifier replay needs richer structured evidence than one identity	evidence_gap	Codex	1	src/verification/atomic/set_relations.rs:61		inspect the exact producer Result and replace generic evidence for builtin.verify.atomic.set_relations.verify_builtin_proper_set_relation_by_definition
builtin.verify.atomic.set_relations.verify_builtin_proper_set_relation_from_quantifier_free_premise	UncataloguedBuiltinRule::VerifyBuiltinProperSetRelationFromQuantifierFreePremise	mathematical_leaf_law	default leaf candidate pending exact target/premise review	evidence_gap	Codex	1	src/verification/atomic/set_relations.rs:26		inspect the exact producer Result and replace generic evidence for builtin.verify.atomic.set_relations.verify_builtin_proper_set_relation_from_quantifier_free_premise
builtin.verify.composite.disjunction.try_verify_component_nonzero_or_from_known_square_sum_not_equal_zero	UncataloguedBuiltinRule::TryVerifyComponentNonzeroOrFromKnownSquareSumNotEqualZero	proof_composition_or_recursive_strategy	identity names an intermediate Result/composition boundary	evidence_gap	Codex	1	src/verification/composite/disjunction.rs:832		inspect the exact producer Result and replace generic evidence for builtin.verify.composite.disjunction.try_verify_component_nonzero_or_from_known_square_sum_not_equal_zero
builtin.verify.composite.disjunction.try_verify_integer_successor_tail_or_from_lower_bound	UncataloguedBuiltinRule::TryVerifyIntegerSuccessorTailOrFromLowerBound	proof_composition_or_recursive_strategy	identity names an intermediate Result/composition boundary	evidence_gap	Codex	1	src/verification/composite/disjunction.rs:703		inspect the exact producer Result and replace generic evidence for builtin.verify.composite.disjunction.try_verify_integer_successor_tail_or_from_lower_bound
builtin.verify.composite.disjunction.try_verify_or_by_classical_implication	UncataloguedBuiltinRule::TryVerifyOrByClassicalImplication	proof_composition_or_recursive_strategy	identity names an intermediate Result/composition boundary	evidence_gap	Codex	1	src/verification/composite/disjunction.rs:656		inspect the exact producer Result and replace generic evidence for builtin.verify.composite.disjunction.try_verify_or_by_classical_implication
builtin.verify.composite.disjunction.try_verify_zero_product_or	UncataloguedBuiltinRule::TryVerifyZeroProductOr	proof_composition_or_recursive_strategy	identity names an intermediate Result/composition boundary	evidence_gap	Codex	1	src/verification/composite/disjunction.rs:766		inspect the exact producer Result and replace generic evidence for builtin.verify.composite.disjunction.try_verify_zero_product_or
builtin.verify.composite.disjunction.verify_or_fact.01	UncataloguedBuiltinRule::VerifyOrFact01	proof_composition_or_recursive_strategy	identity names an intermediate Result/composition boundary	evidence_gap	Codex	1	src/verification/composite/disjunction.rs:457		inspect the exact producer Result and replace generic evidence for builtin.verify.composite.disjunction.verify_or_fact.01
builtin.verify.composite.disjunction.verify_or_fact.02	UncataloguedBuiltinRule::VerifyOrFact02	proof_composition_or_recursive_strategy	identity names an intermediate Result/composition boundary	evidence_gap	Codex	1	src/verification/composite/disjunction.rs:477		inspect the exact producer Result and replace generic evidence for builtin.verify.composite.disjunction.verify_or_fact.02
builtin.verify.composite.disjunction.verify_or_fact.03	UncataloguedBuiltinRule::VerifyOrFact03	proof_composition_or_recursive_strategy	identity names an intermediate Result/composition boundary	evidence_gap	Codex	1	src/verification/composite/disjunction.rs:498		inspect the exact producer Result and replace generic evidence for builtin.verify.composite.disjunction.verify_or_fact.03
builtin.verify.composite.disjunction.verify_or_fact.04	UncataloguedBuiltinRule::VerifyOrFact04	proof_composition_or_recursive_strategy	identity names an intermediate Result/composition boundary	evidence_gap	Codex	1	src/verification/composite/disjunction.rs:518		inspect the exact producer Result and replace generic evidence for builtin.verify.composite.disjunction.verify_or_fact.04
builtin.verify.composite.disjunction.verify_or_fact.05	UncataloguedBuiltinRule::VerifyOrFact05	proof_composition_or_recursive_strategy	identity names an intermediate Result/composition boundary	evidence_gap	Codex	1	src/verification/composite/disjunction.rs:532		inspect the exact producer Result and replace generic evidence for builtin.verify.composite.disjunction.verify_or_fact.05
builtin.verify.composite.disjunction.verify_or_fact.06	UncataloguedBuiltinRule::VerifyOrFact06	proof_composition_or_recursive_strategy	identity names an intermediate Result/composition boundary	evidence_gap	Codex	1	src/verification/composite/disjunction.rs:546		inspect the exact producer Result and replace generic evidence for builtin.verify.composite.disjunction.verify_or_fact.06
builtin.verify.equality.core.verify_equal_fact	UncataloguedBuiltinRule::VerifyEqualFact	mathematical_leaf_law	default leaf candidate pending exact target/premise review	evidence_gap	Codex	1	src/verification/equality/core.rs:680		inspect the exact producer Result and replace generic evidence for builtin.verify.equality.core.verify_equal_fact
builtin.verify.equality.core.verify_equal_fact_by_builtin_rules_and_known_equalities.01	UncataloguedBuiltinRule::VerifyEqualFactByBuiltinRulesAndKnownEqualities01	duplicate_or_orientation_candidate	numbered sibling identities require schema comparison before separate theorems	evidence_gap	Codex	1	src/verification/equality/core.rs:1145		inspect the exact producer Result and replace generic evidence for builtin.verify.equality.core.verify_equal_fact_by_builtin_rules_and_known_equalities.01
builtin.verify.equality.core.verify_equal_fact_by_builtin_rules_and_known_equalities.02	UncataloguedBuiltinRule::VerifyEqualFactByBuiltinRulesAndKnownEqualities02	duplicate_or_orientation_candidate	numbered sibling identities require schema comparison before separate theorems	evidence_gap	Codex	1	src/verification/equality/core.rs:1164		inspect the exact producer Result and replace generic evidence for builtin.verify.equality.core.verify_equal_fact_by_builtin_rules_and_known_equalities.02
builtin.verify.equality.core.verify_equal_fact_by_direct_evaluation	UncataloguedBuiltinRule::VerifyEqualFactByDirectEvaluation	checked_computation_or_reflection	producer is evaluation/reflection-shaped	evidence_gap	Codex	1	src/verification/equality/core.rs:356		inspect the exact producer Result and replace generic evidence for builtin.verify.equality.core.verify_equal_fact_by_direct_evaluation
builtin.verify.equality.core.verify_equal_fact_by_known_equality_then_direct_evaluation	UncataloguedBuiltinRule::VerifyEqualFactByKnownEqualityThenDirectEvaluation	checked_computation_or_reflection	producer is evaluation/reflection-shaped	evidence_gap	Codex	1	src/verification/equality/core.rs:488		inspect the exact producer Result and replace generic evidence for builtin.verify.equality.core.verify_equal_fact_by_known_equality_then_direct_evaluation
builtin.verify.equality.core.verify_equal_fact_with_zero_premise_verification	UncataloguedBuiltinRule::VerifyEqualFactWithZeroPremiseVerification	mathematical_leaf_law	default leaf candidate pending exact target/premise review	evidence_gap	Codex	1	src/verification/equality/core.rs:235		inspect the exact producer Result and replace generic evidence for builtin.verify.equality.core.verify_equal_fact_with_zero_premise_verification
builtin.verify.equality.function.verify_fn_equal_fact_with_builtin_rules.01	UncataloguedBuiltinRule::VerifyFnEqualFactWithBuiltinRules01	dispatcher_or_search_helper	producer is an explicit builtin strategy/dispatcher boundary	evidence_gap	Codex	1	src/verification/equality/function.rs:118		inspect the exact producer Result and replace generic evidence for builtin.verify.equality.function.verify_fn_equal_fact_with_builtin_rules.01
builtin.verify.equality.function.verify_fn_equal_fact_with_builtin_rules.02	UncataloguedBuiltinRule::VerifyFnEqualFactWithBuiltinRules02	dispatcher_or_search_helper	producer is an explicit builtin strategy/dispatcher boundary	evidence_gap	Codex	1	src/verification/equality/function.rs:179		inspect the exact producer Result and replace generic evidence for builtin.verify.equality.function.verify_fn_equal_fact_with_builtin_rules.02
builtin.verify.equality.function.verify_fn_equal_in_fact_with_builtin_rules	UncataloguedBuiltinRule::VerifyFnEqualInFactWithBuiltinRules	dispatcher_or_search_helper	producer is an explicit builtin strategy/dispatcher boundary	evidence_gap	Codex	1	src/verification/equality/function.rs:64		inspect the exact producer Result and replace generic evidence for builtin.verify.equality.function.verify_fn_equal_in_fact_with_builtin_rules
builtin.verify.equality.function_set.fn_set_equality_verified_by_builtin_rules_result	UncataloguedBuiltinRule::FnSetEqualityVerifiedByBuiltinRulesResult	proof_composition_or_recursive_strategy	identity names an intermediate Result/composition boundary	evidence_gap	Codex	1	src/verification/equality/function_set.rs:35		inspect the exact producer Result and replace generic evidence for builtin.verify.equality.function_set.fn_set_equality_verified_by_builtin_rules_result
builtin.verify.equality.patterns.factual_equal_success_by_builtin_reason_with_subgoals	UncataloguedBuiltinRule::FactualEqualSuccessByBuiltinReasonWithSubgoals	proof_composition_or_recursive_strategy	identity names an intermediate Result/composition boundary	evidence_gap	Codex	1	src/verification/equality/patterns.rs:225		inspect the exact producer Result and replace generic evidence for builtin.verify.equality.patterns.factual_equal_success_by_builtin_reason_with_subgoals
builtin.verify.quantified.existential.verify_exist_fact.01	UncataloguedBuiltinRule::VerifyExistFact01	evidence_contract_gap	definition/quantifier replay needs richer structured evidence than one identity	evidence_gap	Codex	1	src/verification/quantified/existential.rs:465		inspect the exact producer Result and replace generic evidence for builtin.verify.quantified.existential.verify_exist_fact.01
builtin.verify.quantified.existential.verify_exist_fact.02	UncataloguedBuiltinRule::VerifyExistFact02	evidence_contract_gap	definition/quantifier replay needs richer structured evidence than one identity	evidence_gap	Codex	1	src/verification/quantified/existential.rs:485		inspect the exact producer Result and replace generic evidence for builtin.verify.quantified.existential.verify_exist_fact.02
builtin.verify.quantified.existential.verify_exist_fact.03	UncataloguedBuiltinRule::VerifyExistFact03	evidence_contract_gap	definition/quantifier replay needs richer structured evidence than one identity	evidence_gap	Codex	1	src/verification/quantified/existential.rs:512		inspect the exact producer Result and replace generic evidence for builtin.verify.quantified.existential.verify_exist_fact.03
builtin.verify.quantified.existential.verify_exist_fact.04	UncataloguedBuiltinRule::VerifyExistFact04	evidence_contract_gap	definition/quantifier replay needs richer structured evidence than one identity	evidence_gap	Codex	1	src/verification/quantified/existential.rs:537		inspect the exact producer Result and replace generic evidence for builtin.verify.quantified.existential.verify_exist_fact.04
builtin.verify.quantified.existential.verify_exist_fact.05	UncataloguedBuiltinRule::VerifyExistFact05	evidence_contract_gap	definition/quantifier replay needs richer structured evidence than one identity	evidence_gap	Codex	1	src/verification/quantified/existential.rs:562		inspect the exact producer Result and replace generic evidence for builtin.verify.quantified.existential.verify_exist_fact.05
builtin.verify.quantified.existential.verify_exist_fact.06	UncataloguedBuiltinRule::VerifyExistFact06	evidence_contract_gap	definition/quantifier replay needs richer structured evidence than one identity	evidence_gap	Codex	1	src/verification/quantified/existential.rs:615		inspect the exact producer Result and replace generic evidence for builtin.verify.quantified.existential.verify_exist_fact.06
builtin.verify.quantified.existential.verify_exist_fact.07	UncataloguedBuiltinRule::VerifyExistFact07	evidence_contract_gap	definition/quantifier replay needs richer structured evidence than one identity	evidence_gap	Codex	1	src/verification/quantified/existential.rs:644		inspect the exact producer Result and replace generic evidence for builtin.verify.quantified.existential.verify_exist_fact.07
builtin.verify.quantified.existential.verify_exist_fact.08	UncataloguedBuiltinRule::VerifyExistFact08	evidence_contract_gap	definition/quantifier replay needs richer structured evidence than one identity	evidence_gap	Codex	1	src/verification/quantified/existential.rs:672		inspect the exact producer Result and replace generic evidence for builtin.verify.quantified.existential.verify_exist_fact.08
builtin.verify.quantified.existential.verify_exist_fact.09	UncataloguedBuiltinRule::VerifyExistFact09	evidence_contract_gap	definition/quantifier replay needs richer structured evidence than one identity	evidence_gap	Codex	1	src/verification/quantified/existential.rs:701		inspect the exact producer Result and replace generic evidence for builtin.verify.quantified.existential.verify_exist_fact.09
builtin.verify.quantified.existential.verify_exist_fact.10	UncataloguedBuiltinRule::VerifyExistFact10	evidence_contract_gap	definition/quantifier replay needs richer structured evidence than one identity	evidence_gap	Codex	1	src/verification/quantified/existential.rs:741		inspect the exact producer Result and replace generic evidence for builtin.verify.quantified.existential.verify_exist_fact.10
builtin.verify.quantified.existential.verify_finite_nonempty_natural_set_has_maximum	UncataloguedBuiltinRule::VerifyFiniteNonemptyNaturalSetHasMaximum	evidence_contract_gap	definition/quantifier replay needs richer structured evidence than one identity	evidence_gap	Codex	1	src/verification/quantified/existential.rs:900		inspect the exact producer Result and replace generic evidence for builtin.verify.quantified.existential.verify_finite_nonempty_natural_set_has_maximum
builtin.verify.quantified.universal.verify_forall_fact	UncataloguedBuiltinRule::VerifyForallFact	evidence_contract_gap	definition/quantifier replay needs richer structured evidence than one identity	evidence_gap	Codex	1	src/verification/quantified/universal.rs:285		inspect the exact producer Result and replace generic evidence for builtin.verify.quantified.universal.verify_forall_fact
builtin.verify.quantified.universal_iff.verify_forall_fact_with_iff	UncataloguedBuiltinRule::VerifyForallFactWithIff	evidence_contract_gap	definition/quantifier replay needs richer structured evidence than one identity	evidence_gap	Codex	1	src/verification/quantified/universal_iff.rs:43		inspect the exact producer Result and replace generic evidence for builtin.verify.quantified.universal_iff.verify_forall_fact_with_iff
builtin.verify.support.helper.verify_and_fact_restricted_known_builtin	UncataloguedBuiltinRule::VerifyAndFactRestrictedKnownBuiltin	dispatcher_or_search_helper	producer is an explicit builtin strategy/dispatcher boundary	evidence_gap	Codex	1	src/verification/support/helper.rs:235		inspect the exact producer Result and replace generic evidence for builtin.verify.support.helper.verify_and_fact_restricted_known_builtin
builtin.verify.support.helper.verify_or_fact_restricted_known_builtin	UncataloguedBuiltinRule::VerifyOrFactRestrictedKnownBuiltin	dispatcher_or_search_helper	producer is an explicit builtin strategy/dispatcher boundary	evidence_gap	Codex	1	src/verification/support/helper.rs:275		inspect the exact producer Result and replace generic evidence for builtin.verify.support.helper.verify_or_fact_restricted_known_builtin
builtin.verify.verify_builtin_rules.abs_order_builtin.try_verify_abs_finite_set_sum_triangle	UncataloguedBuiltinRule::TryVerifyAbsFiniteSetSumTriangle	mathematical_leaf_law	default leaf candidate pending exact target/premise review	evidence_gap	Codex	1	src/verification/builtin_rules/abs_order_builtin.rs:417		inspect the exact producer Result and replace generic evidence for builtin.verify.verify_builtin_rules.abs_order_builtin.try_verify_abs_finite_set_sum_triangle
builtin.verify.verify_builtin_rules.abs_order_builtin.try_verify_abs_finite_sum_triangle	UncataloguedBuiltinRule::TryVerifyAbsFiniteSumTriangle	mathematical_leaf_law	default leaf candidate pending exact target/premise review	evidence_gap	Codex	1	src/verification/builtin_rules/abs_order_builtin.rs:350		inspect the exact producer Result and replace generic evidence for builtin.verify.verify_builtin_rules.abs_order_builtin.try_verify_abs_finite_sum_triangle
builtin.verify.verify_builtin_rules.abs_order_builtin.try_verify_abs_lower_bound_from_abs_compare.01	UncataloguedBuiltinRule::TryVerifyAbsLowerBoundFromAbsCompare01	duplicate_or_orientation_candidate	numbered sibling identities require schema comparison before separate theorems	evidence_gap	Codex	1	src/verification/builtin_rules/abs_order_builtin.rs:543		inspect the exact producer Result and replace generic evidence for builtin.verify.verify_builtin_rules.abs_order_builtin.try_verify_abs_lower_bound_from_abs_compare.01
builtin.verify.verify_builtin_rules.abs_order_builtin.try_verify_abs_lower_bound_from_abs_compare.02	UncataloguedBuiltinRule::TryVerifyAbsLowerBoundFromAbsCompare02	duplicate_or_orientation_candidate	numbered sibling identities require schema comparison before separate theorems	evidence_gap	Codex	1	src/verification/builtin_rules/abs_order_builtin.rs:567		inspect the exact producer Result and replace generic evidence for builtin.verify.verify_builtin_rules.abs_order_builtin.try_verify_abs_lower_bound_from_abs_compare.02
builtin.verify.verify_builtin_rules.abs_order_builtin.try_verify_abs_lower_bound_from_abs_compare.03	UncataloguedBuiltinRule::TryVerifyAbsLowerBoundFromAbsCompare03	duplicate_or_orientation_candidate	numbered sibling identities require schema comparison before separate theorems	evidence_gap	Codex	1	src/verification/builtin_rules/abs_order_builtin.rs:589		inspect the exact producer Result and replace generic evidence for builtin.verify.verify_builtin_rules.abs_order_builtin.try_verify_abs_lower_bound_from_abs_compare.03
builtin.verify.verify_builtin_rules.abs_order_builtin.try_verify_abs_lower_bound_from_abs_compare.04	UncataloguedBuiltinRule::TryVerifyAbsLowerBoundFromAbsCompare04	duplicate_or_orientation_candidate	numbered sibling identities require schema comparison before separate theorems	evidence_gap	Codex	1	src/verification/builtin_rules/abs_order_builtin.rs:609		inspect the exact producer Result and replace generic evidence for builtin.verify.verify_builtin_rules.abs_order_builtin.try_verify_abs_lower_bound_from_abs_compare.04
builtin.verify.verify_builtin_rules.abs_order_builtin.try_verify_abs_lower_bound_from_abs_compare.05	UncataloguedBuiltinRule::TryVerifyAbsLowerBoundFromAbsCompare05	duplicate_or_orientation_candidate	numbered sibling identities require schema comparison before separate theorems	evidence_gap	Codex	1	src/verification/builtin_rules/abs_order_builtin.rs:638		inspect the exact producer Result and replace generic evidence for builtin.verify.verify_builtin_rules.abs_order_builtin.try_verify_abs_lower_bound_from_abs_compare.05
builtin.verify.verify_builtin_rules.abs_order_builtin.try_verify_abs_lower_bound_from_abs_compare.06	UncataloguedBuiltinRule::TryVerifyAbsLowerBoundFromAbsCompare06	duplicate_or_orientation_candidate	numbered sibling identities require schema comparison before separate theorems	evidence_gap	Codex	1	src/verification/builtin_rules/abs_order_builtin.rs:668		inspect the exact producer Result and replace generic evidence for builtin.verify.verify_builtin_rules.abs_order_builtin.try_verify_abs_lower_bound_from_abs_compare.06
builtin.verify.verify_builtin_rules.abs_order_builtin.try_verify_abs_lower_bound_from_abs_compare.07	UncataloguedBuiltinRule::TryVerifyAbsLowerBoundFromAbsCompare07	duplicate_or_orientation_candidate	numbered sibling identities require schema comparison before separate theorems	evidence_gap	Codex	1	src/verification/builtin_rules/abs_order_builtin.rs:694		inspect the exact producer Result and replace generic evidence for builtin.verify.verify_builtin_rules.abs_order_builtin.try_verify_abs_lower_bound_from_abs_compare.07
builtin.verify.verify_builtin_rules.abs_order_builtin.try_verify_abs_upper_bound	UncataloguedBuiltinRule::TryVerifyAbsUpperBound	mathematical_leaf_law	default leaf candidate pending exact target/premise review	dead_or_duplicate_candidate	Codex	0			prove there is no constructor, compare sibling schemas, then retire or restore builtin.verify.verify_builtin_rules.abs_order_builtin.try_verify_abs_upper_bound
builtin.verify.verify_builtin_rules.complex_builtin.complex_equality_result_with_steps	UncataloguedBuiltinRule::ComplexEqualityResultWithSteps	proof_composition_or_recursive_strategy	identity names an intermediate Result/composition boundary	evidence_gap	Codex	1	src/verification/builtin_rules/complex_builtin.rs:661		inspect the exact producer Result and replace generic evidence for builtin.verify.verify_builtin_rules.complex_builtin.complex_equality_result_with_steps
builtin.verify.verify_builtin_rules.complex_builtin.complex_order_result	UncataloguedBuiltinRule::ComplexOrderResult	proof_composition_or_recursive_strategy	identity names an intermediate Result/composition boundary	evidence_gap	Codex	1	src/verification/builtin_rules/complex_builtin.rs:675		inspect the exact producer Result and replace generic evidence for builtin.verify.verify_builtin_rules.complex_builtin.complex_order_result
builtin.verify.verify_builtin_rules.complex_builtin.try_verify_native_complex_abs_nonzero	UncataloguedBuiltinRule::TryVerifyNativeComplexAbsNonzero	checked_computation_or_reflection	producer is evaluation/reflection-shaped	evidence_gap	Codex	1	src/verification/builtin_rules/complex_builtin.rs:230		inspect the exact producer Result and replace generic evidence for builtin.verify.verify_builtin_rules.complex_builtin.try_verify_native_complex_abs_nonzero
builtin.verify.verify_builtin_rules.complex_builtin.try_verify_native_i_nonzero	UncataloguedBuiltinRule::TryVerifyNativeINonzero	checked_computation_or_reflection	producer is evaluation/reflection-shaped	evidence_gap	Codex	1	src/verification/builtin_rules/complex_builtin.rs:136		inspect the exact producer Result and replace generic evidence for builtin.verify.verify_builtin_rules.complex_builtin.try_verify_native_i_nonzero
builtin.verify.verify_builtin_rules.equality_dispatch.set_equality_success	UncataloguedBuiltinRule::SetEqualitySuccess	proof_composition_or_recursive_strategy	identity names an intermediate Result/composition boundary	evidence_gap	Codex	1	src/verification/builtin_rules/equality_dispatch/set_operations.rs:309		inspect the exact producer Result and replace generic evidence for builtin.verify.verify_builtin_rules.equality_dispatch.set_equality_success
builtin.verify.verify_builtin_rules.equality_dispatch.try_verify_cart_equality_from_dim_and_projections.01	UncataloguedBuiltinRule::TryVerifyCartEqualityFromDimAndProjections01	duplicate_or_orientation_candidate	numbered sibling identities require schema comparison before separate theorems	evidence_gap	Codex	1	src/verification/builtin_rules/equality_dispatch/tuples_and_cartesian.rs:214		inspect the exact producer Result and replace generic evidence for builtin.verify.verify_builtin_rules.equality_dispatch.try_verify_cart_equality_from_dim_and_projections.01
builtin.verify.verify_builtin_rules.equality_dispatch.try_verify_cart_equality_from_dim_and_projections.02	UncataloguedBuiltinRule::TryVerifyCartEqualityFromDimAndProjections02	duplicate_or_orientation_candidate	numbered sibling identities require schema comparison before separate theorems	evidence_gap	Codex	1	src/verification/builtin_rules/equality_dispatch/tuples_and_cartesian.rs:260		inspect the exact producer Result and replace generic evidence for builtin.verify.verify_builtin_rules.equality_dispatch.try_verify_cart_equality_from_dim_and_projections.02
builtin.verify.verify_builtin_rules.equality_dispatch.try_verify_division_from_known_product	UncataloguedBuiltinRule::TryVerifyDivisionFromKnownProduct	mathematical_leaf_law	default leaf candidate pending exact target/premise review	evidence_gap	Codex	1	src/verification/builtin_rules/equality_dispatch/division_and_products.rs:151		inspect the exact producer Result and replace generic evidence for builtin.verify.verify_builtin_rules.equality_dispatch.try_verify_division_from_known_product
builtin.verify.verify_builtin_rules.equality_dispatch.try_verify_empty_finite_set_from_size_zero	UncataloguedBuiltinRule::TryVerifyEmptyFiniteSetFromSizeZero	mathematical_leaf_law	default leaf candidate pending exact target/premise review	evidence_gap	Codex	1	src/verification/builtin_rules/equality_dispatch/empty_sets.rs:107		inspect the exact producer Result and replace generic evidence for builtin.verify.verify_builtin_rules.equality_dispatch.try_verify_empty_finite_set_from_size_zero
builtin.verify.verify_builtin_rules.equality_dispatch.try_verify_empty_set_equality_from_not_nonempty.01	UncataloguedBuiltinRule::TryVerifyEmptySetEqualityFromNotNonempty01	duplicate_or_orientation_candidate	numbered sibling identities require schema comparison before separate theorems	evidence_gap	Codex	1	src/verification/builtin_rules/equality_dispatch/empty_sets.rs:53		inspect the exact producer Result and replace generic evidence for builtin.verify.verify_builtin_rules.equality_dispatch.try_verify_empty_set_equality_from_not_nonempty.01
builtin.verify.verify_builtin_rules.equality_dispatch.try_verify_empty_set_equality_from_not_nonempty.02	UncataloguedBuiltinRule::TryVerifyEmptySetEqualityFromNotNonempty02	duplicate_or_orientation_candidate	numbered sibling identities require schema comparison before separate theorems	evidence_gap	Codex	1	src/verification/builtin_rules/equality_dispatch/empty_sets.rs:70		inspect the exact producer Result and replace generic evidence for builtin.verify.verify_builtin_rules.equality_dispatch.try_verify_empty_set_equality_from_not_nonempty.02
builtin.verify.verify_builtin_rules.equality_dispatch.try_verify_equality_from_two_sided_weak_order.01	UncataloguedBuiltinRule::TryVerifyEqualityFromTwoSidedWeakOrder01	duplicate_or_orientation_candidate	numbered sibling identities require schema comparison before separate theorems	evidence_gap	Codex	1	src/verification/builtin_rules/equality_dispatch/two_sided_order.rs:90		inspect the exact producer Result and replace generic evidence for builtin.verify.verify_builtin_rules.equality_dispatch.try_verify_equality_from_two_sided_weak_order.01
builtin.verify.verify_builtin_rules.equality_dispatch.try_verify_equality_from_two_sided_weak_order.02	UncataloguedBuiltinRule::TryVerifyEqualityFromTwoSidedWeakOrder02	duplicate_or_orientation_candidate	numbered sibling identities require schema comparison before separate theorems	evidence_gap	Codex	1	src/verification/builtin_rules/equality_dispatch/two_sided_order.rs:124		inspect the exact producer Result and replace generic evidence for builtin.verify.verify_builtin_rules.equality_dispatch.try_verify_equality_from_two_sided_weak_order.02
builtin.verify.verify_builtin_rules.equality_dispatch.try_verify_finite_set_size_integer_range_equality	UncataloguedBuiltinRule::TryVerifyFiniteSetSizeIntegerRangeEquality	mathematical_leaf_law	default leaf candidate pending exact target/premise review	evidence_gap	Codex	1	src/verification/builtin_rules/equality_dispatch/finite_set_cardinality.rs:249		inspect the exact producer Result and replace generic evidence for builtin.verify.verify_builtin_rules.equality_dispatch.try_verify_finite_set_size_integer_range_equality
builtin.verify.verify_builtin_rules.equality_dispatch.try_verify_finite_set_size_partition_equality	UncataloguedBuiltinRule::TryVerifyFiniteSetSizePartitionEquality	mathematical_leaf_law	default leaf candidate pending exact target/premise review	evidence_gap	Codex	1	src/verification/builtin_rules/equality_dispatch/finite_set_cardinality.rs:139		inspect the exact producer Result and replace generic evidence for builtin.verify.verify_builtin_rules.equality_dispatch.try_verify_finite_set_size_partition_equality
builtin.verify.verify_builtin_rules.equality_dispatch.try_verify_finite_set_size_set_minus_equality	UncataloguedBuiltinRule::TryVerifyFiniteSetSizeSetMinusEquality	mathematical_leaf_law	default leaf candidate pending exact target/premise review	evidence_gap	Codex	1	src/verification/builtin_rules/equality_dispatch/finite_set_cardinality.rs:63		inspect the exact producer Result and replace generic evidence for builtin.verify.verify_builtin_rules.equality_dispatch.try_verify_finite_set_size_set_minus_equality
builtin.verify.verify_builtin_rules.equality_dispatch.try_verify_finite_set_size_set_minus_of_subset_equality	UncataloguedBuiltinRule::TryVerifyFiniteSetSizeSetMinusOfSubsetEquality	mathematical_leaf_law	default leaf candidate pending exact target/premise review	evidence_gap	Codex	1	src/verification/builtin_rules/equality_dispatch/finite_set_cardinality.rs:190		inspect the exact producer Result and replace generic evidence for builtin.verify.verify_builtin_rules.equality_dispatch.try_verify_finite_set_size_set_minus_of_subset_equality
builtin.verify.verify_builtin_rules.equality_dispatch.try_verify_finite_set_size_union_equality	UncataloguedBuiltinRule::TryVerifyFiniteSetSizeUnionEquality	mathematical_leaf_law	default leaf candidate pending exact target/premise review	evidence_gap	Codex	1	src/verification/builtin_rules/equality_dispatch/finite_set_cardinality.rs:101		inspect the exact producer Result and replace generic evidence for builtin.verify.verify_builtin_rules.equality_dispatch.try_verify_finite_set_size_union_equality
builtin.verify.verify_builtin_rules.equality_dispatch.try_verify_indexed_set_family_equalities	UncataloguedBuiltinRule::TryVerifyIndexedSetFamilyEqualities	mathematical_leaf_law	default leaf candidate pending exact target/premise review	evidence_gap	Codex	1	src/verification/builtin_rules/equality_dispatch/indexed_set_families.rs:89		inspect the exact producer Result and replace generic evidence for builtin.verify.verify_builtin_rules.equality_dispatch.try_verify_indexed_set_family_equalities
builtin.verify.verify_builtin_rules.equality_dispatch.try_verify_literal_set_intersection_filter	UncataloguedBuiltinRule::TryVerifyLiteralSetIntersectionFilter	mathematical_leaf_law	default leaf candidate pending exact target/premise review	evidence_gap	Codex	1	src/verification/builtin_rules/equality_dispatch/literal_set_intersections.rs:130		inspect the exact producer Result and replace generic evidence for builtin.verify.verify_builtin_rules.equality_dispatch.try_verify_literal_set_intersection_filter
builtin.verify.verify_builtin_rules.equality_dispatch.try_verify_one_subtraction_from_known_addition.01	UncataloguedBuiltinRule::TryVerifyOneSubtractionFromKnownAddition01	duplicate_or_orientation_candidate	numbered sibling identities require schema comparison before separate theorems	evidence_gap	Codex	1	src/verification/builtin_rules/equality_dispatch/subtraction.rs:51		inspect the exact producer Result and replace generic evidence for builtin.verify.verify_builtin_rules.equality_dispatch.try_verify_one_subtraction_from_known_addition.01
builtin.verify.verify_builtin_rules.equality_dispatch.try_verify_one_subtraction_from_known_addition.02	UncataloguedBuiltinRule::TryVerifyOneSubtractionFromKnownAddition02	duplicate_or_orientation_candidate	numbered sibling identities require schema comparison before separate theorems	evidence_gap	Codex	1	src/verification/builtin_rules/equality_dispatch/subtraction.rs:73		inspect the exact producer Result and replace generic evidence for builtin.verify.verify_builtin_rules.equality_dispatch.try_verify_one_subtraction_from_known_addition.02
builtin.verify.verify_builtin_rules.equality_dispatch.try_verify_one_subtraction_from_known_addition.03	UncataloguedBuiltinRule::TryVerifyOneSubtractionFromKnownAddition03	duplicate_or_orientation_candidate	numbered sibling identities require schema comparison before separate theorems	evidence_gap	Codex	1	src/verification/builtin_rules/equality_dispatch/subtraction.rs:92		inspect the exact producer Result and replace generic evidence for builtin.verify.verify_builtin_rules.equality_dispatch.try_verify_one_subtraction_from_known_addition.03
builtin.verify.verify_builtin_rules.equality_dispatch.try_verify_power_set_finite_set_size_equality	UncataloguedBuiltinRule::TryVerifyPowerSetFiniteSetSizeEquality	mathematical_leaf_law	default leaf candidate pending exact target/premise review	evidence_gap	Codex	1	src/verification/builtin_rules/equality_dispatch/finite_set_cardinality.rs:285		inspect the exact producer Result and replace generic evidence for builtin.verify.verify_builtin_rules.equality_dispatch.try_verify_power_set_finite_set_size_equality
builtin.verify.verify_builtin_rules.equality_dispatch.try_verify_product_from_known_division_candidate	UncataloguedBuiltinRule::TryVerifyProductFromKnownDivisionCandidate	mathematical_leaf_law	default leaf candidate pending exact target/premise review	evidence_gap	Codex	1	src/verification/builtin_rules/equality_dispatch/division_and_products.rs:69		inspect the exact producer Result and replace generic evidence for builtin.verify.verify_builtin_rules.equality_dispatch.try_verify_product_from_known_division_candidate
builtin.verify.verify_builtin_rules.equality_dispatch.try_verify_symbolic_tuple_equality_from_coordinates	UncataloguedBuiltinRule::TryVerifySymbolicTupleEqualityFromCoordinates	target_abi_decision	producer targets a constructor family with an explicit object/fact compiler gap	abi_decision	user	1	src/verification/builtin_rules/equality_dispatch/tuples_and_cartesian.rs:153		freeze the Lean representation contract before compiling builtin.verify.verify_builtin_rules.equality_dispatch.try_verify_symbolic_tuple_equality_from_coordinates
builtin.verify.verify_builtin_rules.equality_dispatch.try_verify_tuple_equality_from_dim_and_projections	UncataloguedBuiltinRule::TryVerifyTupleEqualityFromDimAndProjections	target_abi_decision	producer targets a constructor family with an explicit object/fact compiler gap	abi_decision	user	1	src/verification/builtin_rules/equality_dispatch/tuples_and_cartesian.rs:62		freeze the Lean representation contract before compiling builtin.verify.verify_builtin_rules.equality_dispatch.try_verify_tuple_equality_from_dim_and_projections
builtin.verify.verify_builtin_rules.equality_dispatch.try_verify_tuple_reconstruction_from_known_cart_membership	UncataloguedBuiltinRule::TryVerifyTupleReconstructionFromKnownCartMembership	target_abi_decision	producer targets a constructor family with an explicit object/fact compiler gap	abi_decision	user	1	src/verification/builtin_rules/equality_dispatch/tuple_reconstruction.rs:50		freeze the Lean representation contract before compiling builtin.verify.verify_builtin_rules.equality_dispatch.try_verify_tuple_reconstruction_from_known_cart_membership
builtin.verify.verify_builtin_rules.equality_numeric.elementary.decomposition_parts	UncataloguedBuiltinRule::DecompositionParts	proof_composition_or_recursive_strategy	identity names an intermediate Result/composition boundary	evidence_gap	Codex	1	src/verification/builtin_rules/equality_numeric/elementary.rs:509		inspect the exact producer Result and replace generic evidence for builtin.verify.verify_builtin_rules.equality_numeric.elementary.decomposition_parts
builtin.verify.verify_builtin_rules.equality_numeric.elementary.try_verify_mod_dividend_minus_remainder_equals_zero	UncataloguedBuiltinRule::TryVerifyModDividendMinusRemainderEqualsZero	mathematical_leaf_law	default leaf candidate pending exact target/premise review	evidence_gap	Codex	1	src/verification/builtin_rules/equality_numeric/elementary.rs:441		inspect the exact producer Result and replace generic evidence for builtin.verify.verify_builtin_rules.equality_numeric.elementary.try_verify_mod_dividend_minus_remainder_equals_zero
builtin.verify.verify_builtin_rules.equality_numeric.elementary.try_verify_mod_eq_remainder_from_euclidean_division.01	UncataloguedBuiltinRule::TryVerifyModEqRemainderFromEuclideanDivision01	duplicate_or_orientation_candidate	numbered sibling identities require schema comparison before separate theorems	evidence_gap	Codex	1	src/verification/builtin_rules/equality_numeric/elementary.rs:575		inspect the exact producer Result and replace generic evidence for builtin.verify.verify_builtin_rules.equality_numeric.elementary.try_verify_mod_eq_remainder_from_euclidean_division.01
builtin.verify.verify_builtin_rules.equality_numeric.elementary.try_verify_mod_eq_remainder_from_euclidean_division.02	UncataloguedBuiltinRule::TryVerifyModEqRemainderFromEuclideanDivision02	duplicate_or_orientation_candidate	numbered sibling identities require schema comparison before separate theorems	evidence_gap	Codex	1	src/verification/builtin_rules/equality_numeric/elementary.rs:619		inspect the exact producer Result and replace generic evidence for builtin.verify.verify_builtin_rules.equality_numeric.elementary.try_verify_mod_eq_remainder_from_euclidean_division.02
builtin.verify.verify_builtin_rules.equality_numeric.elementary.try_verify_one_mod_equals_one_for_modulus_at_least_two	UncataloguedBuiltinRule::TryVerifyOneModEqualsOneForModulusAtLeastTwo	mathematical_leaf_law	default leaf candidate pending exact target/premise review	evidence_gap	Codex	1	src/verification/builtin_rules/equality_numeric/elementary.rs:377		inspect the exact producer Result and replace generic evidence for builtin.verify.verify_builtin_rules.equality_numeric.elementary.try_verify_one_mod_equals_one_for_modulus_at_least_two
builtin.verify.verify_builtin_rules.equality_numeric.elementary.try_verify_zero_equals_product_implies_other_factor_zero.01	UncataloguedBuiltinRule::TryVerifyZeroEqualsProductImpliesOtherFactorZero01	duplicate_or_orientation_candidate	numbered sibling identities require schema comparison before separate theorems	evidence_gap	Codex	1	src/verification/builtin_rules/equality_numeric/elementary.rs:148		inspect the exact producer Result and replace generic evidence for builtin.verify.verify_builtin_rules.equality_numeric.elementary.try_verify_zero_equals_product_implies_other_factor_zero.01
builtin.verify.verify_builtin_rules.equality_numeric.elementary.try_verify_zero_equals_product_implies_other_factor_zero.02	UncataloguedBuiltinRule::TryVerifyZeroEqualsProductImpliesOtherFactorZero02	duplicate_or_orientation_candidate	numbered sibling identities require schema comparison before separate theorems	evidence_gap	Codex	1	src/verification/builtin_rules/equality_numeric/elementary.rs:176		inspect the exact producer Result and replace generic evidence for builtin.verify.verify_builtin_rules.equality_numeric.elementary.try_verify_zero_equals_product_implies_other_factor_zero.02
builtin.verify.verify_builtin_rules.equality_numeric.elementary.try_verify_zero_equals_product_implies_other_factor_zero.03	UncataloguedBuiltinRule::TryVerifyZeroEqualsProductImpliesOtherFactorZero03	duplicate_or_orientation_candidate	numbered sibling identities require schema comparison before separate theorems	evidence_gap	Codex	1	src/verification/builtin_rules/equality_numeric/elementary.rs:202		inspect the exact producer Result and replace generic evidence for builtin.verify.verify_builtin_rules.equality_numeric.elementary.try_verify_zero_equals_product_implies_other_factor_zero.03
builtin.verify.verify_builtin_rules.equality_numeric.finite_set_product.try_verify_finite_set_product_pointwise_equality	UncataloguedBuiltinRule::TryVerifyFiniteSetProductPointwiseEquality	mathematical_leaf_law	default leaf candidate pending exact target/premise review	evidence_gap	Codex	1	src/verification/builtin_rules/equality_numeric/finite_set_product.rs:469		inspect the exact producer Result and replace generic evidence for builtin.verify.verify_builtin_rules.equality_numeric.finite_set_product.try_verify_finite_set_product_pointwise_equality
builtin.verify.verify_builtin_rules.equality_numeric.finite_set_sum.try_verify_finite_set_sum_substitution	UncataloguedBuiltinRule::TryVerifyFiniteSetSumSubstitution	mathematical_leaf_law	default leaf candidate pending exact target/premise review	evidence_gap	Codex	1	src/verification/builtin_rules/equality_numeric/finite_set_sum.rs:416		inspect the exact producer Result and replace generic evidence for builtin.verify.verify_builtin_rules.equality_numeric.finite_set_sum.try_verify_finite_set_sum_substitution
builtin.verify.verify_builtin_rules.equality_numeric.logarithms.try_verify_pow_equals_by_known_log_inverse	UncataloguedBuiltinRule::TryVerifyPowEqualsByKnownLogInverse	mathematical_leaf_law	default leaf candidate pending exact target/premise review	evidence_gap	Codex	1	src/verification/builtin_rules/equality_numeric/logarithms.rs:461		inspect the exact producer Result and replace generic evidence for builtin.verify.verify_builtin_rules.equality_numeric.logarithms.try_verify_pow_equals_by_known_log_inverse
builtin.verify.verify_builtin_rules.equality_numeric.power_identities.try_verify_minus_one_odd_natural_power	UncataloguedBuiltinRule::TryVerifyMinusOneOddNaturalPower	mathematical_leaf_law	default leaf candidate pending exact target/premise review	evidence_gap	Codex	1	src/verification/builtin_rules/equality_numeric/power_identities.rs:97		inspect the exact producer Result and replace generic evidence for builtin.verify.verify_builtin_rules.equality_numeric.power_identities.try_verify_minus_one_odd_natural_power
builtin.verify.verify_builtin_rules.equality_numeric.power_identities.try_verify_zero_pow_positive_exponent_identity	UncataloguedBuiltinRule::TryVerifyZeroPowPositiveExponentIdentity	mathematical_leaf_law	default leaf candidate pending exact target/premise review	evidence_gap	Codex	1	src/verification/builtin_rules/equality_numeric/power_identities.rs:271		inspect the exact producer Result and replace generic evidence for builtin.verify.verify_builtin_rules.equality_numeric.power_identities.try_verify_zero_pow_positive_exponent_identity
builtin.verify.verify_builtin_rules.equality_numeric.square_root.try_verify_sqrt_of_square_identity	UncataloguedBuiltinRule::TryVerifySqrtOfSquareIdentity	mathematical_leaf_law	default leaf candidate pending exact target/premise review	evidence_gap	Codex	1	src/verification/builtin_rules/equality_numeric/square_root.rs:130		inspect the exact producer Result and replace generic evidence for builtin.verify.verify_builtin_rules.equality_numeric.square_root.try_verify_sqrt_of_square_identity
builtin.verify.verify_builtin_rules.equality_numeric.square_root.try_verify_sqrt_product_identity	UncataloguedBuiltinRule::TryVerifySqrtProductIdentity	mathematical_leaf_law	default leaf candidate pending exact target/premise review	evidence_gap	Codex	1	src/verification/builtin_rules/equality_numeric/square_root.rs:207		inspect the exact producer Result and replace generic evidence for builtin.verify.verify_builtin_rules.equality_numeric.square_root.try_verify_sqrt_product_identity
builtin.verify.verify_builtin_rules.equality_numeric.square_root.try_verify_sqrt_quotient_identity	UncataloguedBuiltinRule::TryVerifySqrtQuotientIdentity	mathematical_leaf_law	default leaf candidate pending exact target/premise review	evidence_gap	Codex	1	src/verification/builtin_rules/equality_numeric/square_root.rs:288		inspect the exact producer Result and replace generic evidence for builtin.verify.verify_builtin_rules.equality_numeric.square_root.try_verify_sqrt_quotient_identity
builtin.verify.verify_builtin_rules.equality_numeric.square_root.try_verify_sqrt_square_identity	UncataloguedBuiltinRule::TryVerifySqrtSquareIdentity	mathematical_leaf_law	default leaf candidate pending exact target/premise review	evidence_gap	Codex	1	src/verification/builtin_rules/equality_numeric/square_root.rs:37		inspect the exact producer Result and replace generic evidence for builtin.verify.verify_builtin_rules.equality_numeric.square_root.try_verify_sqrt_square_identity
builtin.verify.verify_builtin_rules.equality_numeric.square_root.try_verify_sqrt_zero_one_identity	UncataloguedBuiltinRule::TryVerifySqrtZeroOneIdentity	mathematical_leaf_law	default leaf candidate pending exact target/premise review	evidence_gap	Codex	1	src/verification/builtin_rules/equality_numeric/square_root.rs:83		inspect the exact producer Result and replace generic evidence for builtin.verify.verify_builtin_rules.equality_numeric.square_root.try_verify_sqrt_zero_one_identity
builtin.verify.verify_builtin_rules.equality_numeric.square_sums.try_verify_square_sum_component_zero_from_known_sum_zero	UncataloguedBuiltinRule::TryVerifySquareSumComponentZeroFromKnownSumZero	mathematical_leaf_law	default leaf candidate pending exact target/premise review	evidence_gap	Codex	1	src/verification/builtin_rules/equality_numeric/square_sums.rs:135		inspect the exact producer Result and replace generic evidence for builtin.verify.verify_builtin_rules.equality_numeric.square_sums.try_verify_square_sum_component_zero_from_known_sum_zero
builtin.verify.verify_builtin_rules.equality_numeric.square_sums.try_verify_square_sum_zero_from_zero_components	UncataloguedBuiltinRule::TryVerifySquareSumZeroFromZeroComponents	mathematical_leaf_law	default leaf candidate pending exact target/premise review	evidence_gap	Codex	1	src/verification/builtin_rules/equality_numeric/square_sums.rs:55		inspect the exact producer Result and replace generic evidence for builtin.verify.verify_builtin_rules.equality_numeric.square_sums.try_verify_square_sum_zero_from_zero_components
builtin.verify.verify_builtin_rules.in_fact_builtin.cart_membership.try_verify_in_fact_by_symbolic_cart	UncataloguedBuiltinRule::TryVerifyInFactBySymbolicCart	target_abi_decision	producer targets a constructor family with an explicit object/fact compiler gap	abi_decision	user	1	src/verification/builtin_rules/in_fact_builtin/cart_membership.rs:120		freeze the Lean representation contract before compiling builtin.verify.verify_builtin_rules.in_fact_builtin.cart_membership.try_verify_in_fact_by_symbolic_cart
builtin.verify.verify_builtin_rules.in_fact_builtin.dispatch.verify_in_fact_with_builtin_rules.01	UncataloguedBuiltinRule::VerifyInFactWithBuiltinRules01	dispatcher_or_search_helper	producer is an explicit builtin strategy/dispatcher boundary	evidence_gap	Codex	1	src/verification/builtin_rules/in_fact_builtin/dispatch.rs:558		inspect the exact producer Result and replace generic evidence for builtin.verify.verify_builtin_rules.in_fact_builtin.dispatch.verify_in_fact_with_builtin_rules.01
builtin.verify.verify_builtin_rules.in_fact_builtin.dispatch.verify_in_fact_with_builtin_rules.02	UncataloguedBuiltinRule::VerifyInFactWithBuiltinRules02	dispatcher_or_search_helper	producer is an explicit builtin strategy/dispatcher boundary	evidence_gap	Codex	1	src/verification/builtin_rules/in_fact_builtin/dispatch.rs:600		inspect the exact producer Result and replace generic evidence for builtin.verify.verify_builtin_rules.in_fact_builtin.dispatch.verify_in_fact_with_builtin_rules.02
builtin.verify.verify_builtin_rules.in_fact_builtin.dispatch.verify_in_fact_with_builtin_rules.03	UncataloguedBuiltinRule::VerifyInFactWithBuiltinRules03	dispatcher_or_search_helper	producer is an explicit builtin strategy/dispatcher boundary	evidence_gap	Codex	1	src/verification/builtin_rules/in_fact_builtin/dispatch.rs:618		inspect the exact producer Result and replace generic evidence for builtin.verify.verify_builtin_rules.in_fact_builtin.dispatch.verify_in_fact_with_builtin_rules.03
builtin.verify.verify_builtin_rules.in_fact_builtin.dispatch.verify_in_fact_with_builtin_rules.04	UncataloguedBuiltinRule::VerifyInFactWithBuiltinRules04	dispatcher_or_search_helper	producer is an explicit builtin strategy/dispatcher boundary	evidence_gap	Codex	1	src/verification/builtin_rules/in_fact_builtin/dispatch.rs:630		inspect the exact producer Result and replace generic evidence for builtin.verify.verify_builtin_rules.in_fact_builtin.dispatch.verify_in_fact_with_builtin_rules.04
builtin.verify.verify_builtin_rules.in_fact_builtin.dispatch.verify_in_fact_with_builtin_rules.05	UncataloguedBuiltinRule::VerifyInFactWithBuiltinRules05	dispatcher_or_search_helper	producer is an explicit builtin strategy/dispatcher boundary	evidence_gap	Codex	1	src/verification/builtin_rules/in_fact_builtin/dispatch.rs:639		inspect the exact producer Result and replace generic evidence for builtin.verify.verify_builtin_rules.in_fact_builtin.dispatch.verify_in_fact_with_builtin_rules.05
builtin.verify.verify_builtin_rules.in_fact_builtin.dispatch.verify_in_fact_with_builtin_rules.06	UncataloguedBuiltinRule::VerifyInFactWithBuiltinRules06	dispatcher_or_search_helper	producer is an explicit builtin strategy/dispatcher boundary	evidence_gap	Codex	1	src/verification/builtin_rules/in_fact_builtin/dispatch.rs:651		inspect the exact producer Result and replace generic evidence for builtin.verify.verify_builtin_rules.in_fact_builtin.dispatch.verify_in_fact_with_builtin_rules.06
builtin.verify.verify_builtin_rules.in_fact_builtin.dispatch.verify_in_fact_with_builtin_rules.07	UncataloguedBuiltinRule::VerifyInFactWithBuiltinRules07	dispatcher_or_search_helper	producer is an explicit builtin strategy/dispatcher boundary	evidence_gap	Codex	1	src/verification/builtin_rules/in_fact_builtin/dispatch.rs:660		inspect the exact producer Result and replace generic evidence for builtin.verify.verify_builtin_rules.in_fact_builtin.dispatch.verify_in_fact_with_builtin_rules.07
builtin.verify.verify_builtin_rules.in_fact_builtin.dispatch.verify_in_fact_with_builtin_rules.08	UncataloguedBuiltinRule::VerifyInFactWithBuiltinRules08	dispatcher_or_search_helper	producer is an explicit builtin strategy/dispatcher boundary	evidence_gap	Codex	1	src/verification/builtin_rules/in_fact_builtin/dispatch.rs:672		inspect the exact producer Result and replace generic evidence for builtin.verify.verify_builtin_rules.in_fact_builtin.dispatch.verify_in_fact_with_builtin_rules.08
builtin.verify.verify_builtin_rules.in_fact_builtin.dispatch.verify_in_fact_with_builtin_rules.09	UncataloguedBuiltinRule::VerifyInFactWithBuiltinRules09	dispatcher_or_search_helper	producer is an explicit builtin strategy/dispatcher boundary	evidence_gap	Codex	1	src/verification/builtin_rules/in_fact_builtin/dispatch.rs:693		inspect the exact producer Result and replace generic evidence for builtin.verify.verify_builtin_rules.in_fact_builtin.dispatch.verify_in_fact_with_builtin_rules.09
builtin.verify.verify_builtin_rules.in_fact_builtin.dispatch.verify_in_fact_with_builtin_rules.10	UncataloguedBuiltinRule::VerifyInFactWithBuiltinRules10	dispatcher_or_search_helper	producer is an explicit builtin strategy/dispatcher boundary	evidence_gap	Codex	1	src/verification/builtin_rules/in_fact_builtin/dispatch.rs:965		inspect the exact producer Result and replace generic evidence for builtin.verify.verify_builtin_rules.in_fact_builtin.dispatch.verify_in_fact_with_builtin_rules.10
builtin.verify.verify_builtin_rules.in_fact_builtin.dispatch.verify_in_fact_with_builtin_rules.11	UncataloguedBuiltinRule::VerifyInFactWithBuiltinRules11	dispatcher_or_search_helper	producer is an explicit builtin strategy/dispatcher boundary	evidence_gap	Codex	1	src/verification/builtin_rules/in_fact_builtin/dispatch.rs:981		inspect the exact producer Result and replace generic evidence for builtin.verify.verify_builtin_rules.in_fact_builtin.dispatch.verify_in_fact_with_builtin_rules.11
builtin.verify.verify_builtin_rules.in_fact_builtin.dispatch.verify_not_in_fact_with_builtin_rules	UncataloguedBuiltinRule::VerifyNotInFactWithBuiltinRules	dispatcher_or_search_helper	producer is an explicit builtin strategy/dispatcher boundary	evidence_gap	Codex	1	src/verification/builtin_rules/in_fact_builtin/dispatch.rs:86		inspect the exact producer Result and replace generic evidence for builtin.verify.verify_builtin_rules.in_fact_builtin.dispatch.verify_not_in_fact_with_builtin_rules
builtin.verify.verify_builtin_rules.in_fact_builtin.numeric_membership.verify_in_fact_add_in_n_pos_from_n_pos_and_n.01	UncataloguedBuiltinRule::VerifyInFactAddInNPosFromNPosAndN01	duplicate_or_orientation_candidate	numbered sibling identities require schema comparison before separate theorems	dead_or_duplicate_candidate	Codex	0			prove there is no constructor, compare sibling schemas, then retire or restore builtin.verify.verify_builtin_rules.in_fact_builtin.numeric_membership.verify_in_fact_add_in_n_pos_from_n_pos_and_n.01
builtin.verify.verify_builtin_rules.in_fact_builtin.numeric_membership.verify_in_fact_add_in_n_pos_from_n_pos_and_n.02	UncataloguedBuiltinRule::VerifyInFactAddInNPosFromNPosAndN02	duplicate_or_orientation_candidate	numbered sibling identities require schema comparison before separate theorems	dead_or_duplicate_candidate	Codex	0			prove there is no constructor, compare sibling schemas, then retire or restore builtin.verify.verify_builtin_rules.in_fact_builtin.numeric_membership.verify_in_fact_add_in_n_pos_from_n_pos_and_n.02
builtin.verify.verify_builtin_rules.in_fact_builtin.numeric_membership.verify_in_fact_add_in_n_pos_from_n_pos_and_n.03	UncataloguedBuiltinRule::VerifyInFactAddInNPosFromNPosAndN03	duplicate_or_orientation_candidate	numbered sibling identities require schema comparison before separate theorems	dead_or_duplicate_candidate	Codex	0			prove there is no constructor, compare sibling schemas, then retire or restore builtin.verify.verify_builtin_rules.in_fact_builtin.numeric_membership.verify_in_fact_add_in_n_pos_from_n_pos_and_n.03
builtin.verify.verify_builtin_rules.in_fact_builtin.numeric_membership.verify_in_fact_add_in_n_pos_from_n_pos_and_n.04	UncataloguedBuiltinRule::VerifyInFactAddInNPosFromNPosAndN04	duplicate_or_orientation_candidate	numbered sibling identities require schema comparison before separate theorems	evidence_gap	Codex	1	src/verification/builtin_rules/in_fact_builtin/numeric_membership.rs:829		inspect the exact producer Result and replace generic evidence for builtin.verify.verify_builtin_rules.in_fact_builtin.numeric_membership.verify_in_fact_add_in_n_pos_from_n_pos_and_n.04
builtin.verify.verify_builtin_rules.in_fact_builtin.numeric_membership.verify_in_fact_arithmetic_expression_in_q	UncataloguedBuiltinRule::VerifyInFactArithmeticExpressionInQ	mathematical_leaf_law	default leaf candidate pending exact target/premise review	evidence_gap	Codex	1	src/verification/builtin_rules/in_fact_builtin/numeric_membership.rs:2108		inspect the exact producer Result and replace generic evidence for builtin.verify.verify_builtin_rules.in_fact_builtin.numeric_membership.verify_in_fact_arithmetic_expression_in_q
builtin.verify.verify_builtin_rules.in_fact_builtin.numeric_membership.verify_in_fact_arithmetic_expression_in_standard_negative_set.01	UncataloguedBuiltinRule::VerifyInFactArithmeticExpressionInStandardNegativeSet01	duplicate_or_orientation_candidate	numbered sibling identities require schema comparison before separate theorems	evidence_gap	Codex	1	src/verification/builtin_rules/in_fact_builtin/numeric_membership.rs:2163		inspect the exact producer Result and replace generic evidence for builtin.verify.verify_builtin_rules.in_fact_builtin.numeric_membership.verify_in_fact_arithmetic_expression_in_standard_negative_set.01
builtin.verify.verify_builtin_rules.in_fact_builtin.numeric_membership.verify_in_fact_arithmetic_expression_in_standard_negative_set.02	UncataloguedBuiltinRule::VerifyInFactArithmeticExpressionInStandardNegativeSet02	duplicate_or_orientation_candidate	numbered sibling identities require schema comparison before separate theorems	evidence_gap	Codex	1	src/verification/builtin_rules/in_fact_builtin/numeric_membership.rs:2198		inspect the exact producer Result and replace generic evidence for builtin.verify.verify_builtin_rules.in_fact_builtin.numeric_membership.verify_in_fact_arithmetic_expression_in_standard_negative_set.02
builtin.verify.verify_builtin_rules.in_fact_builtin.numeric_membership.verify_in_fact_arithmetic_expression_in_standard_negative_set.03	UncataloguedBuiltinRule::VerifyInFactArithmeticExpressionInStandardNegativeSet03	duplicate_or_orientation_candidate	numbered sibling identities require schema comparison before separate theorems	evidence_gap	Codex	1	src/verification/builtin_rules/in_fact_builtin/numeric_membership.rs:2220		inspect the exact producer Result and replace generic evidence for builtin.verify.verify_builtin_rules.in_fact_builtin.numeric_membership.verify_in_fact_arithmetic_expression_in_standard_negative_set.03
builtin.verify.verify_builtin_rules.in_fact_builtin.numeric_membership.verify_in_fact_arithmetic_expression_in_standard_negative_set.04	UncataloguedBuiltinRule::VerifyInFactArithmeticExpressionInStandardNegativeSet04	duplicate_or_orientation_candidate	numbered sibling identities require schema comparison before separate theorems	evidence_gap	Codex	1	src/verification/builtin_rules/in_fact_builtin/numeric_membership.rs:2246		inspect the exact producer Result and replace generic evidence for builtin.verify.verify_builtin_rules.in_fact_builtin.numeric_membership.verify_in_fact_arithmetic_expression_in_standard_negative_set.04
builtin.verify.verify_builtin_rules.in_fact_builtin.numeric_membership.verify_in_fact_arithmetic_expression_in_z	UncataloguedBuiltinRule::VerifyInFactArithmeticExpressionInZ	mathematical_leaf_law	default leaf candidate pending exact target/premise review	evidence_gap	Codex	1	src/verification/builtin_rules/in_fact_builtin/numeric_membership.rs:2028		inspect the exact producer Result and replace generic evidence for builtin.verify.verify_builtin_rules.in_fact_builtin.numeric_membership.verify_in_fact_arithmetic_expression_in_z
builtin.verify.verify_builtin_rules.in_fact_builtin.numeric_membership.verify_in_fact_fn_application_in_typed_return_set	UncataloguedBuiltinRule::VerifyInFactFnApplicationInTypedReturnSet	mathematical_leaf_law	default leaf candidate pending exact target/premise review	evidence_gap	Codex	1	src/verification/builtin_rules/in_fact_builtin/numeric_membership.rs:365		inspect the exact producer Result and replace generic evidence for builtin.verify.verify_builtin_rules.in_fact_builtin.numeric_membership.verify_in_fact_fn_application_in_typed_return_set
builtin.verify.verify_builtin_rules.in_fact_builtin.numeric_membership.verify_in_fact_interval_by_real_order_bounds.01	UncataloguedBuiltinRule::VerifyInFactIntervalByRealOrderBounds01	duplicate_or_orientation_candidate	numbered sibling identities require schema comparison before separate theorems	evidence_gap	Codex	1	src/verification/builtin_rules/in_fact_builtin/numeric_membership.rs:1212		inspect the exact producer Result and replace generic evidence for builtin.verify.verify_builtin_rules.in_fact_builtin.numeric_membership.verify_in_fact_interval_by_real_order_bounds.01
builtin.verify.verify_builtin_rules.in_fact_builtin.numeric_membership.verify_in_fact_interval_by_real_order_bounds.02	UncataloguedBuiltinRule::VerifyInFactIntervalByRealOrderBounds02	duplicate_or_orientation_candidate	numbered sibling identities require schema comparison before separate theorems	evidence_gap	Codex	1	src/verification/builtin_rules/in_fact_builtin/numeric_membership.rs:1242		inspect the exact producer Result and replace generic evidence for builtin.verify.verify_builtin_rules.in_fact_builtin.numeric_membership.verify_in_fact_interval_by_real_order_bounds.02
builtin.verify.verify_builtin_rules.in_fact_builtin.numeric_membership.verify_in_fact_mul_in_n_pos_from_factors_in_n_pos	UncataloguedBuiltinRule::VerifyInFactMulInNPosFromFactorsInNPos	mathematical_leaf_law	default leaf candidate pending exact target/premise review	dead_or_duplicate_candidate	Codex	0			prove there is no constructor, compare sibling schemas, then retire or restore builtin.verify.verify_builtin_rules.in_fact_builtin.numeric_membership.verify_in_fact_mul_in_n_pos_from_factors_in_n_pos
builtin.verify.verify_builtin_rules.in_fact_builtin.numeric_membership.verify_in_fact_one_side_infinity_interval_by_real_order_bound.01	UncataloguedBuiltinRule::VerifyInFactOneSideInfinityIntervalByRealOrderBound01	duplicate_or_orientation_candidate	numbered sibling identities require schema comparison before separate theorems	evidence_gap	Codex	1	src/verification/builtin_rules/in_fact_builtin/numeric_membership.rs:1284		inspect the exact producer Result and replace generic evidence for builtin.verify.verify_builtin_rules.in_fact_builtin.numeric_membership.verify_in_fact_one_side_infinity_interval_by_real_order_bound.01
builtin.verify.verify_builtin_rules.in_fact_builtin.numeric_membership.verify_in_fact_one_side_infinity_interval_by_real_order_bound.02	UncataloguedBuiltinRule::VerifyInFactOneSideInfinityIntervalByRealOrderBound02	duplicate_or_orientation_candidate	numbered sibling identities require schema comparison before separate theorems	evidence_gap	Codex	1	src/verification/builtin_rules/in_fact_builtin/numeric_membership.rs:1308		inspect the exact producer Result and replace generic evidence for builtin.verify.verify_builtin_rules.in_fact_builtin.numeric_membership.verify_in_fact_one_side_infinity_interval_by_real_order_bound.02
builtin.verify.verify_builtin_rules.in_fact_builtin.numeric_membership.verify_in_fact_pow_in_r_pos_from_positive_base_real_exponent	UncataloguedBuiltinRule::VerifyInFactPowInRPosFromPositiveBaseRealExponent	mathematical_leaf_law	default leaf candidate pending exact target/premise review	evidence_gap	Codex	1	src/verification/builtin_rules/in_fact_builtin/numeric_membership.rs:659		inspect the exact producer Result and replace generic evidence for builtin.verify.verify_builtin_rules.in_fact_builtin.numeric_membership.verify_in_fact_pow_in_r_pos_from_positive_base_real_exponent
builtin.verify.verify_builtin_rules.in_fact_builtin.numeric_membership.verify_in_fact_pow_in_standard_set_from_base_and_natural_exponent	UncataloguedBuiltinRule::VerifyInFactPowInStandardSetFromBaseAndNaturalExponent	mathematical_leaf_law	default leaf candidate pending exact target/premise review	evidence_gap	Codex	1	src/verification/builtin_rules/in_fact_builtin/numeric_membership.rs:620		inspect the exact producer Result and replace generic evidence for builtin.verify.verify_builtin_rules.in_fact_builtin.numeric_membership.verify_in_fact_pow_in_standard_set_from_base_and_natural_exponent
builtin.verify.verify_builtin_rules.in_fact_builtin.numeric_membership.verify_in_fact_sub_in_n_from_integer_terms_and_bound.01	UncataloguedBuiltinRule::VerifyInFactSubInNFromIntegerTermsAndBound01	duplicate_or_orientation_candidate	numbered sibling identities require schema comparison before separate theorems	evidence_gap	Codex	1	src/verification/builtin_rules/in_fact_builtin/numeric_membership.rs:444		inspect the exact producer Result and replace generic evidence for builtin.verify.verify_builtin_rules.in_fact_builtin.numeric_membership.verify_in_fact_sub_in_n_from_integer_terms_and_bound.01
builtin.verify.verify_builtin_rules.in_fact_builtin.numeric_membership.verify_in_fact_sub_in_n_from_integer_terms_and_bound.02	UncataloguedBuiltinRule::VerifyInFactSubInNFromIntegerTermsAndBound02	duplicate_or_orientation_candidate	numbered sibling identities require schema comparison before separate theorems	evidence_gap	Codex	1	src/verification/builtin_rules/in_fact_builtin/numeric_membership.rs:463		inspect the exact producer Result and replace generic evidence for builtin.verify.verify_builtin_rules.in_fact_builtin.numeric_membership.verify_in_fact_sub_in_n_from_integer_terms_and_bound.02
builtin.verify.verify_builtin_rules.in_fact_builtin.numeric_membership.verify_in_fact_sub_in_n_from_integer_terms_and_bound.03	UncataloguedBuiltinRule::VerifyInFactSubInNFromIntegerTermsAndBound03	duplicate_or_orientation_candidate	numbered sibling identities require schema comparison before separate theorems	evidence_gap	Codex	1	src/verification/builtin_rules/in_fact_builtin/numeric_membership.rs:501		inspect the exact producer Result and replace generic evidence for builtin.verify.verify_builtin_rules.in_fact_builtin.numeric_membership.verify_in_fact_sub_in_n_from_integer_terms_and_bound.03
builtin.verify.verify_builtin_rules.in_fact_builtin.numeric_membership.verify_in_fact_sub_in_n_from_integer_terms_and_bound.04	UncataloguedBuiltinRule::VerifyInFactSubInNFromIntegerTermsAndBound04	duplicate_or_orientation_candidate	numbered sibling identities require schema comparison before separate theorems	evidence_gap	Codex	1	src/verification/builtin_rules/in_fact_builtin/numeric_membership.rs:525		inspect the exact producer Result and replace generic evidence for builtin.verify.verify_builtin_rules.in_fact_builtin.numeric_membership.verify_in_fact_sub_in_n_from_integer_terms_and_bound.04
builtin.verify.verify_builtin_rules.in_fact_builtin.numeric_membership.verify_in_fact_sub_in_n_pos_from_n_pos_and_greater_than_one	UncataloguedBuiltinRule::VerifyInFactSubInNPosFromNPosAndGreaterThanOne	mathematical_leaf_law	default leaf candidate pending exact target/premise review	evidence_gap	Codex	1	src/verification/builtin_rules/in_fact_builtin/numeric_membership.rs:711		inspect the exact producer Result and replace generic evidence for builtin.verify.verify_builtin_rules.in_fact_builtin.numeric_membership.verify_in_fact_sub_in_n_pos_from_n_pos_and_greater_than_one
builtin.verify.verify_builtin_rules.in_fact_builtin.numeric_membership.verify_reduce_membership_from_operation_carrier	UncataloguedBuiltinRule::VerifyReduceMembershipFromOperationCarrier	mathematical_leaf_law	default leaf candidate pending exact target/premise review	evidence_gap	Codex	1	src/verification/builtin_rules/in_fact_builtin/numeric_membership.rs:34		inspect the exact producer Result and replace generic evidence for builtin.verify.verify_builtin_rules.in_fact_builtin.numeric_membership.verify_reduce_membership_from_operation_carrier
builtin.verify.verify_builtin_rules.in_fact_builtin.numeric_membership.verify_refined_integer_carrier_from_known_sign	UncataloguedBuiltinRule::VerifyRefinedIntegerCarrierFromKnownSign	mathematical_leaf_law	default leaf candidate pending exact target/premise review	evidence_gap	Codex	1	src/verification/builtin_rules/in_fact_builtin/numeric_membership.rs:90		inspect the exact producer Result and replace generic evidence for builtin.verify.verify_builtin_rules.in_fact_builtin.numeric_membership.verify_refined_integer_carrier_from_known_sign
builtin.verify.verify_builtin_rules.in_fact_builtin.numeric_values.not_in_fact_verified_by_builtin_rules_result	UncataloguedBuiltinRule::NotInFactVerifiedByBuiltinRulesResult	proof_composition_or_recursive_strategy	identity names an intermediate Result/composition boundary	evidence_gap	Codex	1	src/verification/builtin_rules/in_fact_builtin/numeric_values.rs:66		inspect the exact producer Result and replace generic evidence for builtin.verify.verify_builtin_rules.in_fact_builtin.numeric_values.not_in_fact_verified_by_builtin_rules_result
builtin.verify.verify_builtin_rules.in_fact_builtin.numeric_values.number_in_set_verified_by_builtin_rules_result	UncataloguedBuiltinRule::NumberInSetVerifiedByBuiltinRulesResult	proof_composition_or_recursive_strategy	identity names an intermediate Result/composition boundary	evidence_gap	Codex	1	src/verification/builtin_rules/in_fact_builtin/numeric_values.rs:12		inspect the exact producer Result and replace generic evidence for builtin.verify.verify_builtin_rules.in_fact_builtin.numeric_values.number_in_set_verified_by_builtin_rules_result
builtin.verify.verify_builtin_rules.in_fact_builtin.numeric_values.number_in_set_verified_by_builtin_rules_result_with_subgoals	UncataloguedBuiltinRule::NumberInSetVerifiedByBuiltinRulesResultWithSubgoals	proof_composition_or_recursive_strategy	identity names an intermediate Result/composition boundary	evidence_gap	Codex	1	src/verification/builtin_rules/in_fact_builtin/numeric_values.rs:50		inspect the exact producer Result and replace generic evidence for builtin.verify.verify_builtin_rules.in_fact_builtin.numeric_values.number_in_set_verified_by_builtin_rules_result_with_subgoals
builtin.verify.verify_builtin_rules.in_fact_builtin.set_membership.maybe_verify_in_fact_finite_set_extremum.01	UncataloguedBuiltinRule::MaybeVerifyInFactFiniteSetExtremum01	duplicate_or_orientation_candidate	numbered sibling identities require schema comparison before separate theorems	evidence_gap	Codex	1	src/verification/builtin_rules/in_fact_builtin/set_membership.rs:1654		inspect the exact producer Result and replace generic evidence for builtin.verify.verify_builtin_rules.in_fact_builtin.set_membership.maybe_verify_in_fact_finite_set_extremum.01
builtin.verify.verify_builtin_rules.in_fact_builtin.set_membership.maybe_verify_in_fact_finite_set_extremum.02	UncataloguedBuiltinRule::MaybeVerifyInFactFiniteSetExtremum02	duplicate_or_orientation_candidate	numbered sibling identities require schema comparison before separate theorems	evidence_gap	Codex	1	src/verification/builtin_rules/in_fact_builtin/set_membership.rs:1685		inspect the exact producer Result and replace generic evidence for builtin.verify.verify_builtin_rules.in_fact_builtin.set_membership.maybe_verify_in_fact_finite_set_extremum.02
builtin.verify.verify_builtin_rules.in_fact_builtin.set_membership.maybe_verify_in_fact_in_unfolded_user_defined_set_once	UncataloguedBuiltinRule::MaybeVerifyInFactInUnfoldedUserDefinedSetOnce	mathematical_leaf_law	default leaf candidate pending exact target/premise review	evidence_gap	Codex	1	src/verification/builtin_rules/in_fact_builtin/set_membership.rs:1496		inspect the exact producer Result and replace generic evidence for builtin.verify.verify_builtin_rules.in_fact_builtin.set_membership.maybe_verify_in_fact_in_unfolded_user_defined_set_once
builtin.verify.verify_builtin_rules.in_fact_builtin.set_membership.try_verify_atomic_fact_from_known_set_builder_membership.01	UncataloguedBuiltinRule::TryVerifyAtomicFactFromKnownSetBuilderMembership01	duplicate_or_orientation_candidate	numbered sibling identities require schema comparison before separate theorems	evidence_gap	Codex	1	src/verification/builtin_rules/in_fact_builtin/set_membership.rs:274		inspect the exact producer Result and replace generic evidence for builtin.verify.verify_builtin_rules.in_fact_builtin.set_membership.try_verify_atomic_fact_from_known_set_builder_membership.01
builtin.verify.verify_builtin_rules.in_fact_builtin.set_membership.try_verify_atomic_fact_from_known_set_builder_membership.02	UncataloguedBuiltinRule::TryVerifyAtomicFactFromKnownSetBuilderMembership02	duplicate_or_orientation_candidate	numbered sibling identities require schema comparison before separate theorems	evidence_gap	Codex	1	src/verification/builtin_rules/in_fact_builtin/set_membership.rs:356		inspect the exact producer Result and replace generic evidence for builtin.verify.verify_builtin_rules.in_fact_builtin.set_membership.try_verify_atomic_fact_from_known_set_builder_membership.02
builtin.verify.verify_builtin_rules.in_fact_builtin.set_membership.try_verify_set_builder_membership_definition_transport.01	UncataloguedBuiltinRule::TryVerifySetBuilderMembershipDefinitionTransport01	evidence_contract_gap	definition/quantifier replay needs richer structured evidence than one identity	evidence_gap	Codex	1	src/verification/builtin_rules/in_fact_builtin/set_membership.rs:66		inspect the exact producer Result and replace generic evidence for builtin.verify.verify_builtin_rules.in_fact_builtin.set_membership.try_verify_set_builder_membership_definition_transport.01
builtin.verify.verify_builtin_rules.in_fact_builtin.set_membership.try_verify_set_builder_membership_definition_transport.02	UncataloguedBuiltinRule::TryVerifySetBuilderMembershipDefinitionTransport02	evidence_contract_gap	definition/quantifier replay needs richer structured evidence than one identity	evidence_gap	Codex	1	src/verification/builtin_rules/in_fact_builtin/set_membership.rs:168		inspect the exact producer Result and replace generic evidence for builtin.verify.verify_builtin_rules.in_fact_builtin.set_membership.try_verify_set_builder_membership_definition_transport.02
builtin.verify.verify_builtin_rules.in_fact_builtin.set_membership.verify_in_fact_by_known_direct_superset	UncataloguedBuiltinRule::VerifyInFactByKnownDirectSuperset	mathematical_leaf_law	default leaf candidate pending exact target/premise review	mapped_not_kernel_checked	Codex	1	src/verification/builtin_rules/in_fact_builtin/set_membership.rs:1863	src/stmt_result_to_lean_compiler/compiler/fact_proof_dispatch.rs:389;src/stmt_result_to_lean_compiler/compiler/fact_proof_replay/proof_composition.rs:491	attach a positive tracer and real Lean kernel gate for builtin.verify.verify_builtin_rules.in_fact_builtin.set_membership.verify_in_fact_by_known_direct_superset
builtin.verify.verify_builtin_rules.in_fact_builtin.set_membership.verify_in_fact_by_struct_obj.01	UncataloguedBuiltinRule::VerifyInFactByStructObj01	duplicate_or_orientation_candidate	numbered sibling identities require schema comparison before separate theorems	evidence_gap	Codex	1	src/verification/builtin_rules/in_fact_builtin/set_membership.rs:1544		inspect the exact producer Result and replace generic evidence for builtin.verify.verify_builtin_rules.in_fact_builtin.set_membership.verify_in_fact_by_struct_obj.01
builtin.verify.verify_builtin_rules.in_fact_builtin.set_membership.verify_in_fact_by_struct_obj.02	UncataloguedBuiltinRule::VerifyInFactByStructObj02	duplicate_or_orientation_candidate	numbered sibling identities require schema comparison before separate theorems	evidence_gap	Codex	1	src/verification/builtin_rules/in_fact_builtin/set_membership.rs:1599		inspect the exact producer Result and replace generic evidence for builtin.verify.verify_builtin_rules.in_fact_builtin.set_membership.verify_in_fact_by_struct_obj.02
builtin.verify.verify_builtin_rules.in_fact_builtin.set_membership.verify_in_fact_fn_application_in_fn_range	UncataloguedBuiltinRule::VerifyInFactFnApplicationInFnRange	mathematical_leaf_law	default leaf candidate pending exact target/premise review	dead_or_duplicate_candidate	Codex	0			prove there is no constructor, compare sibling schemas, then retire or restore builtin.verify.verify_builtin_rules.in_fact_builtin.set_membership.verify_in_fact_fn_application_in_fn_range
builtin.verify.verify_builtin_rules.in_fact_builtin.set_membership.verify_in_fact_fn_range_in_power_set.01	UncataloguedBuiltinRule::VerifyInFactFnRangeInPowerSet01	duplicate_or_orientation_candidate	numbered sibling identities require schema comparison before separate theorems	evidence_gap	Codex	1	src/verification/builtin_rules/in_fact_builtin/set_membership.rs:1245		inspect the exact producer Result and replace generic evidence for builtin.verify.verify_builtin_rules.in_fact_builtin.set_membership.verify_in_fact_fn_range_in_power_set.01
builtin.verify.verify_builtin_rules.in_fact_builtin.set_membership.verify_in_fact_fn_range_in_power_set.02	UncataloguedBuiltinRule::VerifyInFactFnRangeInPowerSet02	duplicate_or_orientation_candidate	numbered sibling identities require schema comparison before separate theorems	evidence_gap	Codex	1	src/verification/builtin_rules/in_fact_builtin/set_membership.rs:1261		inspect the exact producer Result and replace generic evidence for builtin.verify.verify_builtin_rules.in_fact_builtin.set_membership.verify_in_fact_fn_range_in_power_set.02
builtin.verify.verify_builtin_rules.in_fact_builtin.set_membership.verify_in_fact_in_big_union_by_member_witness.01	UncataloguedBuiltinRule::VerifyInFactInBigUnionByMemberWitness01	duplicate_or_orientation_candidate	numbered sibling identities require schema comparison before separate theorems	evidence_gap	Codex	1	src/verification/builtin_rules/in_fact_builtin/set_membership.rs:623		inspect the exact producer Result and replace generic evidence for builtin.verify.verify_builtin_rules.in_fact_builtin.set_membership.verify_in_fact_in_big_union_by_member_witness.01
builtin.verify.verify_builtin_rules.in_fact_builtin.set_membership.verify_in_fact_in_big_union_by_member_witness.02	UncataloguedBuiltinRule::VerifyInFactInBigUnionByMemberWitness02	duplicate_or_orientation_candidate	numbered sibling identities require schema comparison before separate theorems	evidence_gap	Codex	1	src/verification/builtin_rules/in_fact_builtin/set_membership.rs:662		inspect the exact producer Result and replace generic evidence for builtin.verify.verify_builtin_rules.in_fact_builtin.set_membership.verify_in_fact_in_big_union_by_member_witness.02
builtin.verify.verify_builtin_rules.in_fact_builtin.set_membership.verify_in_fact_in_general_cart_by_defining_facts	UncataloguedBuiltinRule::VerifyInFactInGeneralCartByDefiningFacts	target_abi_decision	producer targets a constructor family with an explicit object/fact compiler gap	abi_decision	user	1	src/verification/builtin_rules/in_fact_builtin/set_membership.rs:1359		freeze the Lean representation contract before compiling builtin.verify.verify_builtin_rules.in_fact_builtin.set_membership.verify_in_fact_in_general_cart_by_defining_facts
builtin.verify.verify_builtin_rules.in_fact_builtin.set_membership.verify_in_fact_in_index_intersect_by_pointwise_membership.01	UncataloguedBuiltinRule::VerifyInFactInIndexIntersectByPointwiseMembership01	duplicate_or_orientation_candidate	numbered sibling identities require schema comparison before separate theorems	evidence_gap	Codex	1	src/verification/builtin_rules/in_fact_builtin/set_membership.rs:912		inspect the exact producer Result and replace generic evidence for builtin.verify.verify_builtin_rules.in_fact_builtin.set_membership.verify_in_fact_in_index_intersect_by_pointwise_membership.01
builtin.verify.verify_builtin_rules.in_fact_builtin.set_membership.verify_in_fact_in_index_intersect_by_pointwise_membership.02	UncataloguedBuiltinRule::VerifyInFactInIndexIntersectByPointwiseMembership02	duplicate_or_orientation_candidate	numbered sibling identities require schema comparison before separate theorems	evidence_gap	Codex	1	src/verification/builtin_rules/in_fact_builtin/set_membership.rs:937		inspect the exact producer Result and replace generic evidence for builtin.verify.verify_builtin_rules.in_fact_builtin.set_membership.verify_in_fact_in_index_intersect_by_pointwise_membership.02
builtin.verify.verify_builtin_rules.in_fact_builtin.set_membership.verify_in_fact_in_index_union_by_index_witness.01	UncataloguedBuiltinRule::VerifyInFactInIndexUnionByIndexWitness01	duplicate_or_orientation_candidate	numbered sibling identities require schema comparison before separate theorems	evidence_gap	Codex	1	src/verification/builtin_rules/in_fact_builtin/set_membership.rs:776		inspect the exact producer Result and replace generic evidence for builtin.verify.verify_builtin_rules.in_fact_builtin.set_membership.verify_in_fact_in_index_union_by_index_witness.01
builtin.verify.verify_builtin_rules.in_fact_builtin.set_membership.verify_in_fact_in_index_union_by_index_witness.02	UncataloguedBuiltinRule::VerifyInFactInIndexUnionByIndexWitness02	duplicate_or_orientation_candidate	numbered sibling identities require schema comparison before separate theorems	evidence_gap	Codex	1	src/verification/builtin_rules/in_fact_builtin/set_membership.rs:804		inspect the exact producer Result and replace generic evidence for builtin.verify.verify_builtin_rules.in_fact_builtin.set_membership.verify_in_fact_in_index_union_by_index_witness.02
builtin.verify.verify_builtin_rules.in_fact_builtin.set_membership.verify_in_fact_in_index_union_by_index_witness.03	UncataloguedBuiltinRule::VerifyInFactInIndexUnionByIndexWitness03	duplicate_or_orientation_candidate	numbered sibling identities require schema comparison before separate theorems	evidence_gap	Codex	1	src/verification/builtin_rules/in_fact_builtin/set_membership.rs:829		inspect the exact producer Result and replace generic evidence for builtin.verify.verify_builtin_rules.in_fact_builtin.set_membership.verify_in_fact_in_index_union_by_index_witness.03
builtin.verify.verify_builtin_rules.in_fact_builtin.set_membership.verify_in_fact_in_intersect_by_member_of_both_sides	UncataloguedBuiltinRule::VerifyInFactInIntersectByMemberOfBothSides	mathematical_leaf_law	default leaf candidate pending exact target/premise review	evidence_gap	Codex	1	src/verification/builtin_rules/in_fact_builtin/set_membership.rs:474		inspect the exact producer Result and replace generic evidence for builtin.verify.verify_builtin_rules.in_fact_builtin.set_membership.verify_in_fact_in_intersect_by_member_of_both_sides
builtin.verify.verify_builtin_rules.in_fact_builtin.set_membership.verify_in_fact_in_power_set_via_subset	UncataloguedBuiltinRule::VerifyInFactInPowerSetViaSubset	mathematical_leaf_law	default leaf candidate pending exact target/premise review	evidence_gap	Codex	1	src/verification/builtin_rules/in_fact_builtin/set_membership.rs:1300		inspect the exact producer Result and replace generic evidence for builtin.verify.verify_builtin_rules.in_fact_builtin.set_membership.verify_in_fact_in_power_set_via_subset
builtin.verify.verify_builtin_rules.in_fact_builtin.set_membership.verify_in_fact_in_replacement_by_relation_witness.01	UncataloguedBuiltinRule::VerifyInFactInReplacementByRelationWitness01	duplicate_or_orientation_candidate	numbered sibling identities require schema comparison before separate theorems	evidence_gap	Codex	1	src/verification/builtin_rules/in_fact_builtin/set_membership.rs:964		inspect the exact producer Result and replace generic evidence for builtin.verify.verify_builtin_rules.in_fact_builtin.set_membership.verify_in_fact_in_replacement_by_relation_witness.01
builtin.verify.verify_builtin_rules.in_fact_builtin.set_membership.verify_in_fact_in_replacement_by_relation_witness.02	UncataloguedBuiltinRule::VerifyInFactInReplacementByRelationWitness02	duplicate_or_orientation_candidate	numbered sibling identities require schema comparison before separate theorems	evidence_gap	Codex	1	src/verification/builtin_rules/in_fact_builtin/set_membership.rs:1014		inspect the exact producer Result and replace generic evidence for builtin.verify.verify_builtin_rules.in_fact_builtin.set_membership.verify_in_fact_in_replacement_by_relation_witness.02
builtin.verify.verify_builtin_rules.in_fact_builtin.set_membership.verify_in_fact_in_set_minus_by_member_and_non_member	UncataloguedBuiltinRule::VerifyInFactInSetMinusByMemberAndNonMember	mathematical_leaf_law	default leaf candidate pending exact target/premise review	evidence_gap	Codex	1	src/verification/builtin_rules/in_fact_builtin/set_membership.rs:593		inspect the exact producer Result and replace generic evidence for builtin.verify.verify_builtin_rules.in_fact_builtin.set_membership.verify_in_fact_in_set_minus_by_member_and_non_member
builtin.verify.verify_builtin_rules.in_fact_builtin.set_membership.verify_in_fact_in_union_by_member_of_either_side	UncataloguedBuiltinRule::VerifyInFactInUnionByMemberOfEitherSide	mathematical_leaf_law	default leaf candidate pending exact target/premise review	evidence_gap	Codex	1	src/verification/builtin_rules/in_fact_builtin/set_membership.rs:416		inspect the exact producer Result and replace generic evidence for builtin.verify.verify_builtin_rules.in_fact_builtin.set_membership.verify_in_fact_in_union_by_member_of_either_side
builtin.verify.verify_builtin_rules.in_fact_builtin.set_membership.verify_not_in_fact_not_in_intersect_by_non_member_of_either_side	UncataloguedBuiltinRule::VerifyNotInFactNotInIntersectByNonMemberOfEitherSide	mathematical_leaf_law	default leaf candidate pending exact target/premise review	evidence_gap	Codex	1	src/verification/builtin_rules/in_fact_builtin/set_membership.rs:535		inspect the exact producer Result and replace generic evidence for builtin.verify.verify_builtin_rules.in_fact_builtin.set_membership.verify_not_in_fact_not_in_intersect_by_non_member_of_either_side
builtin.verify.verify_builtin_rules.in_fact_builtin.structured_membership.verify_in_fact_anonymous_fn_signature_matches_fn_set.01	UncataloguedBuiltinRule::VerifyInFactAnonymousFnSignatureMatchesFnSet01	duplicate_or_orientation_candidate	numbered sibling identities require schema comparison before separate theorems	evidence_gap	Codex	1	src/verification/builtin_rules/in_fact_builtin/structured_membership.rs:424		inspect the exact producer Result and replace generic evidence for builtin.verify.verify_builtin_rules.in_fact_builtin.structured_membership.verify_in_fact_anonymous_fn_signature_matches_fn_set.01
builtin.verify.verify_builtin_rules.in_fact_builtin.structured_membership.verify_in_fact_anonymous_fn_signature_matches_fn_set.02	UncataloguedBuiltinRule::VerifyInFactAnonymousFnSignatureMatchesFnSet02	duplicate_or_orientation_candidate	numbered sibling identities require schema comparison before separate theorems	evidence_gap	Codex	1	src/verification/builtin_rules/in_fact_builtin/structured_membership.rs:451		inspect the exact producer Result and replace generic evidence for builtin.verify.verify_builtin_rules.in_fact_builtin.structured_membership.verify_in_fact_anonymous_fn_signature_matches_fn_set.02
builtin.verify.verify_builtin_rules.in_fact_builtin.structured_membership.verify_in_fact_anonymous_fn_signature_matches_fn_set_through_equal_sets	UncataloguedBuiltinRule::VerifyInFactAnonymousFnSignatureMatchesFnSetThroughEqualSets	mathematical_leaf_law	default leaf candidate pending exact target/premise review	evidence_gap	Codex	1	src/verification/builtin_rules/in_fact_builtin/structured_membership.rs:490		inspect the exact producer Result and replace generic evidence for builtin.verify.verify_builtin_rules.in_fact_builtin.structured_membership.verify_in_fact_anonymous_fn_signature_matches_fn_set_through_equal_sets
builtin.verify.verify_builtin_rules.in_fact_builtin.structured_membership.verify_in_fact_by_equal_to_one_element_in_list_set	UncataloguedBuiltinRule::VerifyInFactByEqualToOneElementInListSet	mathematical_leaf_law	default leaf candidate pending exact target/premise review	evidence_gap	Codex	1	src/verification/builtin_rules/in_fact_builtin/structured_membership.rs:300		inspect the exact producer Result and replace generic evidence for builtin.verify.verify_builtin_rules.in_fact_builtin.structured_membership.verify_in_fact_by_equal_to_one_element_in_list_set
builtin.verify.verify_builtin_rules.in_fact_builtin.structured_membership.verify_in_fact_by_known_list_set_carrier	UncataloguedBuiltinRule::VerifyInFactByKnownListSetCarrier	mathematical_leaf_law	default leaf candidate pending exact target/premise review	evidence_gap	Codex	1	src/verification/builtin_rules/in_fact_builtin/structured_membership.rs:759		inspect the exact producer Result and replace generic evidence for builtin.verify.verify_builtin_rules.in_fact_builtin.structured_membership.verify_in_fact_by_known_list_set_carrier
builtin.verify.verify_builtin_rules.in_fact_builtin.structured_membership.verify_in_fact_element_in_fn_set_by_stored_definition.01	UncataloguedBuiltinRule::VerifyInFactElementInFnSetByStoredDefinition01	duplicate_or_orientation_candidate	numbered sibling identities require schema comparison before separate theorems	evidence_gap	Codex	1	src/verification/builtin_rules/in_fact_builtin/structured_membership.rs:365		inspect the exact producer Result and replace generic evidence for builtin.verify.verify_builtin_rules.in_fact_builtin.structured_membership.verify_in_fact_element_in_fn_set_by_stored_definition.01
builtin.verify.verify_builtin_rules.in_fact_builtin.structured_membership.verify_in_fact_element_in_fn_set_by_stored_definition.02	UncataloguedBuiltinRule::VerifyInFactElementInFnSetByStoredDefinition02	duplicate_or_orientation_candidate	numbered sibling identities require schema comparison before separate theorems	evidence_gap	Codex	1	src/verification/builtin_rules/in_fact_builtin/structured_membership.rs:391		inspect the exact producer Result and replace generic evidence for builtin.verify.verify_builtin_rules.in_fact_builtin.structured_membership.verify_in_fact_element_in_fn_set_by_stored_definition.02
builtin.verify.verify_builtin_rules.in_fact_builtin.structured_membership.verify_in_fact_finite_seq_literal_application_in_set	UncataloguedBuiltinRule::VerifyInFactFiniteSeqLiteralApplicationInSet	mathematical_leaf_law	default leaf candidate pending exact target/premise review	evidence_gap	Codex	1	src/verification/builtin_rules/in_fact_builtin/structured_membership.rs:586		inspect the exact producer Result and replace generic evidence for builtin.verify.verify_builtin_rules.in_fact_builtin.structured_membership.verify_in_fact_finite_seq_literal_application_in_set
builtin.verify.verify_builtin_rules.in_fact_builtin.structured_membership.verify_in_fact_list_set_in_power_set_defines_membership	UncataloguedBuiltinRule::VerifyInFactListSetInPowerSetDefinesMembership	mathematical_leaf_law	default leaf candidate pending exact target/premise review	evidence_gap	Codex	1	src/verification/builtin_rules/in_fact_builtin/structured_membership.rs:225		inspect the exact producer Result and replace generic evidence for builtin.verify.verify_builtin_rules.in_fact_builtin.structured_membership.verify_in_fact_list_set_in_power_set_defines_membership
builtin.verify.verify_builtin_rules.in_fact_builtin.structured_membership.verify_in_fact_literal_tuple_projection_in_set.01	UncataloguedBuiltinRule::VerifyInFactLiteralTupleProjectionInSet01	duplicate_or_orientation_candidate	numbered sibling identities require schema comparison before separate theorems	evidence_gap	Codex	1	src/verification/builtin_rules/in_fact_builtin/structured_membership.rs:110		inspect the exact producer Result and replace generic evidence for builtin.verify.verify_builtin_rules.in_fact_builtin.structured_membership.verify_in_fact_literal_tuple_projection_in_set.01
builtin.verify.verify_builtin_rules.in_fact_builtin.structured_membership.verify_in_fact_literal_tuple_projection_in_set.02	UncataloguedBuiltinRule::VerifyInFactLiteralTupleProjectionInSet02	duplicate_or_orientation_candidate	numbered sibling identities require schema comparison before separate theorems	evidence_gap	Codex	1	src/verification/builtin_rules/in_fact_builtin/structured_membership.rs:125		inspect the exact producer Result and replace generic evidence for builtin.verify.verify_builtin_rules.in_fact_builtin.structured_membership.verify_in_fact_literal_tuple_projection_in_set.02
builtin.verify.verify_builtin_rules.in_fact_builtin.structured_membership.verify_in_fact_obj_at_index_in_standard_set_by_cart_factor_list_set	UncataloguedBuiltinRule::VerifyInFactObjAtIndexInStandardSetByCartFactorListSet	target_abi_decision	producer targets a constructor family with an explicit object/fact compiler gap	abi_decision	user	1	src/verification/builtin_rules/in_fact_builtin/structured_membership.rs:651		freeze the Lean representation contract before compiling builtin.verify.verify_builtin_rules.in_fact_builtin.structured_membership.verify_in_fact_obj_at_index_in_standard_set_by_cart_factor_list_set
builtin.verify.verify_builtin_rules.in_fact_builtin.structured_membership.verify_in_fact_set_builder_in_power_set_via_param_subset.01	UncataloguedBuiltinRule::VerifyInFactSetBuilderInPowerSetViaParamSubset01	duplicate_or_orientation_candidate	numbered sibling identities require schema comparison before separate theorems	evidence_gap	Codex	1	src/verification/builtin_rules/in_fact_builtin/structured_membership.rs:164		inspect the exact producer Result and replace generic evidence for builtin.verify.verify_builtin_rules.in_fact_builtin.structured_membership.verify_in_fact_set_builder_in_power_set_via_param_subset.01
builtin.verify.verify_builtin_rules.in_fact_builtin.structured_membership.verify_in_fact_set_builder_in_power_set_via_param_subset.02	UncataloguedBuiltinRule::VerifyInFactSetBuilderInPowerSetViaParamSubset02	duplicate_or_orientation_candidate	numbered sibling identities require schema comparison before separate theorems	dead_or_duplicate_candidate	Codex	0			prove there is no constructor, compare sibling schemas, then retire or restore builtin.verify.verify_builtin_rules.in_fact_builtin.structured_membership.verify_in_fact_set_builder_in_power_set_via_param_subset.02
builtin.verify.verify_builtin_rules.in_fact_builtin.structured_membership.verify_in_fact_struct_field_in_definition_carrier	UncataloguedBuiltinRule::VerifyInFactStructFieldInDefinitionCarrier	mathematical_leaf_law	default leaf candidate pending exact target/premise review	evidence_gap	Codex	1	src/verification/builtin_rules/in_fact_builtin/structured_membership.rs:50		inspect the exact producer Result and replace generic evidence for builtin.verify.verify_builtin_rules.in_fact_builtin.structured_membership.verify_in_fact_struct_field_in_definition_carrier
builtin.verify.verify_builtin_rules.in_fact_builtin.structured_membership.verify_not_in_fact_by_not_equal_to_every_element_in_list_set	UncataloguedBuiltinRule::VerifyNotInFactByNotEqualToEveryElementInListSet	mathematical_leaf_law	default leaf candidate pending exact target/premise review	evidence_gap	Codex	1	src/verification/builtin_rules/in_fact_builtin/structured_membership.rs:341		inspect the exact producer Result and replace generic evidence for builtin.verify.verify_builtin_rules.in_fact_builtin.structured_membership.verify_not_in_fact_by_not_equal_to_every_element_in_list_set
builtin.verify.verify_builtin_rules.indexed_set_family.indexed_family_subset_success	UncataloguedBuiltinRule::IndexedFamilySubsetSuccess	proof_composition_or_recursive_strategy	identity names an intermediate Result/composition boundary	evidence_gap	Codex	1	src/verification/builtin_rules/indexed_set_family.rs:399		inspect the exact producer Result and replace generic evidence for builtin.verify.verify_builtin_rules.indexed_set_family.indexed_family_subset_success
builtin.verify.verify_builtin_rules.indexed_set_family.verify_index_set_nonempty_premise	UncataloguedBuiltinRule::VerifyIndexSetNonemptyPremise	mathematical_leaf_law	default leaf candidate pending exact target/premise review	evidence_gap	Codex	1	src/verification/builtin_rules/indexed_set_family.rs:475		inspect the exact producer Result and replace generic evidence for builtin.verify.verify_builtin_rules.indexed_set_family.verify_index_set_nonempty_premise
builtin.verify.verify_builtin_rules.mapping_properties_builtin.try_verify_finite_codomain_from_known_surjection	UncataloguedBuiltinRule::TryVerifyFiniteCodomainFromKnownSurjection	mathematical_leaf_law	default leaf candidate pending exact target/premise review	evidence_gap	Codex	1	src/verification/builtin_rules/mapping_properties_builtin.rs:41		inspect the exact producer Result and replace generic evidence for builtin.verify.verify_builtin_rules.mapping_properties_builtin.try_verify_finite_codomain_from_known_surjection
builtin.verify.verify_builtin_rules.mapping_properties_builtin.try_verify_finite_set_size_codomain_le_domain_from_known_surjection	UncataloguedBuiltinRule::TryVerifyFiniteSetSizeCodomainLeDomainFromKnownSurjection	mathematical_leaf_law	default leaf candidate pending exact target/premise review	evidence_gap	Codex	1	src/verification/builtin_rules/mapping_properties_builtin.rs:219		inspect the exact producer Result and replace generic evidence for builtin.verify.verify_builtin_rules.mapping_properties_builtin.try_verify_finite_set_size_codomain_le_domain_from_known_surjection
builtin.verify.verify_builtin_rules.mapping_properties_builtin.try_verify_finite_set_size_fn_range_from_known_injection	UncataloguedBuiltinRule::TryVerifyFiniteSetSizeFnRangeFromKnownInjection	mathematical_leaf_law	default leaf candidate pending exact target/premise review	evidence_gap	Codex	1	src/verification/builtin_rules/mapping_properties_builtin.rs:97		inspect the exact producer Result and replace generic evidence for builtin.verify.verify_builtin_rules.mapping_properties_builtin.try_verify_finite_set_size_fn_range_from_known_injection
builtin.verify.verify_builtin_rules.mapping_properties_builtin.try_verify_finite_set_size_from_known_bijection	UncataloguedBuiltinRule::TryVerifyFiniteSetSizeFromKnownBijection	mathematical_leaf_law	default leaf candidate pending exact target/premise review	evidence_gap	Codex	1	src/verification/builtin_rules/mapping_properties_builtin.rs:164		inspect the exact producer Result and replace generic evidence for builtin.verify.verify_builtin_rules.mapping_properties_builtin.try_verify_finite_set_size_from_known_bijection
builtin.verify.verify_builtin_rules.mapping_properties_builtin.verify_known_or_structurally_finite_set	UncataloguedBuiltinRule::VerifyKnownOrStructurallyFiniteSet	mathematical_leaf_law	default leaf candidate pending exact target/premise review	evidence_gap	Codex	1	src/verification/builtin_rules/mapping_properties_builtin.rs:318		inspect the exact producer Result and replace generic evidence for builtin.verify.verify_builtin_rules.mapping_properties_builtin.verify_known_or_structurally_finite_set
builtin.verify.verify_builtin_rules.native_exp_sign_factorial.native_equal_success	UncataloguedBuiltinRule::NativeEqualSuccess	proof_composition_or_recursive_strategy	identity names an intermediate Result/composition boundary	evidence_gap	Codex	1	src/verification/builtin_rules/native_exp_sign_factorial.rs:675		inspect the exact producer Result and replace generic evidence for builtin.verify.verify_builtin_rules.native_exp_sign_factorial.native_equal_success
builtin.verify.verify_builtin_rules.native_exp_sign_factorial.try_verify_native_exp_ln_monotonicity.01	UncataloguedBuiltinRule::TryVerifyNativeExpLnMonotonicity01	checked_computation_or_reflection	producer is evaluation/reflection-shaped	evidence_gap	Codex	1	src/verification/builtin_rules/native_exp_sign_factorial.rs:590		inspect the exact producer Result and replace generic evidence for builtin.verify.verify_builtin_rules.native_exp_sign_factorial.try_verify_native_exp_ln_monotonicity.01
builtin.verify.verify_builtin_rules.native_exp_sign_factorial.try_verify_native_exp_ln_monotonicity.02	UncataloguedBuiltinRule::TryVerifyNativeExpLnMonotonicity02	checked_computation_or_reflection	producer is evaluation/reflection-shaped	evidence_gap	Codex	1	src/verification/builtin_rules/native_exp_sign_factorial.rs:618		inspect the exact producer Result and replace generic evidence for builtin.verify.verify_builtin_rules.native_exp_sign_factorial.try_verify_native_exp_ln_monotonicity.02
builtin.verify.verify_builtin_rules.native_exp_sign_factorial.try_verify_native_exp_ln_monotonicity.03	UncataloguedBuiltinRule::TryVerifyNativeExpLnMonotonicity03	checked_computation_or_reflection	producer is evaluation/reflection-shaped	evidence_gap	Codex	1	src/verification/builtin_rules/native_exp_sign_factorial.rs:658		inspect the exact producer Result and replace generic evidence for builtin.verify.verify_builtin_rules.native_exp_sign_factorial.try_verify_native_exp_ln_monotonicity.03
builtin.verify.verify_builtin_rules.native_exp_sign_factorial.try_verify_native_exp_sign_factorial_order	UncataloguedBuiltinRule::TryVerifyNativeExpSignFactorialOrder	checked_computation_or_reflection	producer is evaluation/reflection-shaped	evidence_gap	Codex	1	src/verification/builtin_rules/native_exp_sign_factorial.rs:341		inspect the exact producer Result and replace generic evidence for builtin.verify.verify_builtin_rules.native_exp_sign_factorial.try_verify_native_exp_sign_factorial_order
builtin.verify.verify_builtin_rules.native_exp_sign_factorial.try_verify_native_factorial_monotonicity	UncataloguedBuiltinRule::TryVerifyNativeFactorialMonotonicity	checked_computation_or_reflection	producer is evaluation/reflection-shaped	evidence_gap	Codex	1	src/verification/builtin_rules/native_exp_sign_factorial.rs:404		inspect the exact producer Result and replace generic evidence for builtin.verify.verify_builtin_rules.native_exp_sign_factorial.try_verify_native_factorial_monotonicity
builtin.verify.verify_builtin_rules.native_exp_sign_factorial.try_verify_native_sign_monotonicity	UncataloguedBuiltinRule::TryVerifyNativeSignMonotonicity	checked_computation_or_reflection	producer is evaluation/reflection-shaped	evidence_gap	Codex	1	src/verification/builtin_rules/native_exp_sign_factorial.rs:441		inspect the exact producer Result and replace generic evidence for builtin.verify.verify_builtin_rules.native_exp_sign_factorial.try_verify_native_sign_monotonicity
builtin.verify.verify_builtin_rules.native_exp_sign_factorial.try_verify_native_sign_nonzero_characterization	UncataloguedBuiltinRule::TryVerifyNativeSignNonzeroCharacterization	checked_computation_or_reflection	producer is evaluation/reflection-shaped	evidence_gap	Codex	1	src/verification/builtin_rules/native_exp_sign_factorial.rs:149		inspect the exact producer Result and replace generic evidence for builtin.verify.verify_builtin_rules.native_exp_sign_factorial.try_verify_native_sign_nonzero_characterization
builtin.verify.verify_builtin_rules.native_integer_extrema.try_verify_native_lcm_basic_equality	UncataloguedBuiltinRule::TryVerifyNativeLcmBasicEquality	checked_computation_or_reflection	producer is evaluation/reflection-shaped	evidence_gap	Codex	1	src/verification/builtin_rules/native_integer_extrema.rs:435		inspect the exact producer Result and replace generic evidence for builtin.verify.verify_builtin_rules.native_integer_extrema.try_verify_native_lcm_basic_equality
builtin.verify.verify_builtin_rules.native_integer_extrema.try_verify_native_lcm_gcd_product_equality	UncataloguedBuiltinRule::TryVerifyNativeLcmGcdProductEquality	checked_computation_or_reflection	producer is evaluation/reflection-shaped	evidence_gap	Codex	1	src/verification/builtin_rules/native_integer_extrema.rs:410		inspect the exact producer Result and replace generic evidence for builtin.verify.verify_builtin_rules.native_integer_extrema.try_verify_native_lcm_gcd_product_equality
builtin.verify.verify_builtin_rules.native_integer_extrema.try_verify_native_lcm_le_common_positive_multiple	UncataloguedBuiltinRule::TryVerifyNativeLcmLeCommonPositiveMultiple	checked_computation_or_reflection	producer is evaluation/reflection-shaped	evidence_gap	Codex	1	src/verification/builtin_rules/native_integer_extrema.rs:254		inspect the exact producer Result and replace generic evidence for builtin.verify.verify_builtin_rules.native_integer_extrema.try_verify_native_lcm_le_common_positive_multiple
builtin.verify.verify_builtin_rules.native_integer_extrema.try_verify_native_rounding_algebra_equality.01	UncataloguedBuiltinRule::TryVerifyNativeRoundingAlgebraEquality01	checked_computation_or_reflection	producer is evaluation/reflection-shaped	evidence_gap	Codex	1	src/verification/builtin_rules/native_integer_extrema.rs:65		inspect the exact producer Result and replace generic evidence for builtin.verify.verify_builtin_rules.native_integer_extrema.try_verify_native_rounding_algebra_equality.01
builtin.verify.verify_builtin_rules.native_integer_extrema.try_verify_native_rounding_algebra_equality.02	UncataloguedBuiltinRule::TryVerifyNativeRoundingAlgebraEquality02	checked_computation_or_reflection	producer is evaluation/reflection-shaped	evidence_gap	Codex	1	src/verification/builtin_rules/native_integer_extrema.rs:90		inspect the exact producer Result and replace generic evidence for builtin.verify.verify_builtin_rules.native_integer_extrema.try_verify_native_rounding_algebra_equality.02
builtin.verify.verify_builtin_rules.native_integer_extrema.try_verify_native_rounding_extrema_monotonicity	UncataloguedBuiltinRule::TryVerifyNativeRoundingExtremaMonotonicity	checked_computation_or_reflection	producer is evaluation/reflection-shaped	evidence_gap	Codex	1	src/verification/builtin_rules/native_integer_extrema.rs:363		inspect the exact producer Result and replace generic evidence for builtin.verify.verify_builtin_rules.native_integer_extrema.try_verify_native_rounding_extrema_monotonicity
builtin.verify.verify_builtin_rules.native_integer_extrema.try_verify_native_rounding_extrema_order	UncataloguedBuiltinRule::TryVerifyNativeRoundingExtremaOrder	checked_computation_or_reflection	producer is evaluation/reflection-shaped	evidence_gap	Codex	1	src/verification/builtin_rules/native_integer_extrema.rs:202		inspect the exact producer Result and replace generic evidence for builtin.verify.verify_builtin_rules.native_integer_extrema.try_verify_native_rounding_extrema_order
builtin.verify.verify_builtin_rules.native_integer_extrema.try_verify_native_rounding_integer_equality	UncataloguedBuiltinRule::TryVerifyNativeRoundingIntegerEquality	checked_computation_or_reflection	producer is evaluation/reflection-shaped	evidence_gap	Codex	1	src/verification/builtin_rules/native_integer_extrema.rs:40		inspect the exact producer Result and replace generic evidence for builtin.verify.verify_builtin_rules.native_integer_extrema.try_verify_native_rounding_integer_equality
builtin.verify.verify_builtin_rules.non_equational_dispatch.verify_non_equational_atomic_fact_with_builtin_rules_inner	UncataloguedBuiltinRule::VerifyNonEquationalAtomicFactWithBuiltinRulesInner	dispatcher_or_search_helper	producer is an explicit builtin strategy/dispatcher boundary	mapped_not_kernel_checked	Codex	1	src/verification/builtin_rules/non_equational_dispatch.rs:55	src/stmt_result_to_lean_compiler/compiler/theorem_compilation/templates.rs:139	attach a positive tracer and real Lean kernel gate for builtin.verify.verify_builtin_rules.non_equational_dispatch.verify_non_equational_atomic_fact_with_builtin_rules_inner
builtin.verify.verify_builtin_rules.not_equal_builtin._verify_not_equal_fact_with_builtin_rules	UncataloguedBuiltinRule::VerifyNotEqualFactWithBuiltinRules	dispatcher_or_search_helper	producer is an explicit builtin strategy/dispatcher boundary	evidence_gap	Codex	1	src/verification/builtin_rules/not_equal_builtin.rs:68		inspect the exact producer Result and replace generic evidence for builtin.verify.verify_builtin_rules.not_equal_builtin._verify_not_equal_fact_with_builtin_rules
builtin.verify.verify_builtin_rules.not_equal_builtin.try_verify_abs_not_equal_zero_from_arg_nonzero	UncataloguedBuiltinRule::TryVerifyAbsNotEqualZeroFromArgNonzero	mathematical_leaf_law	default leaf candidate pending exact target/premise review	evidence_gap	Codex	1	src/verification/builtin_rules/not_equal_builtin.rs:598		inspect the exact producer Result and replace generic evidence for builtin.verify.verify_builtin_rules.not_equal_builtin.try_verify_abs_not_equal_zero_from_arg_nonzero
builtin.verify.verify_builtin_rules.not_equal_builtin.try_verify_add_not_equal_zero_from_operand_not_equal_negation.01	UncataloguedBuiltinRule::TryVerifyAddNotEqualZeroFromOperandNotEqualNegation01	duplicate_or_orientation_candidate	numbered sibling identities require schema comparison before separate theorems	evidence_gap	Codex	1	src/verification/builtin_rules/not_equal_builtin.rs:783		inspect the exact producer Result and replace generic evidence for builtin.verify.verify_builtin_rules.not_equal_builtin.try_verify_add_not_equal_zero_from_operand_not_equal_negation.01
builtin.verify.verify_builtin_rules.not_equal_builtin.try_verify_add_not_equal_zero_from_operand_not_equal_negation.02	UncataloguedBuiltinRule::TryVerifyAddNotEqualZeroFromOperandNotEqualNegation02	duplicate_or_orientation_candidate	numbered sibling identities require schema comparison before separate theorems	evidence_gap	Codex	1	src/verification/builtin_rules/not_equal_builtin.rs:805		inspect the exact producer Result and replace generic evidence for builtin.verify.verify_builtin_rules.not_equal_builtin.try_verify_add_not_equal_zero_from_operand_not_equal_negation.02
builtin.verify.verify_builtin_rules.not_equal_builtin.try_verify_div_not_equal_zero_from_numerator_nonzero	UncataloguedBuiltinRule::TryVerifyDivNotEqualZeroFromNumeratorNonzero	mathematical_leaf_law	default leaf candidate pending exact target/premise review	evidence_gap	Codex	1	src/verification/builtin_rules/not_equal_builtin.rs:1186		inspect the exact producer Result and replace generic evidence for builtin.verify.verify_builtin_rules.not_equal_builtin.try_verify_div_not_equal_zero_from_numerator_nonzero
builtin.verify.verify_builtin_rules.not_equal_builtin.try_verify_intrinsically_positive_native_value_nonzero	UncataloguedBuiltinRule::TryVerifyIntrinsicallyPositiveNativeValueNonzero	checked_computation_or_reflection	producer is evaluation/reflection-shaped	evidence_gap	Codex	1	src/verification/builtin_rules/not_equal_builtin.rs:246		inspect the exact producer Result and replace generic evidence for builtin.verify.verify_builtin_rules.not_equal_builtin.try_verify_intrinsically_positive_native_value_nonzero
builtin.verify.verify_builtin_rules.not_equal_builtin.try_verify_native_real_constant_nonzero	UncataloguedBuiltinRule::TryVerifyNativeRealConstantNonzero	checked_computation_or_reflection	producer is evaluation/reflection-shaped	evidence_gap	Codex	1	src/verification/builtin_rules/not_equal_builtin.rs:220		inspect the exact producer Result and replace generic evidence for builtin.verify.verify_builtin_rules.not_equal_builtin.try_verify_native_real_constant_nonzero
builtin.verify.verify_builtin_rules.not_equal_builtin.try_verify_not_equal_empty_set_from_nonempty	UncataloguedBuiltinRule::TryVerifyNotEqualEmptySetFromNonempty	mathematical_leaf_law	default leaf candidate pending exact target/premise review	evidence_gap	Codex	1	src/verification/builtin_rules/not_equal_builtin.rs:367		inspect the exact producer Result and replace generic evidence for builtin.verify.verify_builtin_rules.not_equal_builtin.try_verify_not_equal_empty_set_from_nonempty
builtin.verify.verify_builtin_rules.not_equal_builtin.try_verify_not_equal_fact_when_zero_and_binary_arithmetic_reduces_by_operand_facts	UncataloguedBuiltinRule::TryVerifyNotEqualFactWhenZeroAndBinaryArithmeticReducesByOperandFacts	mathematical_leaf_law	default leaf candidate pending exact target/premise review	evidence_gap	Codex	1	src/verification/builtin_rules/not_equal_builtin.rs:1631		inspect the exact producer Result and replace generic evidence for builtin.verify.verify_builtin_rules.not_equal_builtin.try_verify_not_equal_fact_when_zero_and_binary_arithmetic_reduces_by_operand_facts
builtin.verify.verify_builtin_rules.not_equal_builtin.try_verify_not_equal_from_known_positive_lower_bound	UncataloguedBuiltinRule::TryVerifyNotEqualFromKnownPositiveLowerBound	mathematical_leaf_law	default leaf candidate pending exact target/premise review	evidence_gap	Codex	1	src/verification/builtin_rules/not_equal_builtin.rs:507		inspect the exact producer Result and replace generic evidence for builtin.verify.verify_builtin_rules.not_equal_builtin.try_verify_not_equal_from_known_positive_lower_bound
builtin.verify.verify_builtin_rules.not_equal_builtin.try_verify_not_equal_from_known_strict_order	UncataloguedBuiltinRule::TryVerifyNotEqualFromKnownStrictOrder	mathematical_leaf_law	default leaf candidate pending exact target/premise review	evidence_gap	Codex	1	src/verification/builtin_rules/not_equal_builtin.rs:429		inspect the exact producer Result and replace generic evidence for builtin.verify.verify_builtin_rules.not_equal_builtin.try_verify_not_equal_from_known_strict_order
builtin.verify.verify_builtin_rules.not_equal_builtin.try_verify_not_equal_from_membership_contradiction	UncataloguedBuiltinRule::TryVerifyNotEqualFromMembershipContradiction	mathematical_leaf_law	default leaf candidate pending exact target/premise review	evidence_gap	Codex	1	src/verification/builtin_rules/not_equal_builtin.rs:551		inspect the exact producer Result and replace generic evidence for builtin.verify.verify_builtin_rules.not_equal_builtin.try_verify_not_equal_from_membership_contradiction
builtin.verify.verify_builtin_rules.not_equal_builtin.try_verify_not_equal_pow_from_base_nonzero.01	UncataloguedBuiltinRule::TryVerifyNotEqualPowFromBaseNonzero01	duplicate_or_orientation_candidate	numbered sibling identities require schema comparison before separate theorems	evidence_gap	Codex	1	src/verification/builtin_rules/not_equal_builtin.rs:1088		inspect the exact producer Result and replace generic evidence for builtin.verify.verify_builtin_rules.not_equal_builtin.try_verify_not_equal_pow_from_base_nonzero.01
builtin.verify.verify_builtin_rules.not_equal_builtin.try_verify_not_equal_pow_from_base_nonzero.02	UncataloguedBuiltinRule::TryVerifyNotEqualPowFromBaseNonzero02	duplicate_or_orientation_candidate	numbered sibling identities require schema comparison before separate theorems	evidence_gap	Codex	1	src/verification/builtin_rules/not_equal_builtin.rs:1112		inspect the exact producer Result and replace generic evidence for builtin.verify.verify_builtin_rules.not_equal_builtin.try_verify_not_equal_pow_from_base_nonzero.02
builtin.verify.verify_builtin_rules.not_equal_builtin.try_verify_not_equal_zero_from_n_and_one_le	UncataloguedBuiltinRule::TryVerifyNotEqualZeroFromNAndOneLe	mathematical_leaf_law	default leaf candidate pending exact target/premise review	evidence_gap	Codex	1	src/verification/builtin_rules/not_equal_builtin.rs:1008		inspect the exact producer Result and replace generic evidence for builtin.verify.verify_builtin_rules.not_equal_builtin.try_verify_not_equal_zero_from_n_and_one_le
builtin.verify.verify_builtin_rules.not_equal_builtin.try_verify_operand_not_equal_from_sub_not_equal_zero.01	UncataloguedBuiltinRule::TryVerifyOperandNotEqualFromSubNotEqualZero01	duplicate_or_orientation_candidate	numbered sibling identities require schema comparison before separate theorems	evidence_gap	Codex	1	src/verification/builtin_rules/not_equal_builtin.rs:849		inspect the exact producer Result and replace generic evidence for builtin.verify.verify_builtin_rules.not_equal_builtin.try_verify_operand_not_equal_from_sub_not_equal_zero.01
builtin.verify.verify_builtin_rules.not_equal_builtin.try_verify_operand_not_equal_from_sub_not_equal_zero.02	UncataloguedBuiltinRule::TryVerifyOperandNotEqualFromSubNotEqualZero02	duplicate_or_orientation_candidate	numbered sibling identities require schema comparison before separate theorems	evidence_gap	Codex	1	src/verification/builtin_rules/not_equal_builtin.rs:873		inspect the exact producer Result and replace generic evidence for builtin.verify.verify_builtin_rules.not_equal_builtin.try_verify_operand_not_equal_from_sub_not_equal_zero.02
builtin.verify.verify_builtin_rules.not_equal_builtin.try_verify_operand_not_equal_negation_from_add_not_equal_zero.01	UncataloguedBuiltinRule::TryVerifyOperandNotEqualNegationFromAddNotEqualZero01	duplicate_or_orientation_candidate	numbered sibling identities require schema comparison before separate theorems	evidence_gap	Codex	1	src/verification/builtin_rules/not_equal_builtin.rs:943		inspect the exact producer Result and replace generic evidence for builtin.verify.verify_builtin_rules.not_equal_builtin.try_verify_operand_not_equal_negation_from_add_not_equal_zero.01
builtin.verify.verify_builtin_rules.not_equal_builtin.try_verify_operand_not_equal_negation_from_add_not_equal_zero.02	UncataloguedBuiltinRule::TryVerifyOperandNotEqualNegationFromAddNotEqualZero02	duplicate_or_orientation_candidate	numbered sibling identities require schema comparison before separate theorems	evidence_gap	Codex	1	src/verification/builtin_rules/not_equal_builtin.rs:966		inspect the exact producer Result and replace generic evidence for builtin.verify.verify_builtin_rules.not_equal_builtin.try_verify_operand_not_equal_negation_from_add_not_equal_zero.02
builtin.verify.verify_builtin_rules.not_equal_builtin.try_verify_product_nonzero_component_from_known_product	UncataloguedBuiltinRule::TryVerifyProductNonzeroComponentFromKnownProduct	mathematical_leaf_law	default leaf candidate pending exact target/premise review	evidence_gap	Codex	1	src/verification/builtin_rules/not_equal_builtin.rs:1286		inspect the exact producer Result and replace generic evidence for builtin.verify.verify_builtin_rules.not_equal_builtin.try_verify_product_nonzero_component_from_known_product
builtin.verify.verify_builtin_rules.not_equal_builtin.try_verify_sqrt_not_equal_zero_from_positive_arg	UncataloguedBuiltinRule::TryVerifySqrtNotEqualZeroFromPositiveArg	mathematical_leaf_law	default leaf candidate pending exact target/premise review	evidence_gap	Codex	1	src/verification/builtin_rules/not_equal_builtin.rs:643		inspect the exact producer Result and replace generic evidence for builtin.verify.verify_builtin_rules.not_equal_builtin.try_verify_sqrt_not_equal_zero_from_positive_arg
builtin.verify.verify_builtin_rules.not_equal_builtin.try_verify_square_sum_not_equal_zero_from_nonzero_component	UncataloguedBuiltinRule::TryVerifySquareSumNotEqualZeroFromNonzeroComponent	mathematical_leaf_law	default leaf candidate pending exact target/premise review	evidence_gap	Codex	1	src/verification/builtin_rules/not_equal_builtin.rs:1348		inspect the exact producer Result and replace generic evidence for builtin.verify.verify_builtin_rules.not_equal_builtin.try_verify_square_sum_not_equal_zero_from_nonzero_component
builtin.verify.verify_builtin_rules.not_equal_builtin.try_verify_sub_not_equal_zero_from_operand_not_equal.01	UncataloguedBuiltinRule::TryVerifySubNotEqualZeroFromOperandNotEqual01	duplicate_or_orientation_candidate	numbered sibling identities require schema comparison before separate theorems	evidence_gap	Codex	1	src/verification/builtin_rules/not_equal_builtin.rs:696		inspect the exact producer Result and replace generic evidence for builtin.verify.verify_builtin_rules.not_equal_builtin.try_verify_sub_not_equal_zero_from_operand_not_equal.01
builtin.verify.verify_builtin_rules.not_equal_builtin.try_verify_sub_not_equal_zero_from_operand_not_equal.02	UncataloguedBuiltinRule::TryVerifySubNotEqualZeroFromOperandNotEqual02	duplicate_or_orientation_candidate	numbered sibling identities require schema comparison before separate theorems	evidence_gap	Codex	1	src/verification/builtin_rules/not_equal_builtin.rs:720		inspect the exact producer Result and replace generic evidence for builtin.verify.verify_builtin_rules.not_equal_builtin.try_verify_sub_not_equal_zero_from_operand_not_equal.02
builtin.verify.verify_builtin_rules.number_compare.try_verify_finite_nonempty_set_size_at_least_one	UncataloguedBuiltinRule::TryVerifyFiniteNonemptySetSizeAtLeastOne	mathematical_leaf_law	default leaf candidate pending exact target/premise review	evidence_gap	Codex	1	src/verification/builtin_rules/number_compare/finite_set_cardinality.rs:65		inspect the exact producer Result and replace generic evidence for builtin.verify.verify_builtin_rules.number_compare.try_verify_finite_nonempty_set_size_at_least_one
builtin.verify.verify_builtin_rules.number_compare.try_verify_finite_set_size_nonnegative	UncataloguedBuiltinRule::TryVerifyFiniteSetSizeNonnegative	mathematical_leaf_law	default leaf candidate pending exact target/premise review	evidence_gap	Codex	1	src/verification/builtin_rules/number_compare/finite_set_cardinality.rs:102		inspect the exact producer Result and replace generic evidence for builtin.verify.verify_builtin_rules.number_compare.try_verify_finite_set_size_nonnegative
builtin.verify.verify_builtin_rules.number_compare.try_verify_finite_set_size_subset_le.01	UncataloguedBuiltinRule::TryVerifyFiniteSetSizeSubsetLe01	duplicate_or_orientation_candidate	numbered sibling identities require schema comparison before separate theorems	evidence_gap	Codex	1	src/verification/builtin_rules/number_compare/finite_set_cardinality.rs:152		inspect the exact producer Result and replace generic evidence for builtin.verify.verify_builtin_rules.number_compare.try_verify_finite_set_size_subset_le.01
builtin.verify.verify_builtin_rules.number_compare.try_verify_finite_set_size_subset_le.02	UncataloguedBuiltinRule::TryVerifyFiniteSetSizeSubsetLe02	duplicate_or_orientation_candidate	numbered sibling identities require schema comparison before separate theorems	evidence_gap	Codex	1	src/verification/builtin_rules/number_compare/finite_set_cardinality.rs:205		inspect the exact producer Result and replace generic evidence for builtin.verify.verify_builtin_rules.number_compare.try_verify_finite_set_size_subset_le.02
builtin.verify.verify_builtin_rules.number_compare.try_verify_finite_set_size_union_le_sum	UncataloguedBuiltinRule::TryVerifyFiniteSetSizeUnionLeSum	mathematical_leaf_law	default leaf candidate pending exact target/premise review	evidence_gap	Codex	1	src/verification/builtin_rules/number_compare/finite_set_cardinality.rs:267		inspect the exact producer Result and replace generic evidence for builtin.verify.verify_builtin_rules.number_compare.try_verify_finite_set_size_union_le_sum
builtin.verify.verify_builtin_rules.number_compare.try_verify_mod_remainder_bounds	UncataloguedBuiltinRule::TryVerifyModRemainderBounds	mathematical_leaf_law	default leaf candidate pending exact target/premise review	evidence_gap	Codex	1	src/verification/builtin_rules/number_compare/modulo_bounds.rs:78		inspect the exact producer Result and replace generic evidence for builtin.verify.verify_builtin_rules.number_compare.try_verify_mod_remainder_bounds
builtin.verify.verify_builtin_rules.number_compare.try_verify_native_real_constant_positive	UncataloguedBuiltinRule::TryVerifyNativeRealConstantPositive	checked_computation_or_reflection	producer is evaluation/reflection-shaped	evidence_gap	Codex	1	src/verification/builtin_rules/number_compare/numeric_dispatch.rs:518		inspect the exact producer Result and replace generic evidence for builtin.verify.verify_builtin_rules.number_compare.try_verify_native_real_constant_positive
builtin.verify.verify_builtin_rules.number_compare.try_verify_numeric_lower_bound_from_known_lower_bound.01	UncataloguedBuiltinRule::TryVerifyNumericLowerBoundFromKnownLowerBound01	duplicate_or_orientation_candidate	numbered sibling identities require schema comparison before separate theorems	evidence_gap	Codex	1	src/verification/builtin_rules/number_compare/known_numeric_bounds.rs:54		inspect the exact producer Result and replace generic evidence for builtin.verify.verify_builtin_rules.number_compare.try_verify_numeric_lower_bound_from_known_lower_bound.01
builtin.verify.verify_builtin_rules.number_compare.try_verify_numeric_lower_bound_from_known_lower_bound.02	UncataloguedBuiltinRule::TryVerifyNumericLowerBoundFromKnownLowerBound02	duplicate_or_orientation_candidate	numbered sibling identities require schema comparison before separate theorems	evidence_gap	Codex	1	src/verification/builtin_rules/number_compare/known_numeric_bounds.rs:76		inspect the exact producer Result and replace generic evidence for builtin.verify.verify_builtin_rules.number_compare.try_verify_numeric_lower_bound_from_known_lower_bound.02
builtin.verify.verify_builtin_rules.number_compare.try_verify_numeric_lower_bound_from_known_lower_bound.03	UncataloguedBuiltinRule::TryVerifyNumericLowerBoundFromKnownLowerBound03	duplicate_or_orientation_candidate	numbered sibling identities require schema comparison before separate theorems	evidence_gap	Codex	1	src/verification/builtin_rules/number_compare/known_numeric_bounds.rs:111		inspect the exact producer Result and replace generic evidence for builtin.verify.verify_builtin_rules.number_compare.try_verify_numeric_lower_bound_from_known_lower_bound.03
builtin.verify.verify_builtin_rules.number_compare.try_verify_numeric_upper_bound_from_known_upper_bound	UncataloguedBuiltinRule::TryVerifyNumericUpperBoundFromKnownUpperBound	mathematical_leaf_law	default leaf candidate pending exact target/premise review	evidence_gap	Codex	1	src/verification/builtin_rules/number_compare/known_numeric_bounds.rs:212		inspect the exact producer Result and replace generic evidence for builtin.verify.verify_builtin_rules.number_compare.try_verify_numeric_upper_bound_from_known_upper_bound
builtin.verify.verify_builtin_rules.number_compare.try_verify_order_nonnegative_from_membership_in_n	UncataloguedBuiltinRule::TryVerifyOrderNonnegativeFromMembershipInN	mathematical_leaf_law	default leaf candidate pending exact target/premise review	evidence_gap	Codex	1	src/verification/builtin_rules/number_compare/integer_membership_bounds.rs:47		inspect the exact producer Result and replace generic evidence for builtin.verify.verify_builtin_rules.number_compare.try_verify_order_nonnegative_from_membership_in_n
builtin.verify.verify_builtin_rules.number_compare.try_verify_order_one_le_from_membership_in_n_and_nonzero	UncataloguedBuiltinRule::TryVerifyOrderOneLeFromMembershipInNAndNonzero	mathematical_leaf_law	default leaf candidate pending exact target/premise review	evidence_gap	Codex	1	src/verification/builtin_rules/number_compare/integer_membership_bounds.rs:171		inspect the exact producer Result and replace generic evidence for builtin.verify.verify_builtin_rules.number_compare.try_verify_order_one_le_from_membership_in_n_and_nonzero
builtin.verify.verify_builtin_rules.number_compare.try_verify_order_one_le_from_membership_in_n_pos	UncataloguedBuiltinRule::TryVerifyOrderOneLeFromMembershipInNPos	mathematical_leaf_law	default leaf candidate pending exact target/premise review	evidence_gap	Codex	1	src/verification/builtin_rules/number_compare/integer_membership_bounds.rs:99		inspect the exact producer Result and replace generic evidence for builtin.verify.verify_builtin_rules.number_compare.try_verify_order_one_le_from_membership_in_n_pos
builtin.verify.verify_builtin_rules.number_compare.try_verify_order_one_le_from_membership_in_z_and_positive	UncataloguedBuiltinRule::TryVerifyOrderOneLeFromMembershipInZAndPositive	mathematical_leaf_law	default leaf candidate pending exact target/premise review	evidence_gap	Codex	1	src/verification/builtin_rules/number_compare/integer_membership_bounds.rs:229		inspect the exact producer Result and replace generic evidence for builtin.verify.verify_builtin_rules.number_compare.try_verify_order_one_le_from_membership_in_z_and_positive
builtin.verify.verify_builtin_rules.number_compare.try_verify_order_opposite_sign_mul_minus_one	UncataloguedBuiltinRule::TryVerifyOrderOppositeSignMulMinusOne	mathematical_leaf_law	default leaf candidate pending exact target/premise review	dead_or_duplicate_candidate	Codex	0			prove there is no constructor, compare sibling schemas, then retire or restore builtin.verify.verify_builtin_rules.number_compare.try_verify_order_opposite_sign_mul_minus_one
builtin.verify.verify_builtin_rules.number_compare.try_verify_sqrt_monotonicity	UncataloguedBuiltinRule::TryVerifySqrtMonotonicity	mathematical_leaf_law	default leaf candidate pending exact target/premise review	evidence_gap	Codex	1	src/verification/builtin_rules/number_compare/roots_and_absolute_value.rs:187		inspect the exact producer Result and replace generic evidence for builtin.verify.verify_builtin_rules.number_compare.try_verify_sqrt_monotonicity
builtin.verify.verify_builtin_rules.number_compare.verify_log_order_builtin_rule.01	UncataloguedBuiltinRule::VerifyLogOrderBuiltinRule01	duplicate_or_orientation_candidate	numbered sibling identities require schema comparison before separate theorems	evidence_gap	Codex	1	src/verification/builtin_rules/number_compare/logarithm_order.rs:74		inspect the exact producer Result and replace generic evidence for builtin.verify.verify_builtin_rules.number_compare.verify_log_order_builtin_rule.01
builtin.verify.verify_builtin_rules.number_compare.verify_log_order_builtin_rule.02	UncataloguedBuiltinRule::VerifyLogOrderBuiltinRule02	duplicate_or_orientation_candidate	numbered sibling identities require schema comparison before separate theorems	evidence_gap	Codex	1	src/verification/builtin_rules/number_compare/logarithm_order.rs:93		inspect the exact producer Result and replace generic evidence for builtin.verify.verify_builtin_rules.number_compare.verify_log_order_builtin_rule.02
builtin.verify.verify_builtin_rules.number_compare.verify_log_order_builtin_rule.03	UncataloguedBuiltinRule::VerifyLogOrderBuiltinRule03	duplicate_or_orientation_candidate	numbered sibling identities require schema comparison before separate theorems	evidence_gap	Codex	1	src/verification/builtin_rules/number_compare/logarithm_order.rs:123		inspect the exact producer Result and replace generic evidence for builtin.verify.verify_builtin_rules.number_compare.verify_log_order_builtin_rule.03
builtin.verify.verify_builtin_rules.number_compare.verify_log_order_builtin_rule.04	UncataloguedBuiltinRule::VerifyLogOrderBuiltinRule04	duplicate_or_orientation_candidate	numbered sibling identities require schema comparison before separate theorems	evidence_gap	Codex	1	src/verification/builtin_rules/number_compare/logarithm_order.rs:160		inspect the exact producer Result and replace generic evidence for builtin.verify.verify_builtin_rules.number_compare.verify_log_order_builtin_rule.04
builtin.verify.verify_builtin_rules.number_compare.verify_negated_order_from_known_equivalent_order.01	UncataloguedBuiltinRule::VerifyNegatedOrderFromKnownEquivalentOrder01	duplicate_or_orientation_candidate	numbered sibling identities require schema comparison before separate theorems	evidence_gap	Codex	1	src/verification/builtin_rules/number_compare/order_equivalences.rs:327		inspect the exact producer Result and replace generic evidence for builtin.verify.verify_builtin_rules.number_compare.verify_negated_order_from_known_equivalent_order.01
builtin.verify.verify_builtin_rules.number_compare.verify_negated_order_from_known_equivalent_order.02	UncataloguedBuiltinRule::VerifyNegatedOrderFromKnownEquivalentOrder02	duplicate_or_orientation_candidate	numbered sibling identities require schema comparison before separate theorems	evidence_gap	Codex	1	src/verification/builtin_rules/number_compare/order_equivalences.rs:352		inspect the exact producer Result and replace generic evidence for builtin.verify.verify_builtin_rules.number_compare.verify_negated_order_from_known_equivalent_order.02
builtin.verify.verify_builtin_rules.number_compare.verify_order_atomic_fact_numeric_builtin_only.01	UncataloguedBuiltinRule::VerifyOrderAtomicFactNumericBuiltinOnly01	dispatcher_or_search_helper	producer is an explicit builtin strategy/dispatcher boundary	evidence_gap	Codex	1	src/verification/builtin_rules/number_compare/numeric_dispatch.rs:70		inspect the exact producer Result and replace generic evidence for builtin.verify.verify_builtin_rules.number_compare.verify_order_atomic_fact_numeric_builtin_only.01
builtin.verify.verify_builtin_rules.number_compare.verify_order_atomic_fact_numeric_builtin_only.02	UncataloguedBuiltinRule::VerifyOrderAtomicFactNumericBuiltinOnly02	dispatcher_or_search_helper	producer is an explicit builtin strategy/dispatcher boundary	evidence_gap	Codex	1	src/verification/builtin_rules/number_compare/numeric_dispatch.rs:309		inspect the exact producer Result and replace generic evidence for builtin.verify.verify_builtin_rules.number_compare.verify_order_atomic_fact_numeric_builtin_only.02
builtin.verify.verify_builtin_rules.number_compare.verify_order_atomic_fact_numeric_builtin_only.03	UncataloguedBuiltinRule::VerifyOrderAtomicFactNumericBuiltinOnly03	dispatcher_or_search_helper	producer is an explicit builtin strategy/dispatcher boundary	evidence_gap	Codex	1	src/verification/builtin_rules/number_compare/numeric_dispatch.rs:324		inspect the exact producer Result and replace generic evidence for builtin.verify.verify_builtin_rules.number_compare.verify_order_atomic_fact_numeric_builtin_only.03
builtin.verify.verify_builtin_rules.number_compare.verify_order_atomic_fact_numeric_builtin_only.04	UncataloguedBuiltinRule::VerifyOrderAtomicFactNumericBuiltinOnly04	dispatcher_or_search_helper	producer is an explicit builtin strategy/dispatcher boundary	evidence_gap	Codex	1	src/verification/builtin_rules/number_compare/numeric_dispatch.rs:356		inspect the exact producer Result and replace generic evidence for builtin.verify.verify_builtin_rules.number_compare.verify_order_atomic_fact_numeric_builtin_only.04
builtin.verify.verify_builtin_rules.number_compare.verify_order_atomic_fact_numeric_builtin_only.05	UncataloguedBuiltinRule::VerifyOrderAtomicFactNumericBuiltinOnly05	dispatcher_or_search_helper	producer is an explicit builtin strategy/dispatcher boundary	evidence_gap	Codex	1	src/verification/builtin_rules/number_compare/numeric_dispatch.rs:371		inspect the exact producer Result and replace generic evidence for builtin.verify.verify_builtin_rules.number_compare.verify_order_atomic_fact_numeric_builtin_only.05
builtin.verify.verify_builtin_rules.number_compare.verify_order_from_known_negated_complement	UncataloguedBuiltinRule::VerifyOrderFromKnownNegatedComplement	mathematical_leaf_law	default leaf candidate pending exact target/premise review	evidence_gap	Codex	1	src/verification/builtin_rules/number_compare/order_equivalences.rs:251		inspect the exact producer Result and replace generic evidence for builtin.verify.verify_builtin_rules.number_compare.verify_order_from_known_negated_complement
builtin.verify.verify_builtin_rules.number_compare.verify_order_from_known_zero_order_on_sub_builtin_rule.01	UncataloguedBuiltinRule::VerifyOrderFromKnownZeroOrderOnSubBuiltinRule01	duplicate_or_orientation_candidate	numbered sibling identities require schema comparison before separate theorems	evidence_gap	Codex	1	src/verification/builtin_rules/number_compare/subtraction_order.rs:63		inspect the exact producer Result and replace generic evidence for builtin.verify.verify_builtin_rules.number_compare.verify_order_from_known_zero_order_on_sub_builtin_rule.01
builtin.verify.verify_builtin_rules.number_compare.verify_order_from_known_zero_order_on_sub_builtin_rule.02	UncataloguedBuiltinRule::VerifyOrderFromKnownZeroOrderOnSubBuiltinRule02	duplicate_or_orientation_candidate	numbered sibling identities require schema comparison before separate theorems	evidence_gap	Codex	1	src/verification/builtin_rules/number_compare/subtraction_order.rs:90		inspect the exact producer Result and replace generic evidence for builtin.verify.verify_builtin_rules.number_compare.verify_order_from_known_zero_order_on_sub_builtin_rule.02
builtin.verify.verify_builtin_rules.number_compare.verify_order_from_known_zero_order_on_sub_builtin_rule.03	UncataloguedBuiltinRule::VerifyOrderFromKnownZeroOrderOnSubBuiltinRule03	duplicate_or_orientation_candidate	numbered sibling identities require schema comparison before separate theorems	evidence_gap	Codex	1	src/verification/builtin_rules/number_compare/subtraction_order.rs:109		inspect the exact producer Result and replace generic evidence for builtin.verify.verify_builtin_rules.number_compare.verify_order_from_known_zero_order_on_sub_builtin_rule.03
builtin.verify.verify_builtin_rules.number_compare.verify_zero_le_even_integer_pow_builtin_rule	UncataloguedBuiltinRule::VerifyZeroLeEvenIntegerPowBuiltinRule	mathematical_leaf_law	default leaf candidate pending exact target/premise review	evidence_gap	Codex	1	src/verification/builtin_rules/number_compare/power_sign.rs:57		inspect the exact producer Result and replace generic evidence for builtin.verify.verify_builtin_rules.number_compare.verify_zero_le_even_integer_pow_builtin_rule
builtin.verify.verify_builtin_rules.number_compare.verify_zero_le_pow_from_nonnegative_base_positive_integer_exp_builtin_rule	UncataloguedBuiltinRule::VerifyZeroLePowFromNonnegativeBasePositiveIntegerExpBuiltinRule	mathematical_leaf_law	default leaf candidate pending exact target/premise review	evidence_gap	Codex	1	src/verification/builtin_rules/number_compare/power_sign.rs:266		inspect the exact producer Result and replace generic evidence for builtin.verify.verify_builtin_rules.number_compare.verify_zero_le_pow_from_nonnegative_base_positive_integer_exp_builtin_rule
builtin.verify.verify_builtin_rules.number_compare.verify_zero_le_pow_from_positive_base_real_exp_builtin_rule	UncataloguedBuiltinRule::VerifyZeroLePowFromPositiveBaseRealExpBuiltinRule	mathematical_leaf_law	default leaf candidate pending exact target/premise review	evidence_gap	Codex	1	src/verification/builtin_rules/number_compare/power_sign.rs:216		inspect the exact producer Result and replace generic evidence for builtin.verify.verify_builtin_rules.number_compare.verify_zero_le_pow_from_positive_base_real_exp_builtin_rule
builtin.verify.verify_builtin_rules.number_compare.verify_zero_le_pow_integer_exponent_from_nonneg_base_builtin_rule	UncataloguedBuiltinRule::VerifyZeroLePowIntegerExponentFromNonnegBaseBuiltinRule	mathematical_leaf_law	default leaf candidate pending exact target/premise review	evidence_gap	Codex	1	src/verification/builtin_rules/number_compare/power_sign.rs:326		inspect the exact producer Result and replace generic evidence for builtin.verify.verify_builtin_rules.number_compare.verify_zero_le_pow_integer_exponent_from_nonneg_base_builtin_rule
builtin.verify.verify_builtin_rules.number_compare.verify_zero_le_sqrt_from_nonnegative_arg_builtin_rule	UncataloguedBuiltinRule::VerifyZeroLeSqrtFromNonnegativeArgBuiltinRule	mathematical_leaf_law	default leaf candidate pending exact target/premise review	evidence_gap	Codex	1	src/verification/builtin_rules/number_compare/roots_and_absolute_value.rs:67		inspect the exact producer Result and replace generic evidence for builtin.verify.verify_builtin_rules.number_compare.verify_zero_le_sqrt_from_nonnegative_arg_builtin_rule
builtin.verify.verify_builtin_rules.number_compare.verify_zero_lt_even_integer_pow_from_base_nonzero_builtin_rule	UncataloguedBuiltinRule::VerifyZeroLtEvenIntegerPowFromBaseNonzeroBuiltinRule	mathematical_leaf_law	default leaf candidate pending exact target/premise review	evidence_gap	Codex	1	src/verification/builtin_rules/number_compare/power_sign.rs:119		inspect the exact producer Result and replace generic evidence for builtin.verify.verify_builtin_rules.number_compare.verify_zero_lt_even_integer_pow_from_base_nonzero_builtin_rule
builtin.verify.verify_builtin_rules.number_compare.verify_zero_lt_pow_from_positive_base_real_exp_builtin_rule	UncataloguedBuiltinRule::VerifyZeroLtPowFromPositiveBaseRealExpBuiltinRule	mathematical_leaf_law	default leaf candidate pending exact target/premise review	evidence_gap	Codex	1	src/verification/builtin_rules/number_compare/power_sign.rs:167		inspect the exact producer Result and replace generic evidence for builtin.verify.verify_builtin_rules.number_compare.verify_zero_lt_pow_from_positive_base_real_exp_builtin_rule
builtin.verify.verify_builtin_rules.number_compare.verify_zero_lt_sqrt_from_positive_arg_builtin_rule	UncataloguedBuiltinRule::VerifyZeroLtSqrtFromPositiveArgBuiltinRule	mathematical_leaf_law	default leaf candidate pending exact target/premise review	evidence_gap	Codex	1	src/verification/builtin_rules/number_compare/roots_and_absolute_value.rs:109		inspect the exact producer Result and replace generic evidence for builtin.verify.verify_builtin_rules.number_compare.verify_zero_lt_sqrt_from_positive_arg_builtin_rule
builtin.verify.verify_builtin_rules.order_algebra_builtin.try_abs_le_from_even_power_le	UncataloguedBuiltinRule::TryAbsLeFromEvenPowerLe	mathematical_leaf_law	default leaf candidate pending exact target/premise review	evidence_gap	Codex	1	src/verification/builtin_rules/order_algebra_builtin.rs:712		inspect the exact producer Result and replace generic evidence for builtin.verify.verify_builtin_rules.order_algebra_builtin.try_abs_le_from_even_power_le
builtin.verify.verify_builtin_rules.order_algebra_builtin.try_base_le_from_pow_le_same_positive_integer_exponent_nonnegative_base	UncataloguedBuiltinRule::TryBaseLeFromPowLeSamePositiveIntegerExponentNonnegativeBase	mathematical_leaf_law	default leaf candidate pending exact target/premise review	evidence_gap	Codex	1	src/verification/builtin_rules/order_algebra_builtin.rs:426		inspect the exact producer Result and replace generic evidence for builtin.verify.verify_builtin_rules.order_algebra_builtin.try_base_le_from_pow_le_same_positive_integer_exponent_nonnegative_base
builtin.verify.verify_builtin_rules.order_algebra_builtin.try_base_le_from_pow_le_same_positive_real_exponent_positive_base	UncataloguedBuiltinRule::TryBaseLeFromPowLeSamePositiveRealExponentPositiveBase	mathematical_leaf_law	default leaf candidate pending exact target/premise review	evidence_gap	Codex	1	src/verification/builtin_rules/order_algebra_builtin.rs:473		inspect the exact producer Result and replace generic evidence for builtin.verify.verify_builtin_rules.order_algebra_builtin.try_base_le_from_pow_le_same_positive_real_exponent_positive_base
builtin.verify.verify_builtin_rules.order_algebra_builtin.try_base_lt_from_pow_lt_same_positive_real_exponent_positive_base	UncataloguedBuiltinRule::TryBaseLtFromPowLtSamePositiveRealExponentPositiveBase	mathematical_leaf_law	default leaf candidate pending exact target/premise review	evidence_gap	Codex	1	src/verification/builtin_rules/order_algebra_builtin.rs:823		inspect the exact producer Result and replace generic evidence for builtin.verify.verify_builtin_rules.order_algebra_builtin.try_base_lt_from_pow_lt_same_positive_real_exponent_positive_base
builtin.verify.verify_builtin_rules.order_algebra_builtin.try_less_algebra.01	UncataloguedBuiltinRule::TryLessAlgebra01	duplicate_or_orientation_candidate	numbered sibling identities require schema comparison before separate theorems	evidence_gap	Codex	1	src/verification/builtin_rules/order_algebra_builtin.rs:2266		inspect the exact producer Result and replace generic evidence for builtin.verify.verify_builtin_rules.order_algebra_builtin.try_less_algebra.01
builtin.verify.verify_builtin_rules.order_algebra_builtin.try_less_algebra.02	UncataloguedBuiltinRule::TryLessAlgebra02	duplicate_or_orientation_candidate	numbered sibling identities require schema comparison before separate theorems	evidence_gap	Codex	1	src/verification/builtin_rules/order_algebra_builtin.rs:2291		inspect the exact producer Result and replace generic evidence for builtin.verify.verify_builtin_rules.order_algebra_builtin.try_less_algebra.02
builtin.verify.verify_builtin_rules.order_algebra_builtin.try_less_algebra.03	UncataloguedBuiltinRule::TryLessAlgebra03	duplicate_or_orientation_candidate	numbered sibling identities require schema comparison before separate theorems	evidence_gap	Codex	1	src/verification/builtin_rules/order_algebra_builtin.rs:2391		inspect the exact producer Result and replace generic evidence for builtin.verify.verify_builtin_rules.order_algebra_builtin.try_less_algebra.03
builtin.verify.verify_builtin_rules.order_algebra_builtin.try_less_algebra.05	UncataloguedBuiltinRule::TryLessAlgebra05	duplicate_or_orientation_candidate	numbered sibling identities require schema comparison before separate theorems	evidence_gap	Codex	1	src/verification/builtin_rules/order_algebra_builtin.rs:2449		inspect the exact producer Result and replace generic evidence for builtin.verify.verify_builtin_rules.order_algebra_builtin.try_less_algebra.05
builtin.verify.verify_builtin_rules.order_algebra_builtin.try_less_algebra.06	UncataloguedBuiltinRule::TryLessAlgebra06	duplicate_or_orientation_candidate	numbered sibling identities require schema comparison before separate theorems	evidence_gap	Codex	1	src/verification/builtin_rules/order_algebra_builtin.rs:2492		inspect the exact producer Result and replace generic evidence for builtin.verify.verify_builtin_rules.order_algebra_builtin.try_less_algebra.06
builtin.verify.verify_builtin_rules.order_algebra_builtin.try_less_algebra.07	UncataloguedBuiltinRule::TryLessAlgebra07	duplicate_or_orientation_candidate	numbered sibling identities require schema comparison before separate theorems	evidence_gap	Codex	1	src/verification/builtin_rules/order_algebra_builtin.rs:2512		inspect the exact producer Result and replace generic evidence for builtin.verify.verify_builtin_rules.order_algebra_builtin.try_less_algebra.07
builtin.verify.verify_builtin_rules.order_algebra_builtin.try_less_algebra.08	UncataloguedBuiltinRule::TryLessAlgebra08	duplicate_or_orientation_candidate	numbered sibling identities require schema comparison before separate theorems	evidence_gap	Codex	1	src/verification/builtin_rules/order_algebra_builtin.rs:2529		inspect the exact producer Result and replace generic evidence for builtin.verify.verify_builtin_rules.order_algebra_builtin.try_less_algebra.08
builtin.verify.verify_builtin_rules.order_algebra_builtin.try_less_algebra.09	UncataloguedBuiltinRule::TryLessAlgebra09	duplicate_or_orientation_candidate	numbered sibling identities require schema comparison before separate theorems	evidence_gap	Codex	1	src/verification/builtin_rules/order_algebra_builtin.rs:2576		inspect the exact producer Result and replace generic evidence for builtin.verify.verify_builtin_rules.order_algebra_builtin.try_less_algebra.09
builtin.verify.verify_builtin_rules.order_algebra_builtin.try_less_algebra.10	UncataloguedBuiltinRule::TryLessAlgebra10	duplicate_or_orientation_candidate	numbered sibling identities require schema comparison before separate theorems	evidence_gap	Codex	1	src/verification/builtin_rules/order_algebra_builtin.rs:2602		inspect the exact producer Result and replace generic evidence for builtin.verify.verify_builtin_rules.order_algebra_builtin.try_less_algebra.10
builtin.verify.verify_builtin_rules.order_algebra_builtin.try_less_algebra.11	UncataloguedBuiltinRule::TryLessAlgebra11	duplicate_or_orientation_candidate	numbered sibling identities require schema comparison before separate theorems	evidence_gap	Codex	1	src/verification/builtin_rules/order_algebra_builtin.rs:2621		inspect the exact producer Result and replace generic evidence for builtin.verify.verify_builtin_rules.order_algebra_builtin.try_less_algebra.11
builtin.verify.verify_builtin_rules.order_algebra_builtin.try_less_algebra.12	UncataloguedBuiltinRule::TryLessAlgebra12	duplicate_or_orientation_candidate	numbered sibling identities require schema comparison before separate theorems	evidence_gap	Codex	1	src/verification/builtin_rules/order_algebra_builtin.rs:2636		inspect the exact producer Result and replace generic evidence for builtin.verify.verify_builtin_rules.order_algebra_builtin.try_less_algebra.12
builtin.verify.verify_builtin_rules.order_algebra_builtin.try_less_algebra.13	UncataloguedBuiltinRule::TryLessAlgebra13	duplicate_or_orientation_candidate	numbered sibling identities require schema comparison before separate theorems	dead_or_duplicate_candidate	Codex	0			prove there is no constructor, compare sibling schemas, then retire or restore builtin.verify.verify_builtin_rules.order_algebra_builtin.try_less_algebra.13
builtin.verify.verify_builtin_rules.order_algebra_builtin.try_less_algebra.14	UncataloguedBuiltinRule::TryLessAlgebra14	duplicate_or_orientation_candidate	numbered sibling identities require schema comparison before separate theorems	evidence_gap	Codex	1	src/verification/builtin_rules/order_algebra_builtin.rs:2696		inspect the exact producer Result and replace generic evidence for builtin.verify.verify_builtin_rules.order_algebra_builtin.try_less_algebra.14
builtin.verify.verify_builtin_rules.order_algebra_builtin.try_less_algebra.15	UncataloguedBuiltinRule::TryLessAlgebra15	duplicate_or_orientation_candidate	numbered sibling identities require schema comparison before separate theorems	evidence_gap	Codex	1	src/verification/builtin_rules/order_algebra_builtin.rs:2756		inspect the exact producer Result and replace generic evidence for builtin.verify.verify_builtin_rules.order_algebra_builtin.try_less_algebra.15
builtin.verify.verify_builtin_rules.order_algebra_builtin.try_less_equal_algebra.01	UncataloguedBuiltinRule::TryLessEqualAlgebra01	duplicate_or_orientation_candidate	numbered sibling identities require schema comparison before separate theorems	evidence_gap	Codex	1	src/verification/builtin_rules/order_algebra_builtin.rs:1625		inspect the exact producer Result and replace generic evidence for builtin.verify.verify_builtin_rules.order_algebra_builtin.try_less_equal_algebra.01
builtin.verify.verify_builtin_rules.order_algebra_builtin.try_less_equal_algebra.02	UncataloguedBuiltinRule::TryLessEqualAlgebra02	duplicate_or_orientation_candidate	numbered sibling identities require schema comparison before separate theorems	evidence_gap	Codex	1	src/verification/builtin_rules/order_algebra_builtin.rs:1652		inspect the exact producer Result and replace generic evidence for builtin.verify.verify_builtin_rules.order_algebra_builtin.try_less_equal_algebra.02
builtin.verify.verify_builtin_rules.order_algebra_builtin.try_less_equal_algebra.03	UncataloguedBuiltinRule::TryLessEqualAlgebra03	duplicate_or_orientation_candidate	numbered sibling identities require schema comparison before separate theorems	dead_or_duplicate_candidate	Codex	0			prove there is no constructor, compare sibling schemas, then retire or restore builtin.verify.verify_builtin_rules.order_algebra_builtin.try_less_equal_algebra.03
builtin.verify.verify_builtin_rules.order_algebra_builtin.try_less_equal_algebra.04	UncataloguedBuiltinRule::TryLessEqualAlgebra04	duplicate_or_orientation_candidate	numbered sibling identities require schema comparison before separate theorems	evidence_gap	Codex	1	src/verification/builtin_rules/order_algebra_builtin.rs:1868		inspect the exact producer Result and replace generic evidence for builtin.verify.verify_builtin_rules.order_algebra_builtin.try_less_equal_algebra.04
builtin.verify.verify_builtin_rules.order_algebra_builtin.try_less_equal_algebra.05	UncataloguedBuiltinRule::TryLessEqualAlgebra05	duplicate_or_orientation_candidate	numbered sibling identities require schema comparison before separate theorems	evidence_gap	Codex	1	src/verification/builtin_rules/order_algebra_builtin.rs:1887		inspect the exact producer Result and replace generic evidence for builtin.verify.verify_builtin_rules.order_algebra_builtin.try_less_equal_algebra.05
builtin.verify.verify_builtin_rules.order_algebra_builtin.try_less_equal_algebra.06	UncataloguedBuiltinRule::TryLessEqualAlgebra06	duplicate_or_orientation_candidate	numbered sibling identities require schema comparison before separate theorems	evidence_gap	Codex	1	src/verification/builtin_rules/order_algebra_builtin.rs:1905		inspect the exact producer Result and replace generic evidence for builtin.verify.verify_builtin_rules.order_algebra_builtin.try_less_equal_algebra.06
builtin.verify.verify_builtin_rules.order_algebra_builtin.try_less_equal_algebra.07	UncataloguedBuiltinRule::TryLessEqualAlgebra07	duplicate_or_orientation_candidate	numbered sibling identities require schema comparison before separate theorems	evidence_gap	Codex	1	src/verification/builtin_rules/order_algebra_builtin.rs:1922		inspect the exact producer Result and replace generic evidence for builtin.verify.verify_builtin_rules.order_algebra_builtin.try_less_equal_algebra.07
builtin.verify.verify_builtin_rules.order_algebra_builtin.try_less_equal_algebra.08	UncataloguedBuiltinRule::TryLessEqualAlgebra08	duplicate_or_orientation_candidate	numbered sibling identities require schema comparison before separate theorems	evidence_gap	Codex	1	src/verification/builtin_rules/order_algebra_builtin.rs:1944		inspect the exact producer Result and replace generic evidence for builtin.verify.verify_builtin_rules.order_algebra_builtin.try_less_equal_algebra.08
builtin.verify.verify_builtin_rules.order_algebra_builtin.try_less_equal_algebra.09	UncataloguedBuiltinRule::TryLessEqualAlgebra09	duplicate_or_orientation_candidate	numbered sibling identities require schema comparison before separate theorems	evidence_gap	Codex	1	src/verification/builtin_rules/order_algebra_builtin.rs:2003		inspect the exact producer Result and replace generic evidence for builtin.verify.verify_builtin_rules.order_algebra_builtin.try_less_equal_algebra.09
builtin.verify.verify_builtin_rules.order_algebra_builtin.try_less_equal_algebra.10	UncataloguedBuiltinRule::TryLessEqualAlgebra10	duplicate_or_orientation_candidate	numbered sibling identities require schema comparison before separate theorems	dead_or_duplicate_candidate	Codex	0			prove there is no constructor, compare sibling schemas, then retire or restore builtin.verify.verify_builtin_rules.order_algebra_builtin.try_less_equal_algebra.10
builtin.verify.verify_builtin_rules.order_algebra_builtin.try_less_equal_finite_set_sum_pointwise_on_same_set	UncataloguedBuiltinRule::TryLessEqualFiniteSetSumPointwiseOnSameSet	mathematical_leaf_law	default leaf candidate pending exact target/premise review	evidence_gap	Codex	1	src/verification/builtin_rules/order_algebra_builtin.rs:1485		inspect the exact producer Result and replace generic evidence for builtin.verify.verify_builtin_rules.order_algebra_builtin.try_less_equal_finite_set_sum_pointwise_on_same_set
builtin.verify.verify_builtin_rules.order_algebra_builtin.try_less_equal_finite_set_summand_nonnegative_sum	UncataloguedBuiltinRule::TryLessEqualFiniteSetSummandNonnegativeSum	mathematical_leaf_law	default leaf candidate pending exact target/premise review	evidence_gap	Codex	1	src/verification/builtin_rules/order_algebra_builtin.rs:1558		inspect the exact producer Result and replace generic evidence for builtin.verify.verify_builtin_rules.order_algebra_builtin.try_less_equal_finite_set_summand_nonnegative_sum
builtin.verify.verify_builtin_rules.order_algebra_builtin.try_less_equal_from_positive_denominator_bound	UncataloguedBuiltinRule::TryLessEqualFromPositiveDenominatorBound	mathematical_leaf_law	default leaf candidate pending exact target/premise review	evidence_gap	Codex	1	src/verification/builtin_rules/order_algebra_builtin.rs:2223		inspect the exact producer Result and replace generic evidence for builtin.verify.verify_builtin_rules.order_algebra_builtin.try_less_equal_from_positive_denominator_bound
builtin.verify.verify_builtin_rules.order_algebra_builtin.try_less_equal_from_positive_division_product_bound	UncataloguedBuiltinRule::TryLessEqualFromPositiveDivisionProductBound	mathematical_leaf_law	default leaf candidate pending exact target/premise review	evidence_gap	Codex	1	src/verification/builtin_rules/order_algebra_builtin.rs:2171		inspect the exact producer Result and replace generic evidence for builtin.verify.verify_builtin_rules.order_algebra_builtin.try_less_equal_from_positive_division_product_bound
builtin.verify.verify_builtin_rules.order_algebra_builtin.try_mul_le_componentwise_nonnegative_factors	UncataloguedBuiltinRule::TryMulLeComponentwiseNonnegativeFactors	mathematical_leaf_law	default leaf candidate pending exact target/premise review	evidence_gap	Codex	1	src/verification/builtin_rules/order_algebra_builtin.rs:1140		inspect the exact producer Result and replace generic evidence for builtin.verify.verify_builtin_rules.order_algebra_builtin.try_mul_le_componentwise_nonnegative_factors
builtin.verify.verify_builtin_rules.order_algebra_builtin.try_mul_le_shared_left	UncataloguedBuiltinRule::TryMulLeSharedLeft	mathematical_leaf_law	default leaf candidate pending exact target/premise review	dead_or_duplicate_candidate	Codex	0			prove there is no constructor, compare sibling schemas, then retire or restore builtin.verify.verify_builtin_rules.order_algebra_builtin.try_mul_le_shared_left
builtin.verify.verify_builtin_rules.order_algebra_builtin.try_mul_le_zero_by_weak_signs	UncataloguedBuiltinRule::TryMulLeZeroByWeakSigns	mathematical_leaf_law	default leaf candidate pending exact target/premise review	evidence_gap	Codex	1	src/verification/builtin_rules/order_algebra_builtin.rs:1180		inspect the exact producer Result and replace generic evidence for builtin.verify.verify_builtin_rules.order_algebra_builtin.try_mul_le_zero_by_weak_signs
builtin.verify.verify_builtin_rules.order_algebra_builtin.try_mul_lt_shared_left	UncataloguedBuiltinRule::TryMulLtSharedLeft	mathematical_leaf_law	default leaf candidate pending exact target/premise review	dead_or_duplicate_candidate	Codex	0			prove there is no constructor, compare sibling schemas, then retire or restore builtin.verify.verify_builtin_rules.order_algebra_builtin.try_mul_lt_shared_left
builtin.verify.verify_builtin_rules.order_algebra_builtin.try_mul_lt_zero_by_signs	UncataloguedBuiltinRule::TryMulLtZeroBySigns	mathematical_leaf_law	default leaf candidate pending exact target/premise review	evidence_gap	Codex	1	src/verification/builtin_rules/order_algebra_builtin.rs:1256		inspect the exact producer Result and replace generic evidence for builtin.verify.verify_builtin_rules.order_algebra_builtin.try_mul_lt_zero_by_signs
builtin.verify.verify_builtin_rules.order_algebra_builtin.try_pow_le_even_exponent_from_abs_le	UncataloguedBuiltinRule::TryPowLeEvenExponentFromAbsLe	mathematical_leaf_law	default leaf candidate pending exact target/premise review	evidence_gap	Codex	1	src/verification/builtin_rules/order_algebra_builtin.rs:605		inspect the exact producer Result and replace generic evidence for builtin.verify.verify_builtin_rules.order_algebra_builtin.try_pow_le_even_exponent_from_abs_le
builtin.verify.verify_builtin_rules.order_algebra_builtin.try_pow_le_same_negative_integer_exponent_positive_base_reverses_order	UncataloguedBuiltinRule::TryPowLeSameNegativeIntegerExponentPositiveBaseReversesOrder	mathematical_leaf_law	default leaf candidate pending exact target/premise review	evidence_gap	Codex	1	src/verification/builtin_rules/order_algebra_builtin.rs:562		inspect the exact producer Result and replace generic evidence for builtin.verify.verify_builtin_rules.order_algebra_builtin.try_pow_le_same_negative_integer_exponent_positive_base_reverses_order
builtin.verify.verify_builtin_rules.order_algebra_builtin.try_pow_le_same_positive_integer_exponent_nonnegative_base	UncataloguedBuiltinRule::TryPowLeSamePositiveIntegerExponentNonnegativeBase	mathematical_leaf_law	default leaf candidate pending exact target/premise review	evidence_gap	Codex	1	src/verification/builtin_rules/order_algebra_builtin.rs:313		inspect the exact producer Result and replace generic evidence for builtin.verify.verify_builtin_rules.order_algebra_builtin.try_pow_le_same_positive_integer_exponent_nonnegative_base
builtin.verify.verify_builtin_rules.order_algebra_builtin.try_pow_le_same_positive_odd_integer_exponent	UncataloguedBuiltinRule::TryPowLeSamePositiveOddIntegerExponent	mathematical_leaf_law	default leaf candidate pending exact target/premise review	evidence_gap	Codex	1	src/verification/builtin_rules/order_algebra_builtin.rs:518		inspect the exact producer Result and replace generic evidence for builtin.verify.verify_builtin_rules.order_algebra_builtin.try_pow_le_same_positive_odd_integer_exponent
builtin.verify.verify_builtin_rules.order_algebra_builtin.try_pow_le_zero_odd_exponent_from_nonpositive_base	UncataloguedBuiltinRule::TryPowLeZeroOddExponentFromNonpositiveBase	mathematical_leaf_law	default leaf candidate pending exact target/premise review	evidence_gap	Codex	1	src/verification/builtin_rules/order_algebra_builtin.rs:904		inspect the exact producer Result and replace generic evidence for builtin.verify.verify_builtin_rules.order_algebra_builtin.try_pow_le_zero_odd_exponent_from_nonpositive_base
builtin.verify.verify_builtin_rules.order_algebra_builtin.try_pow_lt_even_exponent_from_abs_lt	UncataloguedBuiltinRule::TryPowLtEvenExponentFromAbsLt	mathematical_leaf_law	default leaf candidate pending exact target/premise review	evidence_gap	Codex	1	src/verification/builtin_rules/order_algebra_builtin.rs:648		inspect the exact producer Result and replace generic evidence for builtin.verify.verify_builtin_rules.order_algebra_builtin.try_pow_lt_even_exponent_from_abs_lt
builtin.verify.verify_builtin_rules.order_algebra_builtin.try_pow_lt_same_positive_integer_exponent_nonnegative_base	UncataloguedBuiltinRule::TryPowLtSamePositiveIntegerExponentNonnegativeBase	mathematical_leaf_law	default leaf candidate pending exact target/premise review	evidence_gap	Codex	1	src/verification/builtin_rules/order_algebra_builtin.rs:988		inspect the exact producer Result and replace generic evidence for builtin.verify.verify_builtin_rules.order_algebra_builtin.try_pow_lt_same_positive_integer_exponent_nonnegative_base
builtin.verify.verify_builtin_rules.order_algebra_builtin.try_pow_lt_same_positive_odd_integer_exponent	UncataloguedBuiltinRule::TryPowLtSamePositiveOddIntegerExponent	mathematical_leaf_law	default leaf candidate pending exact target/premise review	evidence_gap	Codex	1	src/verification/builtin_rules/order_algebra_builtin.rs:868		inspect the exact producer Result and replace generic evidence for builtin.verify.verify_builtin_rules.order_algebra_builtin.try_pow_lt_same_positive_odd_integer_exponent
builtin.verify.verify_builtin_rules.order_algebra_builtin.try_pow_lt_same_positive_real_exponent_positive_base	UncataloguedBuiltinRule::TryPowLtSamePositiveRealExponentPositiveBase	mathematical_leaf_law	default leaf candidate pending exact target/premise review	evidence_gap	Codex	1	src/verification/builtin_rules/order_algebra_builtin.rs:778		inspect the exact producer Result and replace generic evidence for builtin.verify.verify_builtin_rules.order_algebra_builtin.try_pow_lt_same_positive_real_exponent_positive_base
builtin.verify.verify_builtin_rules.order_algebra_builtin.try_pow_lt_zero_odd_exponent_from_negative_base	UncataloguedBuiltinRule::TryPowLtZeroOddExponentFromNegativeBase	mathematical_leaf_law	default leaf candidate pending exact target/premise review	evidence_gap	Codex	1	src/verification/builtin_rules/order_algebra_builtin.rs:940		inspect the exact producer Result and replace generic evidence for builtin.verify.verify_builtin_rules.order_algebra_builtin.try_pow_lt_zero_odd_exponent_from_negative_base
builtin.verify.verify_builtin_rules.order_algebra_builtin.try_zero_le_mul_by_weak_signs	UncataloguedBuiltinRule::TryZeroLeMulByWeakSigns	mathematical_leaf_law	default leaf candidate pending exact target/premise review	evidence_gap	Codex	1	src/verification/builtin_rules/order_algebra_builtin.rs:1218		inspect the exact producer Result and replace generic evidence for builtin.verify.verify_builtin_rules.order_algebra_builtin.try_zero_le_mul_by_weak_signs
builtin.verify.verify_builtin_rules.order_algebra_builtin.try_zero_lt_mul_by_signs	UncataloguedBuiltinRule::TryZeroLtMulBySigns	mathematical_leaf_law	default leaf candidate pending exact target/premise review	evidence_gap	Codex	1	src/verification/builtin_rules/order_algebra_builtin.rs:1298		inspect the exact producer Result and replace generic evidence for builtin.verify.verify_builtin_rules.order_algebra_builtin.try_zero_lt_mul_by_signs
builtin.verify.verify_builtin_rules.order_semantics_builtin.try_verify_finite_set_extrema_order_builtin_rule.01	UncataloguedBuiltinRule::TryVerifyFiniteSetExtremaOrderBuiltinRule01	duplicate_or_orientation_candidate	numbered sibling identities require schema comparison before separate theorems	evidence_gap	Codex	1	src/verification/builtin_rules/order_semantics_builtin.rs:290		inspect the exact producer Result and replace generic evidence for builtin.verify.verify_builtin_rules.order_semantics_builtin.try_verify_finite_set_extrema_order_builtin_rule.01
builtin.verify.verify_builtin_rules.order_semantics_builtin.try_verify_finite_set_extrema_order_builtin_rule.02	UncataloguedBuiltinRule::TryVerifyFiniteSetExtremaOrderBuiltinRule02	duplicate_or_orientation_candidate	numbered sibling identities require schema comparison before separate theorems	evidence_gap	Codex	1	src/verification/builtin_rules/order_semantics_builtin.rs:318		inspect the exact producer Result and replace generic evidence for builtin.verify.verify_builtin_rules.order_semantics_builtin.try_verify_finite_set_extrema_order_builtin_rule.02
builtin.verify.verify_builtin_rules.order_semantics_builtin.try_verify_finite_set_extrema_order_builtin_rule.03	UncataloguedBuiltinRule::TryVerifyFiniteSetExtremaOrderBuiltinRule03	duplicate_or_orientation_candidate	numbered sibling identities require schema comparison before separate theorems	evidence_gap	Codex	1	src/verification/builtin_rules/order_semantics_builtin.rs:340		inspect the exact producer Result and replace generic evidence for builtin.verify.verify_builtin_rules.order_semantics_builtin.try_verify_finite_set_extrema_order_builtin_rule.03
builtin.verify.verify_builtin_rules.order_semantics_builtin.try_verify_finite_set_extrema_order_builtin_rule.04	UncataloguedBuiltinRule::TryVerifyFiniteSetExtremaOrderBuiltinRule04	duplicate_or_orientation_candidate	numbered sibling identities require schema comparison before separate theorems	evidence_gap	Codex	1	src/verification/builtin_rules/order_semantics_builtin.rs:368		inspect the exact producer Result and replace generic evidence for builtin.verify.verify_builtin_rules.order_semantics_builtin.try_verify_finite_set_extrema_order_builtin_rule.04
builtin.verify.verify_builtin_rules.order_semantics_builtin.try_verify_integer_discrete_split_or_builtin_rule	UncataloguedBuiltinRule::TryVerifyIntegerDiscreteSplitOrBuiltinRule	mathematical_leaf_law	default leaf candidate pending exact target/premise review	evidence_gap	Codex	1	src/verification/builtin_rules/order_semantics_builtin.rs:708		inspect the exact producer Result and replace generic evidence for builtin.verify.verify_builtin_rules.order_semantics_builtin.try_verify_integer_discrete_split_or_builtin_rule
builtin.verify.verify_builtin_rules.order_semantics_builtin.try_verify_integer_singleton_interval_equality_builtin_rule.01	UncataloguedBuiltinRule::TryVerifyIntegerSingletonIntervalEqualityBuiltinRule01	duplicate_or_orientation_candidate	numbered sibling identities require schema comparison before separate theorems	evidence_gap	Codex	1	src/verification/builtin_rules/order_semantics_builtin.rs:614		inspect the exact producer Result and replace generic evidence for builtin.verify.verify_builtin_rules.order_semantics_builtin.try_verify_integer_singleton_interval_equality_builtin_rule.01
builtin.verify.verify_builtin_rules.order_semantics_builtin.try_verify_integer_singleton_interval_equality_builtin_rule.02	UncataloguedBuiltinRule::TryVerifyIntegerSingletonIntervalEqualityBuiltinRule02	duplicate_or_orientation_candidate	numbered sibling identities require schema comparison before separate theorems	evidence_gap	Codex	1	src/verification/builtin_rules/order_semantics_builtin.rs:652		inspect the exact producer Result and replace generic evidence for builtin.verify.verify_builtin_rules.order_semantics_builtin.try_verify_integer_singleton_interval_equality_builtin_rule.02
builtin.verify.verify_builtin_rules.order_semantics_builtin.try_verify_integer_successor_predecessor_builtin_rule.01	UncataloguedBuiltinRule::TryVerifyIntegerSuccessorPredecessorBuiltinRule01	proof_composition_or_recursive_strategy	identity names an intermediate Result/composition boundary	evidence_gap	Codex	1	src/verification/builtin_rules/order_semantics_builtin.rs:485		inspect the exact producer Result and replace generic evidence for builtin.verify.verify_builtin_rules.order_semantics_builtin.try_verify_integer_successor_predecessor_builtin_rule.01
builtin.verify.verify_builtin_rules.order_semantics_builtin.try_verify_integer_successor_predecessor_builtin_rule.02	UncataloguedBuiltinRule::TryVerifyIntegerSuccessorPredecessorBuiltinRule02	proof_composition_or_recursive_strategy	identity names an intermediate Result/composition boundary	evidence_gap	Codex	1	src/verification/builtin_rules/order_semantics_builtin.rs:515		inspect the exact producer Result and replace generic evidence for builtin.verify.verify_builtin_rules.order_semantics_builtin.try_verify_integer_successor_predecessor_builtin_rule.02
builtin.verify.verify_builtin_rules.order_semantics_builtin.try_verify_integer_successor_predecessor_builtin_rule.03	UncataloguedBuiltinRule::TryVerifyIntegerSuccessorPredecessorBuiltinRule03	proof_composition_or_recursive_strategy	identity names an intermediate Result/composition boundary	evidence_gap	Codex	1	src/verification/builtin_rules/order_semantics_builtin.rs:541		inspect the exact producer Result and replace generic evidence for builtin.verify.verify_builtin_rules.order_semantics_builtin.try_verify_integer_successor_predecessor_builtin_rule.03
builtin.verify.verify_builtin_rules.order_semantics_builtin.try_verify_integer_successor_predecessor_builtin_rule.04	UncataloguedBuiltinRule::TryVerifyIntegerSuccessorPredecessorBuiltinRule04	proof_composition_or_recursive_strategy	identity names an intermediate Result/composition boundary	evidence_gap	Codex	1	src/verification/builtin_rules/order_semantics_builtin.rs:567		inspect the exact producer Result and replace generic evidence for builtin.verify.verify_builtin_rules.order_semantics_builtin.try_verify_integer_successor_predecessor_builtin_rule.04
builtin.verify.verify_builtin_rules.order_semantics_builtin.try_verify_positive_even_integer_greater_than_one	UncataloguedBuiltinRule::TryVerifyPositiveEvenIntegerGreaterThanOne	mathematical_leaf_law	default leaf candidate pending exact target/premise review	evidence_gap	Codex	1	src/verification/builtin_rules/order_semantics_builtin.rs:168		inspect the exact producer Result and replace generic evidence for builtin.verify.verify_builtin_rules.order_semantics_builtin.try_verify_positive_even_integer_greater_than_one
builtin.verify.verify_builtin_rules.order_semantics_builtin.verify_known_or_concrete_finite_set_membership	UncataloguedBuiltinRule::VerifyKnownOrConcreteFiniteSetMembership	mathematical_leaf_law	default leaf candidate pending exact target/premise review	evidence_gap	Codex	1	src/verification/builtin_rules/order_semantics_builtin.rs:398		inspect the exact producer Result and replace generic evidence for builtin.verify.verify_builtin_rules.order_semantics_builtin.verify_known_or_concrete_finite_set_membership
builtin.verify.verify_builtin_rules.set_relation_duality.verify_subset_fact_with_builtin_rules.01	UncataloguedBuiltinRule::VerifySubsetFactWithBuiltinRules01	dispatcher_or_search_helper	producer is an explicit builtin strategy/dispatcher boundary	evidence_gap	Codex	1	src/verification/builtin_rules/set_relation_duality.rs:90		inspect the exact producer Result and replace generic evidence for builtin.verify.verify_builtin_rules.set_relation_duality.verify_subset_fact_with_builtin_rules.01
builtin.verify.verify_builtin_rules.set_relation_duality.verify_subset_fact_with_builtin_rules.02	UncataloguedBuiltinRule::VerifySubsetFactWithBuiltinRules02	dispatcher_or_search_helper	producer is an explicit builtin strategy/dispatcher boundary	evidence_gap	Codex	1	src/verification/builtin_rules/set_relation_duality.rs:117		inspect the exact producer Result and replace generic evidence for builtin.verify.verify_builtin_rules.set_relation_duality.verify_subset_fact_with_builtin_rules.02
builtin.verify.verify_builtin_rules.set_relation_duality.verify_subset_fact_with_builtin_rules.03	UncataloguedBuiltinRule::VerifySubsetFactWithBuiltinRules03	dispatcher_or_search_helper	producer is an explicit builtin strategy/dispatcher boundary	evidence_gap	Codex	1	src/verification/builtin_rules/set_relation_duality.rs:140		inspect the exact producer Result and replace generic evidence for builtin.verify.verify_builtin_rules.set_relation_duality.verify_subset_fact_with_builtin_rules.03
builtin.verify.verify_builtin_rules.set_relation_duality.verify_subset_fact_with_builtin_rules.04	UncataloguedBuiltinRule::VerifySubsetFactWithBuiltinRules04	dispatcher_or_search_helper	producer is an explicit builtin strategy/dispatcher boundary	evidence_gap	Codex	1	src/verification/builtin_rules/set_relation_duality.rs:166		inspect the exact producer Result and replace generic evidence for builtin.verify.verify_builtin_rules.set_relation_duality.verify_subset_fact_with_builtin_rules.04
builtin.verify.verify_builtin_rules.set_relation_duality.verify_subset_fact_with_builtin_rules.05	UncataloguedBuiltinRule::VerifySubsetFactWithBuiltinRules05	dispatcher_or_search_helper	producer is an explicit builtin strategy/dispatcher boundary	evidence_gap	Codex	1	src/verification/builtin_rules/set_relation_duality.rs:195		inspect the exact producer Result and replace generic evidence for builtin.verify.verify_builtin_rules.set_relation_duality.verify_subset_fact_with_builtin_rules.05
builtin.verify.verify_builtin_rules.set_relation_duality.verify_subset_fact_with_builtin_rules.06	UncataloguedBuiltinRule::VerifySubsetFactWithBuiltinRules06	dispatcher_or_search_helper	producer is an explicit builtin strategy/dispatcher boundary	evidence_gap	Codex	1	src/verification/builtin_rules/set_relation_duality.rs:327		inspect the exact producer Result and replace generic evidence for builtin.verify.verify_builtin_rules.set_relation_duality.verify_subset_fact_with_builtin_rules.06
builtin.verify.verify_builtin_rules.set_relation_duality.verify_subset_fact_with_builtin_rules.07	UncataloguedBuiltinRule::VerifySubsetFactWithBuiltinRules07	dispatcher_or_search_helper	producer is an explicit builtin strategy/dispatcher boundary	evidence_gap	Codex	1	src/verification/builtin_rules/set_relation_duality.rs:392		inspect the exact producer Result and replace generic evidence for builtin.verify.verify_builtin_rules.set_relation_duality.verify_subset_fact_with_builtin_rules.07
builtin.verify.verify_builtin_rules.set_relation_duality.verify_subset_fact_with_builtin_rules.08	UncataloguedBuiltinRule::VerifySubsetFactWithBuiltinRules08	dispatcher_or_search_helper	producer is an explicit builtin strategy/dispatcher boundary	dead_or_duplicate_candidate	Codex	0			prove there is no constructor, compare sibling schemas, then retire or restore builtin.verify.verify_builtin_rules.set_relation_duality.verify_subset_fact_with_builtin_rules.08
builtin.verify.verify_builtin_rules.set_relation_duality.verify_subset_fact_with_builtin_rules.09	UncataloguedBuiltinRule::VerifySubsetFactWithBuiltinRules09	dispatcher_or_search_helper	producer is an explicit builtin strategy/dispatcher boundary	dead_or_duplicate_candidate	Codex	0			prove there is no constructor, compare sibling schemas, then retire or restore builtin.verify.verify_builtin_rules.set_relation_duality.verify_subset_fact_with_builtin_rules.09
builtin.verify.verify_builtin_rules.set_relation_duality.verify_subset_fact_with_builtin_rules.10	UncataloguedBuiltinRule::VerifySubsetFactWithBuiltinRules10	dispatcher_or_search_helper	producer is an explicit builtin strategy/dispatcher boundary	dead_or_duplicate_candidate	Codex	0			prove there is no constructor, compare sibling schemas, then retire or restore builtin.verify.verify_builtin_rules.set_relation_duality.verify_subset_fact_with_builtin_rules.10
builtin.verify.verify_builtin_rules.set_relation_duality.verify_superset_fact_with_builtin_rules	UncataloguedBuiltinRule::VerifySupersetFactWithBuiltinRules	dispatcher_or_search_helper	producer is an explicit builtin strategy/dispatcher boundary	evidence_gap	Codex	1	src/verification/builtin_rules/set_relation_duality.rs:579		inspect the exact producer Result and replace generic evidence for builtin.verify.verify_builtin_rules.set_relation_duality.verify_superset_fact_with_builtin_rules
builtin.verify.verify_builtin_rules.trigonometry.pythagorean_core_result	UncataloguedBuiltinRule::PythagoreanCoreResult	proof_composition_or_recursive_strategy	identity names an intermediate Result/composition boundary	evidence_gap	Codex	1	src/verification/builtin_rules/trigonometry.rs:1297		inspect the exact producer Result and replace generic evidence for builtin.verify.verify_builtin_rules.trigonometry.pythagorean_core_result
builtin.verify.verify_builtin_rules.trigonometry.trig_core_dependency_results	UncataloguedBuiltinRule::TrigCoreDependencyResults	proof_composition_or_recursive_strategy	identity names an intermediate Result/composition boundary	evidence_gap	Codex	1	src/verification/builtin_rules/trigonometry.rs:1397		inspect the exact producer Result and replace generic evidence for builtin.verify.verify_builtin_rules.trigonometry.trig_core_dependency_results
builtin.verify.verify_builtin_rules.trigonometry.try_trig_quotient_definition	UncataloguedBuiltinRule::TryTrigQuotientDefinition	mathematical_leaf_law	default leaf candidate pending exact target/premise review	evidence_gap	Codex	1	src/verification/builtin_rules/trigonometry.rs:1272		inspect the exact producer Result and replace generic evidence for builtin.verify.verify_builtin_rules.trigonometry.try_trig_quotient_definition
builtin.verify.verify_builtin_rules.trigonometry.try_verify_arcsin_inverse_equality.01	UncataloguedBuiltinRule::TryVerifyArcsinInverseEquality01	duplicate_or_orientation_candidate	numbered sibling identities require schema comparison before separate theorems	evidence_gap	Codex	1	src/verification/builtin_rules/trigonometry.rs:270		inspect the exact producer Result and replace generic evidence for builtin.verify.verify_builtin_rules.trigonometry.try_verify_arcsin_inverse_equality.01
builtin.verify.verify_builtin_rules.trigonometry.try_verify_arcsin_inverse_equality.02	UncataloguedBuiltinRule::TryVerifyArcsinInverseEquality02	duplicate_or_orientation_candidate	numbered sibling identities require schema comparison before separate theorems	evidence_gap	Codex	1	src/verification/builtin_rules/trigonometry.rs:285		inspect the exact producer Result and replace generic evidence for builtin.verify.verify_builtin_rules.trigonometry.try_verify_arcsin_inverse_equality.02
builtin.verify.verify_builtin_rules.trigonometry.try_verify_arcsin_inverse_equality.03	UncataloguedBuiltinRule::TryVerifyArcsinInverseEquality03	duplicate_or_orientation_candidate	numbered sibling identities require schema comparison before separate theorems	evidence_gap	Codex	1	src/verification/builtin_rules/trigonometry.rs:307		inspect the exact producer Result and replace generic evidence for builtin.verify.verify_builtin_rules.trigonometry.try_verify_arcsin_inverse_equality.03
builtin.verify.verify_builtin_rules.trigonometry.try_verify_arcsin_inverse_equality.04	UncataloguedBuiltinRule::TryVerifyArcsinInverseEquality04	duplicate_or_orientation_candidate	numbered sibling identities require schema comparison before separate theorems	evidence_gap	Codex	1	src/verification/builtin_rules/trigonometry.rs:333		inspect the exact producer Result and replace generic evidence for builtin.verify.verify_builtin_rules.trigonometry.try_verify_arcsin_inverse_equality.04
builtin.verify.verify_builtin_rules.trigonometry.try_verify_arcsin_principal_range	UncataloguedBuiltinRule::TryVerifyArcsinPrincipalRange	mathematical_leaf_law	default leaf candidate pending exact target/premise review	evidence_gap	Codex	1	src/verification/builtin_rules/trigonometry.rs:376		inspect the exact producer Result and replace generic evidence for builtin.verify.verify_builtin_rules.trigonometry.try_verify_arcsin_principal_range
builtin.verify.verify_builtin_rules.trigonometry.try_verify_trigonometric_equality	UncataloguedBuiltinRule::TryVerifyTrigonometricEquality	mathematical_leaf_law	default leaf candidate pending exact target/premise review	evidence_gap	Codex	1	src/verification/builtin_rules/trigonometry.rs:159		inspect the exact producer Result and replace generic evidence for builtin.verify.verify_builtin_rules.trigonometry.try_verify_trigonometric_equality
builtin.verify.verify_builtin_rules.trigonometry.try_verify_trigonometric_interval_order	UncataloguedBuiltinRule::TryVerifyTrigonometricIntervalOrder	mathematical_leaf_law	default leaf candidate pending exact target/premise review	evidence_gap	Codex	1	src/verification/builtin_rules/trigonometry.rs:710		inspect the exact producer Result and replace generic evidence for builtin.verify.verify_builtin_rules.trigonometry.try_verify_trigonometric_interval_order
builtin.verify.verify_builtin_rules.trigonometry.try_verify_trigonometric_not_equal.01	UncataloguedBuiltinRule::TryVerifyTrigonometricNotEqual01	duplicate_or_orientation_candidate	numbered sibling identities require schema comparison before separate theorems	evidence_gap	Codex	1	src/verification/builtin_rules/trigonometry.rs:777		inspect the exact producer Result and replace generic evidence for builtin.verify.verify_builtin_rules.trigonometry.try_verify_trigonometric_not_equal.01
builtin.verify.verify_builtin_rules.trigonometry.try_verify_trigonometric_not_equal.02	UncataloguedBuiltinRule::TryVerifyTrigonometricNotEqual02	duplicate_or_orientation_candidate	numbered sibling identities require schema comparison before separate theorems	evidence_gap	Codex	1	src/verification/builtin_rules/trigonometry.rs:864		inspect the exact producer Result and replace generic evidence for builtin.verify.verify_builtin_rules.trigonometry.try_verify_trigonometric_not_equal.02
builtin.verify.verify_builtin_rules.trigonometry.try_verify_trigonometric_not_equal.03	UncataloguedBuiltinRule::TryVerifyTrigonometricNotEqual03	duplicate_or_orientation_candidate	numbered sibling identities require schema comparison before separate theorems	evidence_gap	Codex	1	src/verification/builtin_rules/trigonometry.rs:885		inspect the exact producer Result and replace generic evidence for builtin.verify.verify_builtin_rules.trigonometry.try_verify_trigonometric_not_equal.03
builtin.verify.verify_builtin_rules.trigonometry.try_verify_trigonometric_not_equal.04	UncataloguedBuiltinRule::TryVerifyTrigonometricNotEqual04	duplicate_or_orientation_candidate	numbered sibling identities require schema comparison before separate theorems	evidence_gap	Codex	1	src/verification/builtin_rules/trigonometry.rs:911		inspect the exact producer Result and replace generic evidence for builtin.verify.verify_builtin_rules.trigonometry.try_verify_trigonometric_not_equal.04
builtin.verify.verify_builtin_rules.trigonometry.try_verify_trigonometric_order_bound.01	UncataloguedBuiltinRule::TryVerifyTrigonometricOrderBound01	duplicate_or_orientation_candidate	numbered sibling identities require schema comparison before separate theorems	evidence_gap	Codex	1	src/verification/builtin_rules/trigonometry.rs:211		inspect the exact producer Result and replace generic evidence for builtin.verify.verify_builtin_rules.trigonometry.try_verify_trigonometric_order_bound.01
builtin.verify.verify_builtin_rules.trigonometry.try_verify_trigonometric_order_bound.02	UncataloguedBuiltinRule::TryVerifyTrigonometricOrderBound02	duplicate_or_orientation_candidate	numbered sibling identities require schema comparison before separate theorems	evidence_gap	Codex	1	src/verification/builtin_rules/trigonometry.rs:238		inspect the exact producer Result and replace generic evidence for builtin.verify.verify_builtin_rules.trigonometry.try_verify_trigonometric_order_bound.02
builtin.verify.verify_builtin_rules.type_predicates_builtin._verify_is_cart_fact_with_builtin_rules	UncataloguedBuiltinRule::VerifyIsCartFactWithBuiltinRules	dispatcher_or_search_helper	producer is an explicit builtin strategy/dispatcher boundary	evidence_gap	Codex	1	src/verification/builtin_rules/type_predicates_builtin.rs:959		inspect the exact producer Result and replace generic evidence for builtin.verify.verify_builtin_rules.type_predicates_builtin._verify_is_cart_fact_with_builtin_rules
builtin.verify.verify_builtin_rules.type_predicates_builtin._verify_is_finite_set_fact_with_builtin_rules.01	UncataloguedBuiltinRule::VerifyIsFiniteSetFactWithBuiltinRules01	dispatcher_or_search_helper	producer is an explicit builtin strategy/dispatcher boundary	evidence_gap	Codex	1	src/verification/builtin_rules/type_predicates_builtin.rs:592		inspect the exact producer Result and replace generic evidence for builtin.verify.verify_builtin_rules.type_predicates_builtin._verify_is_finite_set_fact_with_builtin_rules.01
builtin.verify.verify_builtin_rules.type_predicates_builtin._verify_is_finite_set_fact_with_builtin_rules.02	UncataloguedBuiltinRule::VerifyIsFiniteSetFactWithBuiltinRules02	dispatcher_or_search_helper	producer is an explicit builtin strategy/dispatcher boundary	evidence_gap	Codex	1	src/verification/builtin_rules/type_predicates_builtin.rs:614		inspect the exact producer Result and replace generic evidence for builtin.verify.verify_builtin_rules.type_predicates_builtin._verify_is_finite_set_fact_with_builtin_rules.02
builtin.verify.verify_builtin_rules.type_predicates_builtin._verify_is_finite_set_fact_with_builtin_rules.03	UncataloguedBuiltinRule::VerifyIsFiniteSetFactWithBuiltinRules03	dispatcher_or_search_helper	producer is an explicit builtin strategy/dispatcher boundary	evidence_gap	Codex	1	src/verification/builtin_rules/type_predicates_builtin.rs:644		inspect the exact producer Result and replace generic evidence for builtin.verify.verify_builtin_rules.type_predicates_builtin._verify_is_finite_set_fact_with_builtin_rules.03
builtin.verify.verify_builtin_rules.type_predicates_builtin._verify_is_finite_set_fact_with_builtin_rules.04	UncataloguedBuiltinRule::VerifyIsFiniteSetFactWithBuiltinRules04	dispatcher_or_search_helper	producer is an explicit builtin strategy/dispatcher boundary	evidence_gap	Codex	1	src/verification/builtin_rules/type_predicates_builtin.rs:705		inspect the exact producer Result and replace generic evidence for builtin.verify.verify_builtin_rules.type_predicates_builtin._verify_is_finite_set_fact_with_builtin_rules.04
builtin.verify.verify_builtin_rules.type_predicates_builtin._verify_is_finite_set_fact_with_builtin_rules.05	UncataloguedBuiltinRule::VerifyIsFiniteSetFactWithBuiltinRules05	dispatcher_or_search_helper	producer is an explicit builtin strategy/dispatcher boundary	evidence_gap	Codex	1	src/verification/builtin_rules/type_predicates_builtin.rs:735		inspect the exact producer Result and replace generic evidence for builtin.verify.verify_builtin_rules.type_predicates_builtin._verify_is_finite_set_fact_with_builtin_rules.05
builtin.verify.verify_builtin_rules.type_predicates_builtin._verify_is_finite_set_fact_with_builtin_rules.06	UncataloguedBuiltinRule::VerifyIsFiniteSetFactWithBuiltinRules06	dispatcher_or_search_helper	producer is an explicit builtin strategy/dispatcher boundary	evidence_gap	Codex	1	src/verification/builtin_rules/type_predicates_builtin.rs:880		inspect the exact producer Result and replace generic evidence for builtin.verify.verify_builtin_rules.type_predicates_builtin._verify_is_finite_set_fact_with_builtin_rules.06
builtin.verify.verify_builtin_rules.type_predicates_builtin._verify_is_nonempty_set_fact_with_builtin_rules.01	UncataloguedBuiltinRule::VerifyIsNonemptySetFactWithBuiltinRules01	dispatcher_or_search_helper	producer is an explicit builtin strategy/dispatcher boundary	evidence_gap	Codex	1	src/verification/builtin_rules/type_predicates_builtin.rs:27		inspect the exact producer Result and replace generic evidence for builtin.verify.verify_builtin_rules.type_predicates_builtin._verify_is_nonempty_set_fact_with_builtin_rules.01
builtin.verify.verify_builtin_rules.type_predicates_builtin._verify_is_nonempty_set_fact_with_builtin_rules.02	UncataloguedBuiltinRule::VerifyIsNonemptySetFactWithBuiltinRules02	dispatcher_or_search_helper	producer is an explicit builtin strategy/dispatcher boundary	evidence_gap	Codex	1	src/verification/builtin_rules/type_predicates_builtin.rs:54		inspect the exact producer Result and replace generic evidence for builtin.verify.verify_builtin_rules.type_predicates_builtin._verify_is_nonempty_set_fact_with_builtin_rules.02
builtin.verify.verify_builtin_rules.type_predicates_builtin._verify_is_nonempty_set_fact_with_builtin_rules.03	UncataloguedBuiltinRule::VerifyIsNonemptySetFactWithBuiltinRules03	dispatcher_or_search_helper	producer is an explicit builtin strategy/dispatcher boundary	evidence_gap	Codex	1	src/verification/builtin_rules/type_predicates_builtin.rs:128		inspect the exact producer Result and replace generic evidence for builtin.verify.verify_builtin_rules.type_predicates_builtin._verify_is_nonempty_set_fact_with_builtin_rules.03
builtin.verify.verify_builtin_rules.type_predicates_builtin._verify_is_nonempty_set_fact_with_builtin_rules.04	UncataloguedBuiltinRule::VerifyIsNonemptySetFactWithBuiltinRules04	dispatcher_or_search_helper	producer is an explicit builtin strategy/dispatcher boundary	evidence_gap	Codex	1	src/verification/builtin_rules/type_predicates_builtin.rs:152		inspect the exact producer Result and replace generic evidence for builtin.verify.verify_builtin_rules.type_predicates_builtin._verify_is_nonempty_set_fact_with_builtin_rules.04
builtin.verify.verify_builtin_rules.type_predicates_builtin._verify_is_nonempty_set_fact_with_builtin_rules.05	UncataloguedBuiltinRule::VerifyIsNonemptySetFactWithBuiltinRules05	dispatcher_or_search_helper	producer is an explicit builtin strategy/dispatcher boundary	evidence_gap	Codex	1	src/verification/builtin_rules/type_predicates_builtin.rs:199		inspect the exact producer Result and replace generic evidence for builtin.verify.verify_builtin_rules.type_predicates_builtin._verify_is_nonempty_set_fact_with_builtin_rules.05
builtin.verify.verify_builtin_rules.type_predicates_builtin._verify_is_nonempty_set_fact_with_builtin_rules.06	UncataloguedBuiltinRule::VerifyIsNonemptySetFactWithBuiltinRules06	dispatcher_or_search_helper	producer is an explicit builtin strategy/dispatcher boundary	evidence_gap	Codex	1	src/verification/builtin_rules/type_predicates_builtin.rs:226		inspect the exact producer Result and replace generic evidence for builtin.verify.verify_builtin_rules.type_predicates_builtin._verify_is_nonempty_set_fact_with_builtin_rules.06
builtin.verify.verify_builtin_rules.type_predicates_builtin._verify_is_nonempty_set_fact_with_builtin_rules.07	UncataloguedBuiltinRule::VerifyIsNonemptySetFactWithBuiltinRules07	dispatcher_or_search_helper	producer is an explicit builtin strategy/dispatcher boundary	evidence_gap	Codex	1	src/verification/builtin_rules/type_predicates_builtin.rs:283		inspect the exact producer Result and replace generic evidence for builtin.verify.verify_builtin_rules.type_predicates_builtin._verify_is_nonempty_set_fact_with_builtin_rules.07
builtin.verify.verify_builtin_rules.type_predicates_builtin._verify_is_nonempty_set_fact_with_builtin_rules.08	UncataloguedBuiltinRule::VerifyIsNonemptySetFactWithBuiltinRules08	dispatcher_or_search_helper	producer is an explicit builtin strategy/dispatcher boundary	evidence_gap	Codex	1	src/verification/builtin_rules/type_predicates_builtin.rs:322		inspect the exact producer Result and replace generic evidence for builtin.verify.verify_builtin_rules.type_predicates_builtin._verify_is_nonempty_set_fact_with_builtin_rules.08
builtin.verify.verify_builtin_rules.type_predicates_builtin._verify_is_nonempty_set_fact_with_builtin_rules.09	UncataloguedBuiltinRule::VerifyIsNonemptySetFactWithBuiltinRules09	dispatcher_or_search_helper	producer is an explicit builtin strategy/dispatcher boundary	evidence_gap	Codex	1	src/verification/builtin_rules/type_predicates_builtin.rs:343		inspect the exact producer Result and replace generic evidence for builtin.verify.verify_builtin_rules.type_predicates_builtin._verify_is_nonempty_set_fact_with_builtin_rules.09
builtin.verify.verify_builtin_rules.type_predicates_builtin._verify_is_nonempty_set_fact_with_builtin_rules.10	UncataloguedBuiltinRule::VerifyIsNonemptySetFactWithBuiltinRules10	dispatcher_or_search_helper	producer is an explicit builtin strategy/dispatcher boundary	evidence_gap	Codex	1	src/verification/builtin_rules/type_predicates_builtin.rs:367		inspect the exact producer Result and replace generic evidence for builtin.verify.verify_builtin_rules.type_predicates_builtin._verify_is_nonempty_set_fact_with_builtin_rules.10
builtin.verify.verify_builtin_rules.type_predicates_builtin._verify_is_nonempty_set_fact_with_builtin_rules.11	UncataloguedBuiltinRule::VerifyIsNonemptySetFactWithBuiltinRules11	dispatcher_or_search_helper	producer is an explicit builtin strategy/dispatcher boundary	evidence_gap	Codex	1	src/verification/builtin_rules/type_predicates_builtin.rs:393		inspect the exact producer Result and replace generic evidence for builtin.verify.verify_builtin_rules.type_predicates_builtin._verify_is_nonempty_set_fact_with_builtin_rules.11
builtin.verify.verify_builtin_rules.type_predicates_builtin._verify_is_nonempty_set_fact_with_builtin_rules.12	UncataloguedBuiltinRule::VerifyIsNonemptySetFactWithBuiltinRules12	dispatcher_or_search_helper	producer is an explicit builtin strategy/dispatcher boundary	evidence_gap	Codex	1	src/verification/builtin_rules/type_predicates_builtin.rs:413		inspect the exact producer Result and replace generic evidence for builtin.verify.verify_builtin_rules.type_predicates_builtin._verify_is_nonempty_set_fact_with_builtin_rules.12
builtin.verify.verify_builtin_rules.type_predicates_builtin._verify_is_nonempty_set_fact_with_builtin_rules.13	UncataloguedBuiltinRule::VerifyIsNonemptySetFactWithBuiltinRules13	dispatcher_or_search_helper	producer is an explicit builtin strategy/dispatcher boundary	evidence_gap	Codex	1	src/verification/builtin_rules/type_predicates_builtin.rs:437		inspect the exact producer Result and replace generic evidence for builtin.verify.verify_builtin_rules.type_predicates_builtin._verify_is_nonempty_set_fact_with_builtin_rules.13
builtin.verify.verify_builtin_rules.type_predicates_builtin._verify_is_nonempty_set_fact_with_builtin_rules.14	UncataloguedBuiltinRule::VerifyIsNonemptySetFactWithBuiltinRules14	dispatcher_or_search_helper	producer is an explicit builtin strategy/dispatcher boundary	evidence_gap	Codex	1	src/verification/builtin_rules/type_predicates_builtin.rs:461		inspect the exact producer Result and replace generic evidence for builtin.verify.verify_builtin_rules.type_predicates_builtin._verify_is_nonempty_set_fact_with_builtin_rules.14
builtin.verify.verify_builtin_rules.type_predicates_builtin._verify_is_nonempty_set_fact_with_builtin_rules.15	UncataloguedBuiltinRule::VerifyIsNonemptySetFactWithBuiltinRules15	dispatcher_or_search_helper	producer is an explicit builtin strategy/dispatcher boundary	evidence_gap	Codex	1	src/verification/builtin_rules/type_predicates_builtin.rs:493		inspect the exact producer Result and replace generic evidence for builtin.verify.verify_builtin_rules.type_predicates_builtin._verify_is_nonempty_set_fact_with_builtin_rules.15
builtin.verify.verify_builtin_rules.type_predicates_builtin._verify_is_nonempty_set_fact_with_builtin_rules.16	UncataloguedBuiltinRule::VerifyIsNonemptySetFactWithBuiltinRules16	dispatcher_or_search_helper	producer is an explicit builtin strategy/dispatcher boundary	evidence_gap	Codex	1	src/verification/builtin_rules/type_predicates_builtin.rs:517		inspect the exact producer Result and replace generic evidence for builtin.verify.verify_builtin_rules.type_predicates_builtin._verify_is_nonempty_set_fact_with_builtin_rules.16
builtin.verify.verify_builtin_rules.type_predicates_builtin._verify_is_tuple_fact_with_builtin_rules	UncataloguedBuiltinRule::VerifyIsTupleFactWithBuiltinRules	dispatcher_or_search_helper	producer is an explicit builtin strategy/dispatcher boundary	evidence_gap	Codex	1	src/verification/builtin_rules/type_predicates_builtin.rs:1000		inspect the exact producer Result and replace generic evidence for builtin.verify.verify_builtin_rules.type_predicates_builtin._verify_is_tuple_fact_with_builtin_rules
builtin.verify.verify_builtin_rules.type_predicates_builtin._verify_not_is_nonempty_set_fact_with_builtin_rules.01	UncataloguedBuiltinRule::VerifyNotIsNonemptySetFactWithBuiltinRules01	dispatcher_or_search_helper	producer is an explicit builtin strategy/dispatcher boundary	evidence_gap	Codex	1	src/verification/builtin_rules/type_predicates_builtin.rs:1023		inspect the exact producer Result and replace generic evidence for builtin.verify.verify_builtin_rules.type_predicates_builtin._verify_not_is_nonempty_set_fact_with_builtin_rules.01
builtin.verify.verify_builtin_rules.type_predicates_builtin._verify_not_is_nonempty_set_fact_with_builtin_rules.02	UncataloguedBuiltinRule::VerifyNotIsNonemptySetFactWithBuiltinRules02	dispatcher_or_search_helper	producer is an explicit builtin strategy/dispatcher boundary	evidence_gap	Codex	1	src/verification/builtin_rules/type_predicates_builtin.rs:1046		inspect the exact producer Result and replace generic evidence for builtin.verify.verify_builtin_rules.type_predicates_builtin._verify_not_is_nonempty_set_fact_with_builtin_rules.02
builtin.verify.verify_builtin_rules.type_predicates_builtin._verify_not_is_nonempty_set_fact_with_builtin_rules.03	UncataloguedBuiltinRule::VerifyNotIsNonemptySetFactWithBuiltinRules03	dispatcher_or_search_helper	producer is an explicit builtin strategy/dispatcher boundary	evidence_gap	Codex	1	src/verification/builtin_rules/type_predicates_builtin.rs:1066		inspect the exact producer Result and replace generic evidence for builtin.verify.verify_builtin_rules.type_predicates_builtin._verify_not_is_nonempty_set_fact_with_builtin_rules.03
builtin.verify.verify_builtin_rules.type_predicates_builtin._verify_not_is_nonempty_set_fact_with_builtin_rules.04	UncataloguedBuiltinRule::VerifyNotIsNonemptySetFactWithBuiltinRules04	dispatcher_or_search_helper	producer is an explicit builtin strategy/dispatcher boundary	evidence_gap	Codex	1	src/verification/builtin_rules/type_predicates_builtin.rs:1089		inspect the exact producer Result and replace generic evidence for builtin.verify.verify_builtin_rules.type_predicates_builtin._verify_not_is_nonempty_set_fact_with_builtin_rules.04
builtin.verify.verify_builtin_rules.type_predicates_builtin._verify_not_is_nonempty_set_fact_with_builtin_rules.05	UncataloguedBuiltinRule::VerifyNotIsNonemptySetFactWithBuiltinRules05	dispatcher_or_search_helper	producer is an explicit builtin strategy/dispatcher boundary	evidence_gap	Codex	1	src/verification/builtin_rules/type_predicates_builtin.rs:1111		inspect the exact producer Result and replace generic evidence for builtin.verify.verify_builtin_rules.type_predicates_builtin._verify_not_is_nonempty_set_fact_with_builtin_rules.05
builtin.verify.verify_builtin_rules.type_predicates_builtin.try_verify_nonempty_finite_set_from_positive_finite_set_size	UncataloguedBuiltinRule::TryVerifyNonemptyFiniteSetFromPositiveFiniteSetSize	mathematical_leaf_law	default leaf candidate pending exact target/premise review	evidence_gap	Codex	1	src/verification/builtin_rules/type_predicates_builtin.rs:557		inspect the exact producer Result and replace generic evidence for builtin.verify.verify_builtin_rules.type_predicates_builtin.try_verify_nonempty_finite_set_from_positive_finite_set_size
builtin.verify.verify_builtin_rules.type_predicates_builtin.verify_general_cart_nonempty_by_choice_explicit	UncataloguedBuiltinRule::VerifyGeneralCartNonemptyByChoiceExplicit	target_abi_decision	producer targets a constructor family with an explicit object/fact compiler gap	abi_decision	user	1	src/verification/builtin_rules/type_predicates_builtin.rs:1154		freeze the Lean representation contract before compiling builtin.verify.verify_builtin_rules.type_predicates_builtin.verify_general_cart_nonempty_by_choice_explicit
builtin.verify.verify_builtin_strategies.equality.verify_extremum_equality_with_builtin_strategy	UncataloguedBuiltinRule::VerifyExtremumEqualityWithBuiltinStrategy	dispatcher_or_search_helper	producer is an explicit builtin strategy/dispatcher boundary	evidence_gap	Codex	1	src/verification/builtin_strategies/equality.rs:124		inspect the exact producer Result and replace generic evidence for builtin.verify.verify_builtin_strategies.equality.verify_extremum_equality_with_builtin_strategy
builtin.verify.verify_builtin_strategies.equality.verify_finite_set_product_pointwise_equality_with_builtin_strategy	UncataloguedBuiltinRule::VerifyFiniteSetProductPointwiseEqualityWithBuiltinStrategy	dispatcher_or_search_helper	producer is an explicit builtin strategy/dispatcher boundary	evidence_gap	Codex	1	src/verification/builtin_strategies/equality.rs:72		inspect the exact producer Result and replace generic evidence for builtin.verify.verify_builtin_strategies.equality.verify_finite_set_product_pointwise_equality_with_builtin_strategy
builtin.verify.verify_builtin_strategies.equality.verify_mod_congruence_with_builtin_strategy	UncataloguedBuiltinRule::VerifyModCongruenceWithBuiltinStrategy	dispatcher_or_search_helper	producer is an explicit builtin strategy/dispatcher boundary	evidence_gap	Codex	1	src/verification/builtin_strategies/equality.rs:202		inspect the exact producer Result and replace generic evidence for builtin.verify.verify_builtin_strategies.equality.verify_mod_congruence_with_builtin_strategy
builtin.verify.verify_builtin_strategies.nonzero.verify_nonzero_product_with_builtin_strategy	UncataloguedBuiltinRule::VerifyNonzeroProductWithBuiltinStrategy	dispatcher_or_search_helper	producer is an explicit builtin strategy/dispatcher boundary	evidence_gap	Codex	1	src/verification/builtin_strategies/nonzero.rs:54		inspect the exact producer Result and replace generic evidence for builtin.verify.verify_builtin_strategies.nonzero.verify_nonzero_product_with_builtin_strategy
builtin.verify.verify_builtin_strategies.numeric_carrier.verify_numeric_carrier_with_builtin_strategy.01	UncataloguedBuiltinRule::VerifyNumericCarrierWithBuiltinStrategy01	dispatcher_or_search_helper	producer is an explicit builtin strategy/dispatcher boundary	evidence_gap	Codex	1	src/verification/builtin_strategies/numeric_carrier.rs:38		inspect the exact producer Result and replace generic evidence for builtin.verify.verify_builtin_strategies.numeric_carrier.verify_numeric_carrier_with_builtin_strategy.01
builtin.verify.verify_builtin_strategies.numeric_carrier.verify_numeric_carrier_with_builtin_strategy.02	UncataloguedBuiltinRule::VerifyNumericCarrierWithBuiltinStrategy02	dispatcher_or_search_helper	producer is an explicit builtin strategy/dispatcher boundary	evidence_gap	Codex	1	src/verification/builtin_strategies/numeric_carrier.rs:55		inspect the exact producer Result and replace generic evidence for builtin.verify.verify_builtin_strategies.numeric_carrier.verify_numeric_carrier_with_builtin_strategy.02
builtin.verify.verify_builtin_strategies.numeric_carrier.verify_numeric_carrier_with_builtin_strategy.03	UncataloguedBuiltinRule::VerifyNumericCarrierWithBuiltinStrategy03	dispatcher_or_search_helper	producer is an explicit builtin strategy/dispatcher boundary	evidence_gap	Codex	1	src/verification/builtin_strategies/numeric_carrier.rs:162		inspect the exact producer Result and replace generic evidence for builtin.verify.verify_builtin_strategies.numeric_carrier.verify_numeric_carrier_with_builtin_strategy.03
builtin.verify.verify_builtin_strategies.numeric_carrier.verify_positive_natural_carrier_strategy	UncataloguedBuiltinRule::VerifyPositiveNaturalCarrierStrategy	dispatcher_or_search_helper	producer is an explicit builtin strategy/dispatcher boundary	evidence_gap	Codex	1	src/verification/builtin_strategies/numeric_carrier.rs:418		inspect the exact producer Result and replace generic evidence for builtin.verify.verify_builtin_strategies.numeric_carrier.verify_positive_natural_carrier_strategy
builtin.verify.verify_builtin_strategies.numeric_sign.verify_additive_sign_with_builtin_strategy.01	UncataloguedBuiltinRule::VerifyAdditiveSignWithBuiltinStrategy01	dispatcher_or_search_helper	producer is an explicit builtin strategy/dispatcher boundary	evidence_gap	Codex	1	src/verification/builtin_strategies/numeric_sign.rs:22		inspect the exact producer Result and replace generic evidence for builtin.verify.verify_builtin_strategies.numeric_sign.verify_additive_sign_with_builtin_strategy.01
builtin.verify.verify_builtin_strategies.numeric_sign.verify_additive_sign_with_builtin_strategy.02	UncataloguedBuiltinRule::VerifyAdditiveSignWithBuiltinStrategy02	dispatcher_or_search_helper	producer is an explicit builtin strategy/dispatcher boundary	evidence_gap	Codex	1	src/verification/builtin_strategies/numeric_sign.rs:43		inspect the exact producer Result and replace generic evidence for builtin.verify.verify_builtin_strategies.numeric_sign.verify_additive_sign_with_builtin_strategy.02
builtin.verify.verify_builtin_strategies.numeric_sign.verify_additive_sign_with_builtin_strategy.03	UncataloguedBuiltinRule::VerifyAdditiveSignWithBuiltinStrategy03	dispatcher_or_search_helper	producer is an explicit builtin strategy/dispatcher boundary	evidence_gap	Codex	1	src/verification/builtin_strategies/numeric_sign.rs:74		inspect the exact producer Result and replace generic evidence for builtin.verify.verify_builtin_strategies.numeric_sign.verify_additive_sign_with_builtin_strategy.03
builtin.verify.verify_builtin_strategies.numeric_sign.verify_additive_sign_with_builtin_strategy.04	UncataloguedBuiltinRule::VerifyAdditiveSignWithBuiltinStrategy04	dispatcher_or_search_helper	producer is an explicit builtin strategy/dispatcher boundary	evidence_gap	Codex	1	src/verification/builtin_strategies/numeric_sign.rs:94		inspect the exact producer Result and replace generic evidence for builtin.verify.verify_builtin_strategies.numeric_sign.verify_additive_sign_with_builtin_strategy.04
builtin.verify.verify_builtin_strategies.set_membership.verify_one_layer_set_builder_membership_with_builtin_strategy_once	UncataloguedBuiltinRule::VerifyOneLayerSetBuilderMembershipWithBuiltinStrategyOnce	dispatcher_or_search_helper	producer is an explicit builtin strategy/dispatcher boundary	evidence_gap	Codex	1	src/verification/builtin_strategies/set_membership.rs:263		inspect the exact producer Result and replace generic evidence for builtin.verify.verify_builtin_strategies.set_membership.verify_one_layer_set_builder_membership_with_builtin_strategy_once
builtin.verify.verify_builtin_strategies.set_membership.verify_set_membership_with_builtin_strategy	UncataloguedBuiltinRule::VerifySetMembershipWithBuiltinStrategy	dispatcher_or_search_helper	producer is an explicit builtin strategy/dispatcher boundary	evidence_gap	Codex	1	src/verification/builtin_strategies/set_membership.rs:113		inspect the exact producer Result and replace generic evidence for builtin.verify.verify_builtin_strategies.set_membership.verify_set_membership_with_builtin_strategy
builtin.verify.verify_builtin_strategies.set_membership.verify_subset_with_builtin_strategy	UncataloguedBuiltinRule::VerifySubsetWithBuiltinStrategy	dispatcher_or_search_helper	producer is an explicit builtin strategy/dispatcher boundary	evidence_gap	Codex	1	src/verification/builtin_strategies/set_membership.rs:325		inspect the exact producer Result and replace generic evidence for builtin.verify.verify_builtin_strategies.set_membership.verify_subset_with_builtin_strategy
builtin.verify.verify_builtin_strategies.type_predicates.verify_is_finite_set_with_builtin_strategy	UncataloguedBuiltinRule::VerifyIsFiniteSetWithBuiltinStrategy	dispatcher_or_search_helper	producer is an explicit builtin strategy/dispatcher boundary	evidence_gap	Codex	1	src/verification/builtin_strategies/type_predicates.rs:103		inspect the exact producer Result and replace generic evidence for builtin.verify.verify_builtin_strategies.type_predicates.verify_is_finite_set_with_builtin_strategy
builtin.verify.verify_builtin_strategies.type_predicates.verify_is_nonempty_set_with_builtin_strategy.01	UncataloguedBuiltinRule::VerifyIsNonemptySetWithBuiltinStrategy01	dispatcher_or_search_helper	producer is an explicit builtin strategy/dispatcher boundary	evidence_gap	Codex	1	src/verification/builtin_strategies/type_predicates.rs:149		inspect the exact producer Result and replace generic evidence for builtin.verify.verify_builtin_strategies.type_predicates.verify_is_nonempty_set_with_builtin_strategy.01
builtin.verify.verify_builtin_strategies.type_predicates.verify_is_nonempty_set_with_builtin_strategy.02	UncataloguedBuiltinRule::VerifyIsNonemptySetWithBuiltinStrategy02	dispatcher_or_search_helper	producer is an explicit builtin strategy/dispatcher boundary	evidence_gap	Codex	1	src/verification/builtin_strategies/type_predicates.rs:173		inspect the exact producer Result and replace generic evidence for builtin.verify.verify_builtin_strategies.type_predicates.verify_is_nonempty_set_with_builtin_strategy.02
builtin.verify.verify_builtin_strategies.type_predicates.verify_is_nonempty_set_with_builtin_strategy.03	UncataloguedBuiltinRule::VerifyIsNonemptySetWithBuiltinStrategy03	dispatcher_or_search_helper	producer is an explicit builtin strategy/dispatcher boundary	evidence_gap	Codex	1	src/verification/builtin_strategies/type_predicates.rs:212		inspect the exact producer Result and replace generic evidence for builtin.verify.verify_builtin_strategies.type_predicates.verify_is_nonempty_set_with_builtin_strategy.03
builtin.verify.verify_builtin_strategies.type_predicates.verify_is_nonempty_set_with_builtin_strategy.04	UncataloguedBuiltinRule::VerifyIsNonemptySetWithBuiltinStrategy04	dispatcher_or_search_helper	producer is an explicit builtin strategy/dispatcher boundary	evidence_gap	Codex	1	src/verification/builtin_strategies/type_predicates.rs:227		inspect the exact producer Result and replace generic evidence for builtin.verify.verify_builtin_strategies.type_predicates.verify_is_nonempty_set_with_builtin_strategy.04
builtin.verify.verify_builtin_strategies.type_predicates.verify_is_nonempty_set_with_builtin_strategy.05	UncataloguedBuiltinRule::VerifyIsNonemptySetWithBuiltinStrategy05	dispatcher_or_search_helper	producer is an explicit builtin strategy/dispatcher boundary	evidence_gap	Codex	1	src/verification/builtin_strategies/type_predicates.rs:251		inspect the exact producer Result and replace generic evidence for builtin.verify.verify_builtin_strategies.type_predicates.verify_is_nonempty_set_with_builtin_strategy.05
builtin.verify.verify_builtin_strategies.type_predicates.verify_nonempty_constructor_strategy	UncataloguedBuiltinRule::VerifyNonemptyConstructorStrategy	dispatcher_or_search_helper	producer is an explicit builtin strategy/dispatcher boundary	evidence_gap	Codex	1	src/verification/builtin_strategies/type_predicates.rs:302		inspect the exact producer Result and replace generic evidence for builtin.verify.verify_builtin_strategies.type_predicates.verify_nonempty_constructor_strategy
